id,label
20800,1.0083278e-07
20801,0.9999999
20802,0.9999999
20803,2.0917849e-08
20804,1.0
20805,0.99999726
20806,4.215842e-07
20807,0.9999993
20808,0.9997198
20809,0.9999968
20810,0.9999945
20811,0.9999995
20812,0.9999994
20813,0.9999999
20814,1.0
20815,1.11231934e-07
20816,8.416671e-08
20817,6.821722e-09
20818,1.0
20819,9.153177e-06
20820,0.9999999
20821,0.99997616
20822,0.9999943
20823,0.99999976
20824,0.9999987
20825,3.647293e-07
20826,0.9999989
20827,1.4465568e-08
20828,1.2861054e-07
20829,0.9999969
20830,8.3752803e-07
20831,0.9999994
20832,5.520893e-08
20833,2.6821423e-08
20834,1.0
20835,5.6042252e-05
20836,1.6376407e-06
20837,0.99999976
20838,0.99999905
20839,1.3604031e-08
20840,3.618485e-07
20841,5.741554e-07
20842,0.9999982
20843,3.698812e-08
20844,1.8752571e-08
20845,0.9999913
20846,4.50615e-08
20847,1.956305e-06
20848,0.9999969
20849,0.9999752
20850,4.3023256e-08
20851,0.9999846
20852,1.3123221e-07
20853,0.99999595
20854,1.0
20855,2.0009092e-07
20856,0.9999999
20857,3.919089e-09
20858,2.6075205e-07
20859,1.7687213e-08
20860,0.9999994
20861,0.9999989
20862,0.9999999
20863,3.1450427e-09
20864,0.5464762
20865,0.9999999
20866,0.9999999
20867,0.9999995
20868,0.9999994
20869,4.303735e-09
20870,0.9999999
20871,0.99999464
20872,0.9999999
20873,1.17786115e-07
20874,1.2108036e-07
20875,8.7950235e-07
20876,4.7105125e-08
20877,1.8366647e-07
20878,0.99993813
20879,3.9636903e-09
20880,3.697046e-07
20881,0.99999964
20882,0.00017167331
20883,0.999995
20884,0.9999999
20885,1.0
20886,4.80384e-08
20887,2.640157e-07
20888,4.5845734e-08
20889,2.4005223e-08
20890,0.99999964
20891,1.2668702e-05
20892,3.241137e-07
20893,0.9999999
20894,0.9999999
20895,8.861687e-09
20896,2.3281222e-08
20897,3.4258116e-07
20898,0.9999975
20899,0.99999976
20900,7.726098e-06
20901,0.99999976
20902,4.609174e-09
20903,2.4590392e-07
20904,1.2608967e-07
20905,9.519833e-07
20906,0.9998716
20907,2.7580515e-07
20908,0.9999993
20909,0.9999999
20910,0.9857125
20911,0.9995989
20912,6.7955406e-09
20913,1.1944084e-06
20914,4.3873573e-08
20915,3.2291207e-09
20916,1.4410882e-07
20917,1.0
20918,2.1441784e-07
20919,0.9998939
20920,0.9999503
20921,0.007572714
20922,0.9999999
20923,8.387918e-07
20924,1.6028945e-08
20925,0.9999993
20926,0.99991775
20927,6.659416e-07
20928,0.9999981
20929,3.322046e-06
20930,0.99997735
20931,2.385411e-07
20932,0.99999464
20933,2.8367028e-08
20934,5.436157e-06
20935,3.755455e-08
20936,4.2852584e-08
20937,0.99999964
20938,1.0
20939,0.9999995
20940,0.99999857
20941,1.0367715e-08
20942,0.99999714
20943,0.99999905
20944,0.9999999
20945,3.8633206e-07
20946,1.0
20947,1.0
20948,1.525016e-07
20949,2.2117135e-08
20950,0.99998486
20951,1.600902e-05
20952,2.893138e-07
20953,0.9999982
20954,9.8936454e-08
20955,0.99999857
20956,3.71855e-05
20957,0.9999987
20958,5.111146e-08
20959,0.99999976
20960,1.0
20961,0.99999857
20962,0.9999993
20963,0.9999981
20964,1.394105e-07
20965,0.99999976
20966,1.1672443e-08
20967,0.99997294
20968,0.9999993
20969,5.227974e-08
20970,8.7990275e-06
20971,3.4866094e-05
20972,7.3775874e-09
20973,0.99999976
20974,3.615411e-08
20975,0.0017082992
20976,1.2302287e-07
20977,3.503813e-07
20978,3.1536085e-09
20979,3.614563e-08
20980,2.3979198e-06
20981,5.057092e-09
20982,2.1443904e-08
20983,0.9999993
20984,2.3633419e-08
20985,0.9999993
20986,0.9999993
20987,1.9190503e-08
20988,0.999982
20989,3.6256387e-07
20990,0.99999964
20991,5.3056354e-08
20992,3.368738e-08
20993,1.1158718e-08
20994,0.99999917
20995,1.0
20996,0.9999217
20997,0.9928396
20998,0.9999999
20999,6.1580155e-05
21000,1.3561206e-08
21001,0.9999896
21002,9.5214483e-07
21003,0.99999976
21004,0.99999857
21005,1.0
21006,0.9999999
21007,1.0
21008,1.22416015e-08
21009,1.1645451e-07
21010,9.4469374e-07
21011,0.9999994
21012,0.99999964
21013,4.1816172e-08
21014,0.9999994
21015,0.9999999
21016,0.9999994
21017,0.00014256257
21018,5.1953894e-08
21019,0.9999999
21020,2.3541684e-08
21021,0.9999993
21022,1.6463295e-08
21023,5.054654e-08
21024,0.9999994
21025,0.99999976
21026,1.0
21027,1.0
21028,3.3789945e-06
21029,4.310988e-07
21030,1.9654063e-08
21031,3.6595608e-07
21032,1.0
21033,0.99999917
21034,0.9999999
21035,1.0
21036,1.0
21037,0.9999995
21038,0.999997
21039,6.6082966e-09
21040,0.9999999
21041,0.9999455
21042,1.6078795e-08
21043,0.99999857
21044,1.0
21045,5.006516e-06
21046,2.7133271e-06
21047,0.9999999
21048,1.952408e-05
21049,0.9999944
21050,1.0
21051,0.99999964
21052,0.9999995
21053,7.801152e-08
21054,0.9999999
21055,2.3738728e-08
21056,9.735658e-07
21057,0.9999995
21058,0.99998784
21059,0.9999995
21060,9.712579e-06
21061,0.9999999
21062,1.0
21063,4.1306367e-09
21064,1.0
21065,1.0
21066,0.99999976
21067,0.99999833
21068,1.6481359e-08
21069,1.0
21070,6.90668e-08
21071,6.425331e-07
21072,0.9999999
21073,0.99999976
21074,1.3445145e-07
21075,1.1707609e-05
21076,5.229677e-09
21077,1.9736206e-07
21078,1.9491092e-06
21079,0.9999999
21080,0.9999993
21081,1.0
21082,0.0013269533
21083,0.9999999
21084,1.0
21085,1.4314878e-06
21086,4.8722914e-08
21087,0.9999995
21088,1.5456315e-07
21089,0.9999989
21090,6.6751596e-07
21091,0.99999404
21092,1.1416804e-06
21093,0.9999969
21094,0.9999994
21095,0.9999995
21096,0.99999976
21097,3.848886e-08
21098,0.9999995
21099,2.5193353e-07
21100,1.0226235e-07
21101,3.4768457e-09
21102,1.0
21103,0.9999999
21104,0.9999975
21105,3.9196086e-05
21106,0.9999999
21107,0.9999999
21108,4.712023e-07
21109,7.406532e-06
21110,1.9746487e-07
21111,0.99999845
21112,0.9999999
21113,8.027506e-08
21114,3.927642e-09
21115,0.9999999
21116,8.831956e-09
21117,0.9999747
21118,2.5987148e-07
21119,0.9999783
21120,1.579923e-08
21121,2.981032e-08
21122,1.5870631e-08
21123,1.0
21124,9.5762545e-08
21125,0.9999188
21126,0.9999989
21127,2.1810725e-07
21128,8.1220355e-09
21129,0.9999999
21130,0.99999964
21131,0.005414467
21132,0.9999989
21133,0.9999999
21134,1.4781779e-07
21135,0.9999999
21136,0.99999845
21137,2.1148998e-09
21138,4.402108e-09
21139,5.993913e-07
21140,0.99999976
21141,1.5245151e-08
21142,0.9999993
21143,5.764276e-09
21144,0.99999917
21145,3.2498156e-07
21146,2.6868413e-05
21147,0.9968304
21148,3.9626943e-06
21149,1.0
21150,1.2183511e-07
21151,5.580642e-07
21152,0.9999827
21153,1.0
21154,1.3765021e-05
21155,0.99995553
21156,0.99999917
21157,0.0033635693
21158,3.1287797e-07
21159,7.4022523e-06
21160,0.99999976
21161,0.0005542263
21162,0.9999999
21163,0.9999982
21164,0.9999958
21165,1.4985719e-07
21166,0.9999473
21167,0.99999845
21168,2.3772671e-07
21169,4.0873456e-08
21170,1.0374816e-06
21171,0.99856216
21172,5.242763e-07
21173,2.6956031e-06
21174,0.99996567
21175,7.235706e-09
21176,0.99999964
21177,0.99999964
21178,2.8769787e-07
21179,1.4819594e-06
21180,7.8142773e-07
21181,0.99999535
21182,0.9999999
21183,3.958464e-08
21184,0.99993646
21185,0.9996784
21186,2.0067937e-05
21187,0.9999964
21188,1.701929e-09
21189,6.0774204e-07
21190,1.0
21191,0.9999999
21192,2.6565653e-05
21193,0.99999964
21194,3.969264e-05
21195,1.0
21196,0.99994314
21197,5.623245e-09
21198,8.162525e-07
21199,3.4205023e-08
21200,7.750441e-09
21201,4.6961322e-08
21202,8.432691e-08
21203,1.1606418e-06
21204,0.99999964
21205,2.0252523e-07
21206,9.466457e-08
21207,0.9999993
21208,6.580981e-06
21209,2.5714954e-07
21210,0.5281191
21211,1.7800545e-07
21212,6.406205e-08
21213,8.135404e-08
21214,0.0016590166
21215,3.699603e-07
21216,2.2037845e-08
21217,2.056474e-08
21218,0.9999999
21219,2.67081e-06
21220,3.481089e-06
21221,1.2142357e-07
21222,0.9999993
21223,1.2101013e-08
21224,0.9999993
21225,1.0
21226,3.80271e-08
21227,0.99999905
21228,4.0199237e-07
21229,3.200585e-08
21230,5.688101e-08
21231,0.9999999
21232,1.2754551e-08
21233,0.9999999
21234,1.1769976e-05
21235,1.0304946e-07
21236,2.038244e-07
21237,0.99999917
21238,0.99995625
21239,3.7396765e-06
21240,1.0
21241,1.4408201e-07
21242,0.999984
21243,7.443796e-07
21244,3.1047946e-08
21245,1.0
21246,2.0382647e-08
21247,0.9999999
21248,3.3977752e-09
21249,2.5385491e-08
21250,1.0
21251,1.0
21252,0.9999999
21253,1.0
21254,0.00073287345
21255,2.0930227e-07
21256,6.909923e-05
21257,0.008551285
21258,0.9999999
21259,2.1370122e-08
21260,2.893612e-08
21261,6.7793025e-07
21262,6.334868e-08
21263,9.628562e-08
21264,1.2403917e-08
21265,2.8002933e-07
21266,0.00033331529
21267,2.9447267e-07
21268,5.01853e-07
21269,1.4594873e-05
21270,0.9999995
21271,2.4209155e-07
21272,5.3203803e-07
21273,9.7595025e-09
21274,0.99999976
21275,0.000126497
21276,0.99999475
21277,0.9999999
21278,3.005642e-06
21279,0.9999999
21280,0.99990237
21281,0.10542857
21282,0.9999999
21283,2.4248666e-07
21284,5.0565923e-08
21285,3.005471e-07
21286,1.0
21287,1.0
21288,9.564367e-09
21289,1.1688275e-07
21290,2.3145197e-09
21291,4.3674354e-05
21292,1.1457303e-06
21293,0.99999976
21294,5.9127373e-08
21295,8.6963234e-07
21296,6.036701e-06
21297,0.9999988
21298,0.9999999
21299,1.0
21300,0.99999964
21301,7.087247e-09
21302,4.8127273e-08
21303,1.0
21304,0.9974141
21305,1.0
21306,2.5611936e-08
21307,9.554049e-07
21308,4.6976375e-08
21309,9.430177e-07
21310,0.9999999
21311,0.9999999
21312,1.0
21313,3.942242e-08
21314,9.773585e-09
21315,0.99999976
21316,2.6161905e-08
21317,2.8422972e-08
21318,1.9586178e-06
21319,1.4354256e-08
21320,3.4508668e-07
21321,3.5649375e-08
21322,0.99997115
21323,0.9999999
21324,0.00020877337
21325,0.9999902
21326,3.8158123e-05
21327,4.6082334e-09
21328,1.0
21329,0.99999976
21330,0.9999989
21331,0.99999976
21332,6.6344676e-08
21333,0.9999864
21334,0.9999999
21335,0.00017148012
21336,0.99999976
21337,1.2159832e-07
21338,0.9999999
21339,3.5731653e-06
21340,0.99999964
21341,0.9999999
21342,0.99999964
21343,4.4262833e-05
21344,1.3601202e-08
21345,0.9999995
21346,3.8902397e-07
21347,4.7057134e-07
21348,0.99999785
21349,4.1997538e-08
21350,1.9173864e-07
21351,1.0
21352,4.4934286e-06
21353,0.9999987
21354,1.0
21355,1.1032776e-06
21356,0.99999964
21357,8.353844e-09
21358,2.4696805e-08
21359,0.9999974
21360,1.689791e-07
21361,0.99999857
21362,5.3433864e-06
21363,2.9860348e-07
21364,0.9999993
21365,0.12687586
21366,8.729547e-06
21367,0.99999416
21368,0.9999068
21369,9.320653e-08
21370,0.9999999
21371,4.9280897e-07
21372,0.9999913
21373,5.6538956e-09
21374,7.1991457e-07
21375,1.0556443e-08
21376,0.11452356
21377,0.9999999
21378,1.5544678e-08
21379,0.9998914
21380,5.780116e-07
21381,1.0516114e-07
21382,1.0
21383,0.9999995
21384,6.6590286e-07
21385,0.9999839
21386,0.99427974
21387,0.999998
21388,5.3699786e-08
21389,1.0
21390,0.99999964
21391,0.99998975
21392,1.8412103e-07
21393,2.0196119e-06
21394,2.4741175e-07
21395,6.2989853e-09
21396,7.8696644e-07
21397,2.9562827e-08
21398,7.748268e-09
21399,6.452744e-08
21400,1.0
21401,2.3472448e-06
21402,0.9999989
21403,1.0
21404,5.2755038e-08
21405,1.4569216e-07
21406,2.8123788e-08
21407,0.99998903
21408,3.1056056e-06
21409,6.588326e-08
21410,0.99999976
21411,0.9999989
21412,1.0252387e-07
21413,3.5157314e-08
21414,3.102203e-07
21415,0.99999774
21416,1.0
21417,0.0018143549
21418,9.412729e-07
21419,0.9999976
21420,0.9999999
21421,6.7573757e-07
21422,0.99999976
21423,6.6616906e-07
21424,2.3678629e-08
21425,8.359857e-08
21426,0.9999999
21427,2.5609523e-07
21428,0.9999987
21429,1.2570642e-07
21430,0.00025977448
21431,0.99999964
21432,6.761438e-08
21433,0.9999999
21434,6.02855e-07
21435,6.418517e-05
21436,0.0006114076
21437,0.99985576
21438,4.431367e-08
21439,0.99997973
21440,2.737433e-05
21441,0.9999999
21442,0.99997354
21443,0.4367948
21444,4.404546e-08
21445,1.0
21446,0.99999714
21447,3.0137738e-08
21448,0.99999356
21449,0.9999999
21450,0.99999976
21451,0.99999976
21452,4.399179e-09
21453,0.99999964
21454,3.924542e-09
21455,0.82665044
21456,7.4207463e-07
21457,0.99999964
21458,5.766324e-07
21459,3.8344882e-07
21460,0.99999976
21461,0.99999845
21462,1.8703812e-06
21463,0.99999917
21464,3.4286803e-08
21465,1.3129235e-06
21466,6.589658e-07
21467,6.456031e-08
21468,0.9999933
21469,1.5420906e-07
21470,1.07342274e-07
21471,0.99999917
21472,0.00026817073
21473,5.1832444e-08
21474,8.5909285e-08
21475,2.4963583e-07
21476,0.9999999
21477,0.9999994
21478,4.3352153e-09
21479,0.99999785
21480,1.0
21481,1.0896568e-08
21482,1.0
21483,3.1608483e-08
21484,2.0555328e-05
21485,0.9999999
21486,0.000617559
21487,0.9999993
21488,0.99999774
21489,3.2009392e-08
21490,0.024223547
21491,2.7755872e-08
21492,0.9999999
21493,0.9999999
21494,8.4786556e-08
21495,9.108394e-07
21496,0.99999976
21497,7.359506e-06
21498,1.0
21499,7.0966486e-09
21500,1.6562511e-07
21501,1.7617888e-08
21502,3.0853653e-09
21503,0.99999106
21504,0.9999708
21505,0.9999999
21506,0.9999999
21507,4.1062677e-07
21508,9.9530535e-09
21509,0.8318161
21510,1.35904665e-08
21511,0.9999993
21512,1.8647371e-06
21513,0.99999964
21514,5.390163e-07
21515,3.2190481e-09
21516,0.9999999
21517,0.9999999
21518,2.1611972e-07
21519,0.95536214
21520,0.99988186
21521,5.399391e-09
21522,0.9999988
21523,0.99999976
21524,0.9999999
21525,3.7473606e-09
21526,3.0067215e-09
21527,5.523179e-07
21528,0.99990535
21529,1.3133247e-08
21530,7.065754e-07
21531,5.389511e-07
21532,1.8383515e-08
21533,3.391688e-07
21534,3.47712e-07
21535,4.534551e-08
21536,1.5991375e-07
21537,1.0
21538,0.9999989
21539,5.5359167e-05
21540,0.9999999
21541,0.99999344
21542,3.92995e-09
21543,1.037238e-05
21544,0.99999774
21545,2.8768055e-08
21546,3.3177955e-08
21547,0.00081039465
21548,0.00012559102
21549,8.293208e-07
21550,0.99999976
21551,0.99962175
21552,1.0
21553,0.9999987
21554,4.8388546e-07
21555,0.99999964
21556,8.109529e-09
21557,1.2471931e-08
21558,1.0
21559,0.9999995
21560,3.6727936e-08
21561,8.774417e-08
21562,1.2936814e-05
21563,4.30312e-06
21564,0.9999999
21565,0.9999988
21566,2.4276646e-06
21567,1.0
21568,5.3257406e-08
21569,3.5601197e-08
21570,9.9833834e-08
21571,0.99999905
21572,1.15822045e-08
21573,0.99995756
21574,6.514809e-05
21575,7.805458e-07
21576,5.1349195e-07
21577,0.9991918
21578,0.9999567
21579,0.99999654
21580,0.9999999
21581,0.9999969
21582,1.0
21583,1.0
21584,1.0
21585,1.0
21586,1.6684118e-05
21587,8.302307e-06
21588,6.2502874e-09
21589,1.0975437e-08
21590,9.581516e-08
21591,7.4270456e-09
21592,6.9745244e-07
21593,0.9999945
21594,0.9999999
21595,2.2443198e-06
21596,1.16460846e-07
21597,1.0
21598,3.9911924e-08
21599,0.9999999
21600,1.3169694e-08
21601,3.6998006e-06
21602,0.99999917
21603,0.99999964
21604,7.815789e-09
21605,1.814444e-08
21606,4.3226098e-07
21607,0.9999815
21608,2.4519906e-07
21609,0.9999999
21610,1.0
21611,0.9999994
21612,0.9999939
21613,2.3411232e-07
21614,0.99999917
21615,1.5189824e-05
21616,9.191245e-09
21617,3.6961656e-09
21618,0.99999917
21619,1.5095621e-06
21620,1.0394743e-08
21621,0.9999999
21622,5.000876e-08
21623,0.9999975
21624,0.9999988
21625,1.235151e-07
21626,0.9999893
21627,0.999995
21628,0.9999999
21629,1.0
21630,5.645649e-07
21631,0.99999976
21632,0.003069284
21633,1.0
21634,3.162903e-05
21635,0.99999964
21636,7.933603e-07
21637,0.9999999
21638,1.5765117e-06
21639,0.9999999
21640,0.9999957
21641,0.9999999
21642,2.478326e-07
21643,9.9340724e-08
21644,1.4624204e-06
21645,0.99999726
21646,1.1918318e-07
21647,2.7195673e-08
21648,5.0220484e-07
21649,0.9999937
21650,1.0
21651,0.99999857
21652,0.99999547
21653,3.282481e-07
21654,0.99999857
21655,3.151405e-05
21656,0.9999715
21657,0.9999958
21658,0.9999999
21659,2.3466265e-07
21660,0.00021240479
21661,0.99999213
21662,2.5261297e-06
21663,0.9999976
21664,1.0566636e-08
21665,0.9999999
21666,0.00039105228
21667,0.9999999
21668,1.0
21669,2.5619689e-09
21670,0.9999999
21671,4.1841857e-05
21672,5.573244e-08
21673,0.98923486
21674,4.848999e-07
21675,2.270285e-07
21676,1.05266494e-07
21677,1.0
21678,0.99999976
21679,7.908235e-09
21680,2.4090722e-08
21681,0.9999999
21682,0.9999962
21683,1.0
21684,0.9999995
21685,0.9999995
21686,0.99999547
21687,0.9999982
21688,0.9997743
21689,0.9999982
21690,1.0
21691,8.7899673e-07
21692,0.99999976
21693,1.758873e-05
21694,0.048281416
21695,0.9999993
21696,1.9688637e-06
21697,9.110265e-08
21698,7.2047236e-08
21699,0.9999999
21700,0.99999785
21701,2.8642075e-08
21702,3.3487845e-06
21703,3.411176e-05
21704,2.4449833e-09
21705,1.0
21706,7.0043666e-07
21707,0.9999999
21708,0.9999969
21709,0.99999964
21710,3.938612e-08
21711,3.999154e-09
21712,1.0
21713,1.0
21714,0.9999995
21715,0.9999995
21716,0.00049035234
21717,1.231906e-08
21718,0.9998864
21719,3.919636e-08
21720,3.187515e-07
21721,0.9999999
21722,0.9999999
21723,0.9999994
21724,2.7697418e-09
21725,0.9958405
21726,0.99999833
21727,1.8400883e-06
21728,2.8447923e-08
21729,0.99996114
21730,0.9999913
21731,5.707322e-09
21732,0.99999964
21733,0.9999999
21734,2.271468e-06
21735,0.0008069525
21736,4.2237176e-07
21737,6.4817e-07
21738,0.99999774
21739,7.0747087e-06
21740,0.9999993
21741,1.0
21742,0.9999969
21743,0.99985754
21744,0.99999976
21745,1.0151655e-06
21746,0.9999969
21747,1.0
21748,0.99999964
21749,0.99999714
21750,0.9999994
21751,1.9505503e-08
21752,1.0507588e-08
21753,0.9999995
21754,3.6948958e-07
21755,0.00011128627
21756,0.9999999
21757,0.999997
21758,9.049943e-08
21759,5.765906e-08
21760,0.9999993
21761,2.3104453e-08
21762,0.9999988
21763,0.9999999
21764,1.5623887e-06
21765,0.99943477
21766,0.9999999
21767,5.9621437e-09
21768,1.3747571e-08
21769,0.9999999
21770,1.6217578e-08
21771,5.0778337e-09
21772,1.9634624e-07
21773,4.605521e-07
21774,0.9999999
21775,5.843829e-08
21776,2.9554988e-08
21777,6.17717e-06
21778,0.9999963
21779,0.0010867884
21780,3.2488295e-08
21781,4.4042014e-08
21782,1.0
21783,0.9934876
21784,0.9999993
21785,1.0
21786,1.5034558e-07
21787,1.4231816e-07
21788,1.8231574e-07
21789,1.0
21790,0.9999945
21791,1.632727e-07
21792,0.00020276355
21793,1.14897624e-07
21794,1.0
21795,5.0592976e-06
21796,0.99999976
21797,1.1150197e-05
21798,0.99999976
21799,6.9431714e-09
21800,1.0979333e-07
21801,0.9999974
21802,0.99999774
21803,0.9999999
21804,1.948855e-07
21805,1.2220256e-08
21806,1.0
21807,1.0
21808,0.9999995
21809,0.9999989
21810,0.94817245
21811,0.99999845
21812,3.2979084e-08
21813,1.18156926e-07
21814,0.9999993
21815,1.0682458e-06
21816,0.9999999
21817,2.806801e-07
21818,0.99999976
21819,2.7269014e-08
21820,1.44492915e-05
21821,0.9999999
21822,1.0802405e-05
21823,4.812278e-08
21824,1.0
21825,3.80617e-09
21826,0.9999999
21827,0.9999994
21828,0.9999999
21829,0.99999225
21830,1.0
21831,0.99999905
21832,0.041525736
21833,0.9910487
21834,0.9999969
21835,1.0
21836,5.0426827e-09
21837,1.0
21838,2.9848086e-09
21839,1.0
21840,0.99999976
21841,0.99983966
21842,5.74563e-08
21843,8.833742e-07
21844,0.9999999
21845,0.000118672164
21846,1.1348112e-06
21847,0.9999999
21848,1.0
21849,0.99999976
21850,0.9999994
21851,0.99986315
21852,3.09171e-09
21853,0.9999995
21854,0.99999964
21855,0.9999957
21856,2.607839e-09
21857,0.99999917
21858,6.5748704e-06
21859,1.8957094e-07
21860,4.2740837e-08
21861,0.9999994
21862,0.9999964
21863,0.9999999
21864,6.631317e-08
21865,1.0
21866,0.99999666
21867,3.9397992e-08
21868,1.899513e-08
21869,1.0
21870,0.99999964
21871,6.8643914e-08
21872,1.0290584e-08
21873,0.9999995
21874,0.9999999
21875,0.9999982
21876,2.9803031e-09
21877,9.956718e-07
21878,1.0
21879,0.9999999
21880,6.618973e-05
21881,0.9999943
21882,0.9999999
21883,8.056641e-06
21884,0.99999976
21885,3.441726e-08
21886,9.957767e-08
21887,7.8945696e-08
21888,0.9999999
21889,1.5315596e-08
21890,0.4111859
21891,3.423159e-08
21892,2.686939e-09
21893,8.31329e-07
21894,2.8182427e-08
21895,1.0
21896,1.0
21897,4.0068326e-06
21898,1.3752685e-08
21899,0.9999994
21900,5.815731e-08
21901,0.9999988
21902,1.0
21903,0.9999999
21904,0.99997985
21905,1.0
21906,0.99999964
21907,0.999966
21908,0.9999982
21909,6.232208e-08
21910,0.99999833
21911,1.4151729e-08
21912,2.4412849e-08
21913,1.8454256e-06
21914,0.9999999
21915,0.9999999
21916,1.8377383e-06
21917,1.4465597e-08
21918,3.4247444e-06
21919,7.1341044e-09
21920,2.5703235e-07
21921,0.9999057
21922,3.5377047e-07
21923,9.628926e-09
21924,1.536924e-07
21925,2.6035076e-07
21926,6.6368344e-08
21927,1.0
21928,0.99999833
21929,0.9999995
21930,1.0
21931,0.99999964
21932,0.9999945
21933,0.99936074
21934,0.9999993
21935,1.9798312e-05
21936,0.99999905
21937,1.5217428e-07
21938,0.99999964
21939,0.99999964
21940,0.9999229
21941,5.6307712e-08
21942,1.4198874e-06
21943,1.0
21944,0.99999976
21945,0.99999905
21946,0.9999999
21947,0.99999976
21948,4.2110218e-09
21949,6.264696e-08
21950,1.0
21951,0.99999976
21952,2.3696096e-07
21953,4.7033396e-08
21954,1.0
21955,1.0
21956,7.834986e-08
21957,1.0
21958,1.432417e-08
21959,2.9325762e-09
21960,0.9999994
21961,5.7561374e-07
21962,5.207021e-07
21963,2.489673e-07
21964,1.713927e-05
21965,0.9999994
21966,0.9999999
21967,5.8814202e-09
21968,0.99999964
21969,0.99999976
21970,1.1060277e-07
21971,0.99999964
21972,3.783704e-08
21973,2.1551536e-08
21974,0.9999919
21975,0.99999785
21976,0.9999968
21977,1.0158758e-07
21978,0.99999785
21979,3.3342065e-08
21980,1.7580969e-07
21981,0.9999988
21982,5.5032388e-09
21983,5.174804e-07
21984,0.99999976
21985,0.99999607
21986,3.1183545e-09
21987,0.9996407
21988,3.1716715e-07
21989,2.3946694e-07
21990,0.99999917
21991,0.0005323496
21992,0.9999999
21993,0.9999987
21994,0.99999976
21995,1.0
21996,1.700991e-07
21997,2.4200297e-06
21998,1.9021307e-08
21999,2.3075692e-08
22000,0.9999994
22001,0.9999999
22002,1.0
22003,0.99999976
22004,0.9999999
22005,0.99996495
22006,0.9999993
22007,2.4130076e-09
22008,2.9623737e-07
22009,0.0005973624
22010,6.2052766e-07
22011,0.9999999
22012,0.0003481645
22013,2.3823732e-08
22014,0.00020197204
22015,1.9517567e-07
22016,1.510475e-07
22017,7.738196e-09
22018,3.3068968e-08
22019,1.0
22020,0.99999976
22021,0.99999833
22022,5.2414133e-08
22023,1.0
22024,2.4618902e-07
22025,1.4512855e-08
22026,0.9999938
22027,0.9999969
22028,2.458987e-08
22029,0.9986412
22030,1.0
22031,0.9999883
22032,7.835226e-08
22033,0.9999964
22034,1.0
22035,8.9377346e-07
22036,1.5475777e-08
22037,6.790076e-07
22038,0.9999999
22039,8.3795726e-08
22040,4.9359727e-08
22041,1.0
22042,0.9999999
22043,0.00017361299
22044,5.2000185e-08
22045,0.99999964
22046,1.0
22047,9.6758754e-08
22048,2.246749e-08
22049,1.0
22050,1.5278913e-05
22051,1.5414296e-08
22052,2.6448927e-07
22053,3.5136335e-08
22054,0.99999964
22055,0.999987
22056,0.9999995
22057,0.9999999
22058,0.9999999
22059,0.99999225
22060,1.0294259e-07
22061,0.9993605
22062,0.9999987
22063,1.7472725e-07
22064,1.6054585e-08
22065,0.9999993
22066,1.0
22067,2.3982892e-08
22068,0.9999987
22069,0.9999999
22070,1.0
22071,0.9999999
22072,8.801101e-08
22073,3.1085573e-08
22074,0.97758216
22075,3.19216e-07
22076,1.9191784e-08
22077,1.13538094e-08
22078,4.0273562e-07
22079,8.043876e-08
22080,4.717533e-09
22081,0.9999999
22082,4.818218e-09
22083,1.2819496e-06
22084,6.1904814e-07
22085,0.9999994
22086,0.99999475
22087,0.99999964
22088,3.2062e-08
22089,1.0
22090,0.99999607
22091,9.501895e-08
22092,0.99999976
22093,0.99999917
22094,3.208769e-06
22095,4.2091184e-09
22096,0.99999976
22097,2.9317889e-08
22098,6.0756634e-06
22099,1.4322318e-07
22100,9.656827e-09
22101,2.7042669e-08
22102,0.9999813
22103,4.0136367e-08
22104,0.99999785
22105,6.612516e-07
22106,1.7572415e-08
22107,2.1284981e-08
22108,1.0
22109,2.5424692e-05
22110,0.9999994
22111,0.9999999
22112,1.0
22113,0.9999958
22114,5.7417516e-08
22115,0.99999964
22116,2.97487e-07
22117,1.7254207e-08
22118,9.10581e-05
22119,7.1414874e-08
22120,0.99999535
22121,0.99999964
22122,0.9999999
22123,0.99999714
22124,2.1455038e-07
22125,4.5309374e-08
22126,0.99999833
22127,0.9999999
22128,9.714522e-07
22129,1.3902643e-06
22130,0.9999994
22131,0.99999845
22132,1.9163133e-07
22133,1.0
22134,1.4244451e-08
22135,7.728803e-08
22136,8.237375e-06
22137,2.6027406e-06
22138,5.9600666e-08
22139,9.499684e-08
22140,2.388497e-08
22141,2.0254562e-08
22142,0.9999993
22143,2.6289397e-09
22144,0.9999994
22145,1.2394173e-08
22146,0.9999989
22147,0.99999964
22148,0.054026943
22149,0.99999857
22150,1.2349814e-07
22151,4.3104986e-08
22152,1.0
22153,4.3761247e-08
22154,9.8141996e-08
22155,0.9999987
22156,2.7130652e-08
22157,0.99999976
22158,0.9999999
22159,0.99999976
22160,0.99999964
22161,0.9999962
22162,2.8746774e-06
22163,4.977922e-06
22164,1.3037058e-05
22165,0.9999993
22166,1.0
22167,3.4198944e-09
22168,0.9999999
22169,1.0
22170,1.7614594e-08
22171,4.3693237e-07
22172,0.9999974
22173,1.6810402e-08
22174,0.99910045
22175,1.7403204e-08
22176,1.9905953e-07
22177,0.0016233643
22178,1.0
22179,3.1826996e-08
22180,1.0421423e-06
22181,1.0
22182,1.156766e-07
22183,2.8269244e-07
22184,0.9999994
22185,0.00013578466
22186,1.0
22187,1.2730457e-07
22188,1.1803436e-08
22189,1.1358228e-08
22190,0.030290842
22191,2.5014911e-08
22192,0.9999999
22193,0.9999975
22194,3.5667398e-08
22195,1.0
22196,4.2417207e-07
22197,0.9999999
22198,0.9999974
22199,8.84126e-07
22200,1.4064354e-08
22201,3.8735354e-08
22202,4.92917e-06
22203,0.99999654
22204,0.9999999
22205,9.263265e-08
22206,4.940899e-07
22207,1.17994894e-07
22208,0.999998
22209,0.9999994
22210,5.5666726e-07
22211,0.9999999
22212,0.9999939
22213,1.0
22214,0.99999917
22215,2.469333e-06
22216,3.926764e-06
22217,0.9999995
22218,5.6413175e-08
22219,0.99999964
22220,0.0013990314
22221,0.9982229
22222,0.99999905
22223,1.0
22224,0.9999999
22225,0.9999969
22226,7.1975944e-07
22227,1.9689764e-06
22228,1.0
22229,0.99999726
22230,0.999998
22231,0.99999964
22232,1.7037193e-08
22233,2.0356101e-09
22234,0.49405503
22235,9.015474e-07
22236,0.9999999
22237,0.9999999
22238,0.99999976
22239,0.9999999
22240,2.5490875e-08
22241,4.99328e-08
22242,0.99999976
22243,1.547938e-08
22244,0.99999726
22245,0.99999774
22246,0.00051520875
22247,8.285234e-08
22248,0.99999964
22249,9.4046845e-06
22250,0.999998
22251,6.4730683e-09
22252,0.9999999
22253,4.4794703e-07
22254,8.623365e-09
22255,9.112242e-09
22256,0.9999757
22257,2.1576545e-08
22258,0.9999969
22259,0.9999888
22260,0.9998647
22261,1.10743564e-07
22262,0.9999999
22263,1.0251619e-08
22264,0.9999994
22265,0.99999976
22266,2.2894489e-09
22267,9.9360595e-06
22268,0.9999999
22269,0.9999994
22270,4.5079897e-08
22271,7.481228e-09
22272,0.99999976
22273,0.99999976
22274,2.6775325e-07
22275,0.99999857
22276,0.9999995
22277,8.0493855e-08
22278,0.99999917
22279,0.9999999
22280,1.2341096e-08
22281,2.9271876e-06
22282,0.9999945
22283,0.9998847
22284,3.7062242e-07
22285,0.99999523
22286,0.9999995
22287,9.6565174e-08
22288,2.609742e-06
22289,0.9999999
22290,9.1442125e-08
22291,1.3533583e-08
22292,1.0492529e-08
22293,2.1196016e-08
22294,2.874697e-07
22295,0.9999999
22296,3.981049e-09
22297,4.6234486e-08
22298,7.2074846e-07
22299,0.9999981
22300,0.9999999
22301,1.0
22302,1.4470563e-08
22303,0.9995122
22304,0.99999225
22305,0.9999999
22306,0.9999995
22307,0.9999988
22308,3.3021507e-08
22309,7.990828e-08
22310,0.00012364687
22311,9.00347e-09
22312,4.9977305e-05
22313,0.9999981
22314,1.0
22315,0.99999964
22316,0.9999851
22317,4.3458354e-07
22318,5.9032143e-08
22319,0.99999833
22320,3.3955328e-07
22321,1.0
22322,0.003340469
22323,1.0
22324,4.219407e-09
22325,0.9999993
22326,0.9999994
22327,4.0968135e-07
22328,1.0
22329,1.0
22330,0.99999905
22331,0.9999969
22332,3.8426074e-06
22333,0.9998361
22334,0.9999999
22335,8.686561e-08
22336,1.6903115e-07
22337,4.2648164e-08
22338,0.99999285
22339,0.042277053
22340,1.0629025e-06
22341,1.7270505e-08
22342,0.9999999
22343,7.0233035e-08
22344,7.4539805e-09
22345,9.8567845e-08
22346,4.2757855e-09
22347,0.99999905
22348,8.996557e-08
22349,5.0827737e-07
22350,0.9999964
22351,1.0771145e-07
22352,1.0
22353,1.0
22354,1.0
22355,8.507427e-06
22356,0.99999917
22357,0.99999297
22358,0.9999995
22359,0.9999999
22360,0.9999933
22361,7.900576e-09
22362,1.6292292e-05
22363,3.8630287e-08
22364,0.99999964
22365,0.9999999
22366,0.9999999
22367,6.6432676e-08
22368,4.9695217e-07
22369,7.8475345e-08
22370,1.0
22371,0.9999999
22372,0.9999993
22373,0.99999857
22374,4.3693355e-08
22375,6.0963043e-07
22376,1.9681448e-08
22377,0.9999995
22378,0.9999995
22379,0.9998975
22380,2.865139e-06
22381,1.0
22382,0.9999999
22383,0.9999989
22384,7.93112e-09
22385,0.99999785
22386,1.0
22387,0.9999999
22388,1.14665774e-07
22389,0.99999964
22390,2.126838e-06
22391,0.999956
22392,5.6131856e-08
22393,1.0
22394,2.5023175e-07
22395,1.0
22396,1.8758078e-08
22397,0.9999999
22398,7.8737485e-06
22399,0.9999993
22400,4.1575103e-09
22401,0.9999999
22402,3.794263e-08
22403,0.9999999
22404,0.9999167
22405,0.9999994
22406,1.0
22407,0.9999949
22408,8.793262e-07
22409,7.2848746e-07
22410,1.5093519e-06
22411,5.181087e-09
22412,0.9999999
22413,1.25895685e-08
22414,1.0
22415,0.9999999
22416,1.4214706e-08
22417,0.99999666
22418,1.0
22419,0.99999976
22420,2.8822157e-07
22421,2.751368e-07
22422,2.749568e-08
22423,1.1446032e-06
22424,1.2372932e-07
22425,0.99999976
22426,8.83934e-08
22427,1.0
22428,0.9999964
22429,1.1823625e-08
22430,2.5833891e-08
22431,0.99999976
22432,0.9999385
22433,0.99999833
22434,0.9999999
22435,0.9999999
22436,3.5627662e-07
22437,2.6637315e-09
22438,1.0
22439,0.00028650914
22440,0.9999949
22441,1.0
22442,1.0
22443,5.552257e-07
22444,0.99999976
22445,3.288148e-08
22446,1.1160794e-06
22447,0.9999999
22448,1.0
22449,0.9999999
22450,0.9999999
22451,0.9999999
22452,3.6920707e-07
22453,1.2470861e-08
22454,0.9999993
22455,0.9999988
22456,0.9999999
22457,5.754107e-08
22458,1.9474832e-08
22459,8.435087e-07
22460,1.6625048e-08
22461,0.9999993
22462,5.698389e-07
22463,3.738622e-05
22464,2.4332657e-08
22465,0.9996032
22466,1.0
22467,0.99999666
22468,8.2574263e-07
22469,7.71359e-08
22470,9.585634e-07
22471,0.9999999
22472,1.34237e-09
22473,0.9999999
22474,3.500329e-08
22475,0.9999999
22476,0.9999968
22477,0.9999994
22478,1.0
22479,2.765798e-07
22480,0.9999999
22481,0.9999995
22482,0.9999999
22483,7.374101e-08
22484,1.0
22485,1.1471506e-08
22486,0.9999999
22487,8.5475185e-05
22488,9.789042e-07
22489,2.0731841e-08
22490,8.672323e-08
22491,1.0
22492,1.0172422e-05
22493,1.4064413e-07
22494,0.9999999
22495,2.4363912e-08
22496,1.2457925e-06
22497,8.814457e-08
22498,1.0
22499,6.016165e-09
22500,3.877176e-05
22501,2.1587273e-07
22502,2.2809583e-09
22503,2.1936902e-08
22504,9.1975405e-09
22505,9.007319e-07
22506,0.9999994
22507,0.9998865
22508,0.99999356
22509,1.0
22510,0.9999993
22511,2.9535572e-06
22512,8.3449105e-09
22513,0.0056437226
22514,1.0
22515,2.0423041e-08
22516,1.0
22517,0.9999999
22518,3.612392e-08
22519,0.9999988
22520,8.330347e-08
22521,0.99999964
22522,0.9999969
22523,6.2787876e-07
22524,0.99999464
22525,9.385643e-08
22526,3.391688e-07
22527,0.9999994
22528,7.921824e-06
22529,0.99999833
22530,0.99999976
22531,1.0
22532,0.9999999
22533,0.999998
22534,0.9998211
22535,4.240951e-08
22536,4.7010438e-08
22537,0.94958895
22538,0.9235495
22539,4.8562783e-06
22540,3.7338287e-07
22541,0.99996686
22542,7.936144e-09
22543,0.7985434
22544,1.0
22545,1.763924e-08
22546,3.3850593e-08
22547,0.99999976
22548,1.4969544e-08
22549,0.9999993
22550,1.9098947e-07
22551,2.7918375e-07
22552,6.8121733e-07
22553,0.9952909
22554,1.0
22555,6.862952e-08
22556,3.732177e-07
22557,1.0
22558,2.8351344e-06
22559,0.999998
22560,4.8641947e-08
22561,2.0703732e-07
22562,0.9999999
22563,0.9999999
22564,0.9999987
22565,1.385996e-07
22566,9.369485e-06
22567,1.6225831e-09
22568,1.0
22569,5.1910354e-07
22570,1.486571e-07
22571,0.9998004
22572,0.99999976
22573,0.9999999
22574,0.9998615
22575,0.99999976
22576,0.99999547
22577,1.1704573e-07
22578,0.99999845
22579,0.9999969
22580,1.3610544e-08
22581,7.6259056e-08
22582,0.9999995
22583,1.2567927e-08
22584,3.182152e-09
22585,0.999997
22586,2.899147e-08
22587,0.99999917
22588,1.1767141e-06
22589,6.471194e-07
22590,1.1732394e-06
22591,0.9999993
22592,6.063914e-07
22593,6.161727e-08
22594,5.6475287e-08
22595,8.995985e-09
22596,2.52725e-07
22597,0.9999999
22598,0.00016317255
22599,6.8296493e-09
22600,1.0
22601,0.9999956
22602,5.031972e-08
22603,6.027624e-06
22604,2.23696e-09
22605,2.3385095e-08
22606,0.99999964
22607,2.8723787e-07
22608,3.4771637e-09
22609,1.5078814e-07
22610,1.0
22611,0.9999999
22612,5.776798e-07
22613,0.99999964
22614,0.9999999
22615,0.9999951
22616,3.6852427e-07
22617,0.99999976
22618,1.0
22619,0.99999964
22620,8.225743e-07
22621,0.9999734
22622,0.9999999
22623,5.4729345e-09
22624,1.1353878e-07
22625,0.99928313
22626,2.648151e-06
22627,5.9068386e-09
22628,0.9999969
22629,1.0
22630,0.9999995
22631,3.0130594e-09
22632,1.0
22633,2.3357945e-08
22634,8.374577e-07
22635,9.875584e-08
22636,0.9999969
22637,0.999998
22638,1.8944329e-08
22639,4.570452e-07
22640,1.0
22641,3.3907654e-08
22642,0.99999785
22643,2.5162788e-06
22644,1.5819622e-07
22645,1.0
22646,1.800132e-06
22647,0.99999964
22648,1.0
22649,0.9998832
22650,0.9999995
22651,0.9999999
22652,1.286324e-06
22653,1.0
22654,0.999992
22655,0.99999964
22656,4.9683702e-08
22657,0.9999999
22658,4.116881e-08
22659,9.866791e-08
22660,1.36606e-07
22661,1.0
22662,0.99999976
22663,0.9999999
22664,2.9202458e-09
22665,0.9999999
22666,0.999998
22667,1.1309608e-08
22668,1.1225065e-08
22669,1.0
22670,0.00050603773
22671,0.9999989
22672,0.212368
22673,0.9999999
22674,1.0
22675,0.99999905
22676,0.9999999
22677,1.0
22678,9.065647e-08
22679,0.9999982
22680,2.0570923e-07
22681,0.9999999
22682,5.011138e-09
22683,2.4396648e-08
22684,0.9999999
22685,0.011160709
22686,1.0265356e-08
22687,5.2439583e-07
22688,2.493318e-07
22689,0.9999995
22690,1.1541918e-07
22691,4.6364125e-08
22692,0.9999999
22693,3.273759e-05
22694,1.7202419e-08
22695,1.0
22696,0.9999999
22697,0.9999999
22698,0.9999999
22699,0.5128741
22700,1.0
22701,1.0
22702,3.5250917e-08
22703,7.9693185e-09
22704,0.021214109
22705,3.1989133e-05
22706,2.0243942e-08
22707,0.9999999
22708,0.99999964
22709,0.99999654
22710,1.6034694e-08
22711,6.893427e-08
22712,1.4798388e-08
22713,6.63226e-05
22714,0.020522827
22715,6.5511097e-07
22716,0.99999976
22717,5.384039e-08
22718,5.1198175e-09
22719,0.99999726
22720,2.1343041e-07
22721,2.010342e-08
22722,0.9999999
22723,4.2756405e-08
22724,6.351552e-08
22725,3.949625e-08
22726,0.00039327648
22727,7.099657e-08
22728,9.331553e-09
22729,0.010706988
22730,0.14885433
22731,1.0235577e-05
22732,0.99999976
22733,0.9999999
22734,0.9999957
22735,1.1438191e-07
22736,0.9999969
22737,0.9999958
22738,1.054972e-08
22739,0.97190404
22740,2.776329e-06
22741,0.9999994
22742,7.723097e-09
22743,4.0492312e-05
22744,1.3175369e-05
22745,0.9999999
22746,0.9999999
22747,0.9999999
22748,4.8628596e-07
22749,1.0
22750,1.0
22751,2.2465038e-06
22752,0.09024779
22753,0.99999964
22754,0.9999976
22755,0.9999957
22756,1.1012618e-07
22757,2.4957685e-06
22758,0.9999999
22759,0.99999917
22760,0.0053755376
22761,0.9999999
22762,0.99999857
22763,9.72103e-08
22764,7.2508824e-06
22765,1.0460122e-07
22766,4.9331206e-08
22767,5.6911063e-08
22768,1.3224693e-08
22769,1.0
22770,0.9999999
22771,1.7414152e-09
22772,0.9999999
22773,8.8955936e-08
22774,0.9999994
22775,6.6258174e-08
22776,3.8330512e-07
22777,1.0
22778,8.1714795e-09
22779,0.99997234
22780,0.9999976
22781,1.2644368e-07
22782,0.9999989
22783,8.3825756e-07
22784,0.9999999
22785,2.6538826e-06
22786,7.580569e-09
22787,1.759019e-06
22788,6.402626e-08
22789,0.9999969
22790,1.0
22791,1.3510054e-07
22792,1.0
22793,0.99999774
22794,1.521993e-08
22795,1.0
22796,1.0
22797,1.3467432e-08
22798,6.95639e-08
22799,1.0
22800,0.029727265
22801,0.99998677
22802,0.9999999
22803,0.9999964
22804,3.0433778e-06
22805,0.99999976
22806,0.9999999
22807,3.499655e-07
22808,1.0
22809,0.99999845
22810,1.7262755e-07
22811,0.99999857
22812,1.15200336e-07
22813,0.9998179
22814,2.1500341e-08
22815,1.2652872e-05
22816,7.064036e-06
22817,7.006632e-08
22818,0.9999999
22819,0.999992
22820,0.99999714
22821,1.0
22822,0.017534561
22823,5.4584125e-06
22824,2.2283835e-09
22825,3.412123e-08
22826,4.72436e-08
22827,0.9999999
22828,5.359274e-09
22829,0.99999726
22830,1.1795478e-06
22831,0.99999774
22832,2.2297197e-08
22833,9.4773105e-09
22834,3.3466037e-09
22835,0.99995553
22836,0.99999845
22837,0.9999994
22838,0.9999999
22839,0.99999964
22840,0.9999999
22841,0.9999994
22842,0.9999999
22843,1.0
22844,0.9999993
22845,3.813002e-08
22846,0.9996972
22847,0.99999976
22848,0.19739188
22849,1.0
22850,6.2084946e-06
22851,7.848693e-07
22852,0.9999994
22853,6.844007e-09
22854,1.0
22855,6.675581e-08
22856,2.5059548e-05
22857,6.5343706e-06
22858,1.8766083e-07
22859,2.9640388e-09
22860,1.3947428e-08
22861,1.0
22862,0.9999995
22863,0.9999974
22864,6.7473565e-08
22865,3.0564028e-08
22866,0.9999999
22867,8.515414e-06
22868,0.9999999
22869,5.5884226e-05
22870,0.9999999
22871,0.9978688
22872,1.4287653e-07
22873,2.3828401e-05
22874,6.595166e-08
22875,0.9999981
22876,0.9999989
22877,1.2730754e-06
22878,2.9323598e-07
22879,0.9998129
22880,0.99999964
22881,2.0188377e-06
22882,0.9145658
22883,1.01692414e-08
22884,0.9999987
22885,7.2825177e-09
22886,1.0974976e-08
22887,9.2338576e-07
22888,1.32369e-07
22889,6.0024106e-09
22890,0.9999945
22891,1.0
22892,0.99999905
22893,1.4624009e-06
22894,1.0
22895,0.99999976
22896,7.428522e-08
22897,0.9999969
22898,4.1000771e-07
22899,3.97875e-08
22900,0.9999987
22901,6.9606635e-08
22902,0.9999999
22903,0.99999976
22904,1.4846286e-06
22905,8.2454055e-05
22906,4.4248196e-09
22907,1.0
22908,0.99999976
22909,1.0809134e-05
22910,0.9997615
22911,2.4086663e-07
22912,1.0
22913,0.99998724
22914,0.9999999
22915,1.7832828e-07
22916,5.5525615e-09
22917,1.0
22918,4.4024335e-07
22919,0.9999993
22920,0.9999988
22921,0.9999999
22922,2.4191914e-07
22923,0.99998975
22924,0.9999175
22925,0.9999981
22926,1.0
22927,0.99972624
22928,0.99999964
22929,9.707346e-05
22930,0.9999999
22931,3.855709e-07
22932,0.9999987
22933,3.1988037e-07
22934,1.0
22935,0.99999785
22936,1.0
22937,1.0
22938,0.9999999
22939,9.25641e-09
22940,0.1290834
22941,6.8560635e-06
22942,0.99999857
22943,0.99999976
22944,7.382996e-08
22945,1.0
22946,3.8773945e-07
22947,7.629141e-07
22948,0.9999988
22949,0.9999988
22950,0.9999999
22951,1.0
22952,3.2010306e-08
22953,7.2357705e-07
22954,0.999853
22955,1.0060836e-08
22956,0.999949
22957,1.4275645e-05
22958,2.6978155e-09
22959,0.9999802
22960,0.9999999
22961,1.0
22962,1.7293546e-08
22963,0.62899077
22964,0.99999917
22965,0.99999535
22966,0.9999933
22967,1.3184565e-07
22968,7.452753e-07
22969,3.268778e-06
22970,0.99999976
22971,0.00070907443
22972,0.99999726
22973,0.99999845
22974,0.99999547
22975,1.086567e-07
22976,8.5537545e-07
22977,1.05048684e-07
22978,1.0
22979,1.2408854e-07
22980,0.9999999
22981,4.2697716e-06
22982,0.9999994
22983,0.9999993
22984,1.737309e-08
22985,6.993266e-06
22986,0.9999999
22987,0.9999268
22988,0.9999993
22989,0.99999964
22990,0.9999161
22991,0.9999993
22992,2.1256709e-07
22993,1.9580455e-09
22994,0.99999964
22995,0.99999917
22996,0.9999969
22997,0.9999982
22998,1.0
22999,1.0
23000,1.1342179e-07
23001,4.6249843e-07
23002,3.94818e-05
23003,0.9999989
23004,0.99999833
23005,0.9999987
23006,0.9999995
23007,0.9999993
23008,3.5577912e-08
23009,0.00030246688
23010,8.197833e-07
23011,0.99999976
23012,1.0
23013,2.6542898e-07
23014,0.99999976
23015,0.99999917
23016,0.9999999
23017,5.01485e-08
23018,8.6045695e-09
23019,1.0493408e-06
23020,2.5910376e-08
23021,1.0
23022,1.0
23023,8.666223e-08
23024,0.9999999
23025,8.978865e-08
23026,0.9999999
23027,0.99999976
23028,3.919321e-09
23029,5.5721593e-08
23030,3.792714e-08
23031,8.053497e-09
23032,1.0
23033,0.9968154
23034,0.99999857
23035,0.9999999
23036,0.9993824
23037,0.9999999
23038,0.9998061
23039,2.6990526e-07
23040,1.0
23041,0.9999995
23042,1.0
23043,0.0041046822
23044,0.9999994
23045,1.3836308e-07
23046,0.9999857
23047,8.7692975e-08
23048,0.9999907
23049,1.3724383e-08
23050,2.2448384e-08
23051,0.99999964
23052,4.9351726e-08
23053,8.190438e-09
23054,1.977799e-06
23055,0.99999547
23056,0.99990857
23057,1.0
23058,1.0
23059,5.6805595e-07
23060,2.2000384e-08
23061,2.2386136e-07
23062,1.6841602e-07
23063,1.5439602e-08
23064,0.99999917
23065,0.9999999
23066,0.9903881
23067,1.03281664e-07
23068,0.0017269398
23069,3.3127623e-07
23070,0.9999999
23071,1.3094735e-06
23072,0.99998796
23073,0.9999963
23074,1.1952682e-07
23075,4.4949378e-09
23076,4.7291206e-08
23077,2.8486093e-08
23078,1.0404839e-08
23079,7.5031814e-08
23080,1.8388494e-08
23081,0.9999999
23082,1.5224751e-08
23083,1.1982928e-07
23084,3.470407e-08
23085,2.1307469e-07
23086,0.9999987
23087,1.5248409e-08
23088,1.2855122e-06
23089,0.9999994
23090,5.146175e-08
23091,1.0
23092,6.275855e-08
23093,3.2273615e-08
23094,3.0013638e-09
23095,4.294814e-05
23096,0.99999976
23097,6.006044e-08
23098,0.9999999
23099,7.633604e-08
23100,1.4120235e-08
23101,0.99999905
23102,6.252663e-07
23103,3.003227e-08
23104,3.2822009e-06
23105,2.4872006e-06
23106,1.7764929e-06
23107,0.9999429
23108,0.9999999
23109,0.99999976
23110,5.2963834e-08
23111,9.0252065e-08
23112,2.0971459e-06
23113,0.9999944
23114,1.0
23115,0.99999917
23116,6.263979e-07
23117,4.9840978e-08
23118,1.0
23119,0.99999523
23120,7.187947e-09
23121,0.99999964
23122,0.99998057
23123,0.9999956
23124,1.8719148e-09
23125,1.6116068e-08
23126,1.951509e-07
23127,1.8196225e-07
23128,0.9999999
23129,0.99999964
23130,1.0
23131,0.9999994
23132,1.6610741e-06
23133,5.0124834e-07
23134,0.99998784
23135,0.9999956
23136,4.521915e-08
23137,1.0
23138,0.99999917
23139,2.4239874e-08
23140,0.9999981
23141,9.235337e-07
23142,2.823688e-06
23143,0.9999199
23144,3.7609823e-07
23145,8.506647e-08
23146,5.5814183e-07
23147,3.0829316e-08
23148,0.9999924
23149,3.2609145e-07
23150,0.99999905
23151,0.99999976
23152,0.99999964
23153,0.9999049
23154,0.99999845
23155,3.2614166e-06
23156,0.9999949
23157,0.9999999
23158,7.612463e-08
23159,0.0001343644
23160,5.6912373e-08
23161,1.1990065e-06
23162,6.068177e-08
23163,0.9999999
23164,2.5947898e-07
23165,1.0
23166,0.15002708
23167,1.0
23168,0.9999994
23169,1.8869068e-08
23170,0.99999285
23171,1.2245549e-08
23172,3.4186893e-08
23173,8.002662e-09
23174,1.0
23175,1.580538e-08
23176,0.99999976
23177,0.99999964
23178,1.723214e-08
23179,0.9999999
23180,2.1938074e-08
23181,7.7824683e-07
23182,4.1819288e-08
23183,0.99999857
23184,3.362647e-07
23185,3.5156158e-09
23186,1.0
23187,0.99999976
23188,0.99999976
23189,1.0
23190,0.9999999
23191,1.054085e-08
23192,3.537937e-08
23193,4.5425242e-08
23194,0.9999999
23195,0.0009739886
23196,2.3660391e-08
23197,1.4330312e-05
23198,3.8058957e-08
23199,0.9999994
23200,9.933462e-09
23201,1.0275569e-05
23202,1.3627896e-08
23203,0.9999999
23204,0.9999895
23205,1.6369444e-06
23206,1.0
23207,0.00032512605
23208,6.992183e-05
23209,0.9999995
23210,0.006381696
23211,1.0135441e-05
23212,2.8558915e-07
23213,1.0
23214,3.7027405e-07
23215,5.6289128e-08
23216,1.0
23217,0.99999774
23218,7.034176e-08
23219,6.204777e-06
23220,2.4719755e-08
23221,0.9999993
23222,9.931313e-07
23223,0.9999716
23224,1.5736981e-07
23225,0.999998
23226,5.011141e-07
23227,1.7475773e-07
23228,0.9999901
23229,0.9999969
23230,0.9999939
23231,2.1302405e-08
23232,0.9999999
23233,6.521755e-07
23234,1.7685545e-05
23235,0.99992895
23236,6.5674925e-07
23237,5.038281e-06
23238,0.9999999
23239,5.880492e-08
23240,0.99999774
23241,0.9999993
23242,1.1614085e-05
23243,0.9999995
23244,3.4006877e-08
23245,0.9999975
23246,1.0
23247,0.99999833
23248,0.9999999
23249,0.9999999
23250,5.048209e-07
23251,5.823145e-07
23252,4.3962025e-08
23253,7.484072e-08
23254,1.0
23255,0.9999989
23256,8.7341897e-07
23257,3.5258636e-09
23258,1.2631936e-06
23259,1.4374694e-08
23260,4.641708e-05
23261,1.1371936e-06
23262,1.0
23263,1.6301786e-07
23264,0.99999917
23265,1.0
23266,1.9942472e-07
23267,0.99112743
23268,0.9999999
23269,0.9999846
23270,9.753724e-07
23271,4.20908e-08
23272,0.0006200168
23273,0.9999999
23274,0.9818372
23275,1.2785465e-07
23276,8.888873e-09
23277,0.9999995
23278,0.99999833
23279,1.3675448e-07
23280,0.9999572
23281,2.964689e-09
23282,1.459257e-08
23283,0.9999932
23284,4.553581e-06
23285,2.7967596e-07
23286,0.9999995
23287,1.470105e-08
23288,6.376825e-08
23289,0.9999999
23290,1.0
23291,8.709589e-06
23292,6.025964e-08
23293,0.9999831
23294,8.872464e-08
23295,0.9999894
23296,5.085426e-08
23297,3.4278106e-08
23298,1.2365618e-07
23299,0.9999999
23300,3.7348545e-07
23301,0.9999999
23302,0.99997497
23303,4.9347207e-08
23304,0.9999994
23305,0.9999988
23306,1.0
23307,0.9996208
23308,1.685638e-08
23309,1.144008e-07
23310,9.044576e-08
23311,2.0740936e-08
23312,0.9999995
23313,0.99999857
23314,4.4462982e-07
23315,1.02655e-05
23316,1.0
23317,2.9503791e-08
23318,0.9999987
23319,1.3739392e-08
23320,0.9999999
23321,4.8505364e-09
23322,1.4197526e-08
23323,4.089731e-05
23324,0.9999994
23325,0.9999993
23326,0.9995192
23327,0.9997831
23328,1.0
23329,0.99999917
23330,5.240241e-09
23331,0.9999999
23332,1.0
23333,8.372365e-07
23334,2.7167837e-06
23335,0.99999535
23336,2.9376817e-09
23337,3.9215107e-07
23338,1.0
23339,1.7094223e-08
23340,6.283472e-08
23341,4.08995e-08
23342,9.209144e-09
23343,0.9989938
23344,0.9999999
23345,1.0
23346,2.1931758e-08
23347,1.0
23348,4.112444e-07
23349,5.0802328e-06
23350,1.0613457e-08
23351,0.9999999
23352,3.9733132e-07
23353,1.0
23354,0.99970156
23355,1.4549292e-09
23356,0.99998987
23357,0.99999714
23358,1.0880121e-08
23359,0.9999999
23360,8.474594e-09
23361,1.0
23362,0.9999672
23363,9.1366104e-08
23364,2.008741e-05
23365,1.1249416e-07
23366,0.99997056
23367,0.9999995
23368,0.9999969
23369,0.99959487
23370,1.0385887e-07
23371,3.9284237e-07
23372,0.9999999
23373,0.9999999
23374,0.9999999
23375,0.999992
23376,0.99999976
23377,6.382702e-07
23378,5.8980266e-08
23379,0.9999969
23380,0.99999964
23381,0.9999995
23382,6.97628e-07
23383,0.99999964
23384,1.915313e-08
23385,0.99999976
23386,1.0
23387,3.434713e-07
23388,0.99999166
23389,1.2972869e-07
23390,0.99999964
23391,0.9999945
23392,3.3271892e-05
23393,0.9999995
23394,0.9999976
23395,3.240845e-06
23396,3.463226e-08
23397,0.9999994
23398,1.0
23399,1.0
23400,0.99999964
23401,2.0525746e-08
23402,0.99976724
23403,0.9999999
23404,1.09794565e-08
23405,1.4396942e-06
23406,1.0594284e-08
23407,1.0
23408,1.0
23409,0.9999989
23410,0.99999964
23411,0.9999999
23412,1.4411087e-07
23413,8.217917e-06
23414,9.651027e-07
23415,1.0
23416,1.8130189e-08
23417,3.2684703e-08
23418,1.0
23419,1.6297525e-06
23420,7.187824e-09
23421,1.4074847e-08
23422,0.9999999
23423,0.99999917
23424,0.9998258
23425,0.9999995
23426,0.9999913
23427,4.2687613e-09
23428,1.0
23429,0.9999993
23430,2.0712612e-06
23431,1.0
23432,1.0
23433,1.0
23434,0.9999747
23435,2.407708e-08
23436,1.0
23437,1.0
23438,9.307308e-09
23439,4.623273e-07
23440,1.0
23441,4.9893288e-08
23442,0.9999993
23443,0.99999785
23444,1.5681026e-07
23445,1.0
23446,0.9999995
23447,0.99322826
23448,1.5471076e-07
23449,1.9160293e-06
23450,0.9999999
23451,6.7589745e-08
23452,0.99999964
23453,0.99999917
23454,0.99999857
23455,2.4705837e-09
23456,0.9999999
23457,0.99999917
23458,1.0268781e-08
23459,0.99970573
23460,1.0
23461,6.6647514e-09
23462,1.07048876e-07
23463,0.9999994
23464,9.724346e-09
23465,0.99999976
23466,5.846996e-07
23467,0.99999905
23468,0.99999964
23469,9.4355954e-08
23470,4.5339425e-06
23471,0.9999999
23472,1.0
23473,1.0
23474,3.165017e-08
23475,3.0244323e-08
23476,0.99999976
23477,0.9999323
23478,0.9999889
23479,1.4546692e-08
23480,1.0
23481,0.99999833
23482,0.9993957
23483,3.1832954e-07
23484,4.3159676e-09
23485,0.9999999
23486,3.2348746e-07
23487,0.9991079
23488,0.974985
23489,0.99999225
23490,3.736792e-08
23491,1.7307562e-07
23492,1.1235175e-08
23493,1.867768e-08
23494,0.9999999
23495,1.0
23496,0.9999727
23497,2.5695455e-08
23498,5.2759066e-07
23499,1.2741559e-07
23500,0.99956435
23501,1.6805919e-07
23502,1.0819652e-08
23503,0.0259131
23504,0.99999976
23505,0.9999825
23506,0.99999976
23507,0.99999976
23508,5.5303983e-05
23509,0.9999999
23510,1.9144474e-08
23511,0.97698796
23512,2.1910726e-08
23513,0.9999987
23514,8.396705e-05
23515,4.482697e-08
23516,2.4978445e-07
23517,0.9999999
23518,1.2185226e-08
23519,2.550681e-07
23520,0.99999404
23521,1.0
23522,0.99999964
23523,0.9999993
23524,0.9999999
23525,4.314011e-08
23526,4.5048335e-05
23527,8.432048e-08
23528,0.9999969
23529,0.9999999
23530,2.0774459e-07
23531,0.99930716
23532,6.666789e-08
23533,1.0017159e-08
23534,0.99998856
23535,9.42599e-08
23536,0.99478334
23537,0.9999968
23538,4.289517e-09
23539,7.521103e-09
23540,5.958946e-07
23541,5.4096813e-07
23542,4.0693298e-08
23543,4.0491148e-08
23544,3.5901706e-08
23545,0.99999666
23546,1.0793993e-07
23547,1.930917e-08
23548,0.9999999
23549,0.9999999
23550,0.7824949
23551,0.9999994
23552,1.0
23553,0.9999969
23554,1.0598997e-07
23555,0.9999995
23556,9.4740403e-07
23557,0.9999995
23558,0.9999999
23559,0.9999994
23560,2.8906497e-08
23561,3.9408332e-07
23562,4.8917908e-08
23563,6.71294e-07
23564,5.7414313e-09
23565,0.99999595
23566,0.0026764583
23567,4.1196708e-07
23568,0.999992
23569,0.99999976
23570,2.8806082e-07
23571,2.1299384e-07
23572,0.9999995
23573,9.199295e-09
23574,0.99999964
23575,0.9949255
23576,0.9999995
23577,2.3498556e-07
23578,5.2237574e-08
23579,0.9999999
23580,1.7447829e-07
23581,7.3500455e-09
23582,0.9999964
23583,5.8953393e-08
23584,0.9999188
23585,0.9155536
23586,0.99999976
23587,1.02836e-06
23588,0.99999917
23589,1.0
23590,1.77514e-07
23591,1.0174769e-05
23592,8.021751e-08
23593,0.9999999
23594,0.9999999
23595,0.99999344
23596,0.99323237
23597,4.416171e-08
23598,2.5409014e-07
23599,0.9999999
23600,1.0980591e-07
23601,1.0
23602,0.0010259291
23603,3.9876247e-07
23604,0.9999957
23605,1.8826038e-08
23606,3.3655128e-09
23607,1.782614e-08
23608,2.4476957e-08
23609,2.8409457e-07
23610,0.9987538
23611,4.8926772e-08
23612,1.7492425e-08
23613,7.3276056e-09
23614,0.9999995
23615,0.9999993
23616,2.0013195e-07
23617,0.9999995
23618,4.3807744e-09
23619,0.9999989
23620,0.9999999
23621,0.9999931
23622,0.99984705
23623,4.2323322e-06
23624,1.4392216e-07
23625,2.5188083e-08
23626,4.6967212e-09
23627,1.0
23628,3.9433097e-08
23629,6.5547492e-06
23630,3.8534992e-08
23631,0.9918399
23632,3.067745e-08
23633,3.8090224e-07
23634,1.1542028e-07
23635,0.9999958
23636,3.3304445e-07
23637,3.063845e-08
23638,0.9999995
23639,1.7472641e-07
23640,0.98684895
23641,1.5506217e-07
23642,9.394134e-06
23643,5.9870466e-08
23644,2.4280133e-08
23645,0.99999416
23646,0.9999993
23647,3.0266608e-07
23648,0.9999999
23649,0.9999995
23650,4.352391e-09
23651,6.2795276e-09
23652,1.0401689e-07
23653,0.9999865
23654,0.99999964
23655,5.2760424e-07
23656,3.1829245e-08
23657,0.9999995
23658,1.0648338e-07
23659,3.973622e-09
23660,0.99999964
23661,0.9999969
23662,0.9999999
23663,7.2278024e-09
23664,7.6034576e-07
23665,3.6312304e-08
23666,4.767949e-08
23667,1.0
23668,1.3498773e-05
23669,1.15097505e-08
23670,0.9999958
23671,0.9999975
23672,9.2054776e-08
23673,1.2579056e-08
23674,1.8593084e-08
23675,0.9999999
23676,0.9999969
23677,0.9999999
23678,0.00016234042
23679,0.9999999
23680,1.0
23681,0.00022405077
23682,1.974678e-06
23683,6.9278286e-07
23684,0.9998826
23685,2.7049685e-08
23686,0.9999969
23687,3.9916113e-08
23688,0.9999999
23689,0.9999999
23690,7.6007893e-07
23691,3.9809215e-08
23692,0.9999999
23693,1.4469258e-07
23694,1.1294937e-06
23695,2.2027618e-07
23696,6.305346e-08
23697,2.642321e-07
23698,1.4642498e-07
23699,1.8350445e-08
23700,0.9999995
23701,0.00049961504
23702,1.0
23703,6.4611276e-09
23704,0.99999976
23705,0.99999964
23706,0.9999999
23707,3.803973e-07
23708,1.4147253e-07
23709,0.99112743
23710,0.99997854
23711,0.9999629
23712,2.4239458e-08
23713,0.9999976
23714,0.99999964
23715,1.0225163e-07
23716,0.9999988
23717,1.4604406e-08
23718,0.9999999
23719,0.9999999
23720,0.039129827
23721,0.9999987
23722,0.9999999
23723,8.78103e-08
23724,0.9999999
23725,1.4669762e-08
23726,6.325306e-08
23727,0.9999999
23728,0.99999964
23729,1.0
23730,1.4117077e-07
23731,4.990848e-05
23732,7.492953e-09
23733,0.9999999
23734,2.6958878e-08
23735,0.9999999
23736,0.9999995
23737,0.99979264
23738,9.902703e-07
23739,1.301239e-08
23740,7.6308146e-07
23741,1.0
23742,1.0
23743,0.9999999
23744,7.729641e-07
23745,0.9999969
23746,3.6568565e-08
23747,1.0
23748,1.0
23749,1.2559977e-07
23750,1.0
23751,0.9999932
23752,5.652626e-08
23753,0.6402036
23754,0.9999999
23755,6.045532e-09
23756,3.1429455e-08
23757,1.0
23758,0.9999999
23759,2.91082e-09
23760,1.0725178e-08
23761,1.0
23762,3.641806e-05
23763,3.9845908e-08
23764,0.99997175
23765,0.99999845
23766,0.99999964
23767,2.091698e-07
23768,2.3097929e-08
23769,0.9999949
23770,0.00019111452
23771,3.9646373e-08
23772,4.116822e-06
23773,6.179261e-09
23774,0.9999993
23775,2.8261206e-06
23776,1.3645879e-06
23777,3.269904e-08
23778,0.99999416
23779,0.9984457
23780,1.7381284e-07
23781,1.2098538e-07
23782,0.9999995
23783,0.9999968
23784,1.0
23785,5.4259772e-08
23786,4.1788745e-08
23787,0.9999999
23788,2.3818686e-08
23789,0.99999845
23790,6.826459e-09
23791,0.9999995
23792,3.4412928e-08
23793,3.47936e-06
23794,8.5472067e-07
23795,0.9999999
23796,1.4200667e-08
23797,5.1426625e-08
23798,0.99999976
23799,4.0481805e-08
23800,5.4183454e-07
23801,1.6240784e-07
23802,0.99999976
23803,6.036605e-08
23804,3.4590073e-08
23805,8.054854e-08
23806,0.9999994
23807,1.2491237e-08
23808,2.3922638e-07
23809,5.9478126e-08
23810,1.06042535e-07
23811,5.6953824e-09
23812,2.3344585e-08
23813,0.9999999
23814,0.0009165713
23815,0.9999994
23816,0.9999937
23817,0.9999862
23818,0.9999975
23819,0.99999976
23820,0.9999999
23821,0.9999999
23822,0.9999999
23823,0.999987
23824,1.3498425e-07
23825,0.9996382
23826,0.9999994
23827,0.9906508
23828,0.9999964
23829,0.99999964
23830,0.9999999
23831,0.9999995
23832,9.656349e-07
23833,4.950955e-08
23834,0.99999976
23835,0.9999994
23836,0.9999995
23837,1.0
23838,7.6477824e-07
23839,1.1200534e-08
23840,0.99999976
23841,0.9999106
23842,0.9999999
23843,0.9999995
23844,0.9999982
23845,0.9979956
23846,2.592937e-07
23847,0.9999939
23848,4.5840757e-08
23849,0.9999999
23850,1.9126956e-08
23851,0.9999995
23852,4.923709e-09
23853,3.2935972e-07
23854,2.6069886e-09
23855,1.0
23856,7.343941e-06
23857,0.64326835
23858,5.8475034e-06
23859,1.0
23860,8.3004636e-07
23861,0.00027930038
23862,1.0
23863,0.99999464
23864,4.0461728e-08
23865,7.807106e-08
23866,0.9999777
23867,2.5719734e-07
23868,0.9999958
23869,2.2943143e-09
23870,0.99999976
23871,1.18220164e-07
23872,0.9999993
23873,0.99999785
23874,4.3328907e-07
23875,1.4226184e-07
23876,1.9195884e-08
23877,0.99998593
23878,0.9999968
23879,8.30817e-07
23880,1.1309522e-08
23881,0.9999815
23882,0.99999976
23883,3.6649073e-08
23884,2.1390962e-08
23885,0.99999976
23886,1.2323365e-07
23887,0.00079988805
23888,2.8165121e-05
23889,0.9999889
23890,1.0
23891,3.3544143e-08
23892,0.9999026
23893,0.9999999
23894,0.9999999
23895,1.1936695e-08
23896,0.9999919
23897,0.9999999
23898,0.9999994
23899,5.901932e-08
23900,7.462992e-05
23901,1.9952358e-06
23902,0.008269955
23903,0.9999962
23904,8.08479e-08
23905,0.010999613
23906,0.99999356
23907,0.9999999
23908,0.9999999
23909,0.9999975
23910,2.230315e-08
23911,1.5776225e-08
23912,0.99999964
23913,0.9999999
23914,0.999992
23915,1.0
23916,3.6089602e-06
23917,8.997513e-09
23918,1.4654093e-07
23919,0.99999297
23920,3.833245e-07
23921,0.9999682
23922,8.630539e-09
23923,1.0
23924,3.2955946e-08
23925,0.99999917
23926,0.9999999
23927,0.9999999
23928,0.999977
23929,0.99999857
23930,0.99999726
23931,5.300022e-07
23932,4.4217423e-08
23933,0.99999607
23934,3.880109e-08
23935,3.671264e-07
23936,0.9999999
23937,0.9999999
23938,0.00022892558
23939,1.0
23940,5.0141228e-08
23941,1.3671783e-07
23942,8.995918e-09
23943,2.6735088e-07
23944,7.7636706e-08
23945,1.0
23946,1.0
23947,0.99999464
23948,1.0
23949,1.3144424e-08
23950,3.9809558e-07
23951,3.2175212e-08
23952,0.99999976
23953,0.9999931
23954,0.99999964
23955,4.219096e-07
23956,3.830533e-08
23957,8.065605e-07
23958,0.99998283
23959,1.0
23960,0.24519221
23961,0.9999999
23962,1.0
23963,0.9999999
23964,6.32918e-08
23965,0.00029560292
23966,1.0183159e-06
23967,0.9999995
23968,0.9999627
23969,5.622591e-09
23970,0.9999999
23971,0.99999964
23972,0.9999926
23973,1.3139665e-07
23974,0.99996126
23975,2.2920963e-07
23976,8.318027e-08
23977,0.9999999
23978,0.012788484
23979,7.518806e-06
23980,6.9776974e-07
23981,4.7248562e-07
23982,0.9999969
23983,1.4099701e-08
23984,0.00023130566
23985,0.9999999
23986,1.0
23987,0.9999999
23988,1.0
23989,4.8402253e-08
23990,6.224341e-06
23991,0.0011922875
23992,1.7112693e-07
23993,0.9999988
23994,9.221819e-07
23995,0.9999993
23996,1.0
23997,7.3774636e-08
23998,6.790967e-09
23999,1.1200559e-07
24000,0.0001169577
24001,7.983775e-08
24002,2.4246586e-07
24003,9.172646e-09
24004,0.99999964
24005,6.1568636e-07
24006,1.0810471e-06
24007,0.9999999
24008,1.0
24009,0.99999917
24010,0.9999851
24011,1.0
24012,3.2167108e-08
24013,1.0
24014,1.9116004e-07
24015,0.9999994
24016,9.664539e-07
24017,1.0
24018,7.006565e-08
24019,0.00034284458
24020,9.005291e-09
24021,1.0
24022,0.9999999
24023,0.9999995
24024,1.5792542e-08
24025,0.99999917
24026,2.450684e-09
24027,0.99999905
24028,0.99999976
24029,1.6406437e-07
24030,9.586183e-07
24031,1.0
24032,0.00031210066
24033,0.99999857
24034,9.486918e-08
24035,5.2804566e-08
24036,0.99999976
24037,1.3132653e-06
24038,2.7105978e-08
24039,8.539143e-05
24040,7.9030826e-08
24041,0.9999962
24042,0.99996805
24043,0.99999976
24044,2.9490832e-07
24045,2.5894062e-09
24046,5.1777704e-07
24047,1.3864066e-08
24048,0.9999893
24049,0.9999931
24050,0.98428
24051,1.0
24052,0.99999654
24053,1.823173e-07
24054,1.2717219e-07
24055,0.99999976
24056,9.876231e-06
24057,8.7609884e-08
24058,6.054998e-08
24059,4.701483e-08
24060,0.9998246
24061,0.9999709
24062,1.0
24063,8.408562e-06
24064,0.9995546
24065,2.2316554e-08
24066,3.9691166e-08
24067,0.0022832365
24068,7.239906e-08
24069,0.9999994
24070,0.9999995
24071,4.358835e-05
24072,2.0742737e-06
24073,0.99999905
24074,4.8118462e-08
24075,4.6660857e-09
24076,3.1011584e-07
24077,0.9999933
24078,3.7577266e-08
24079,0.9999968
24080,1.0
24081,1.9393285e-08
24082,0.9999989
24083,0.9999999
24084,1.3814547e-08
24085,0.9992126
24086,1.7922739e-05
24087,5.2611416e-05
24088,3.1864695e-07
24089,5.9774614e-08
24090,0.99999654
24091,0.9999969
24092,2.41509e-08
24093,1.29851e-06
24094,0.99999905
24095,6.9880264e-07
24096,0.9999999
24097,1.8457966e-08
24098,0.9999944
24099,1.87705e-08
24100,3.3691223e-09
24101,0.9999999
24102,0.99999976
24103,2.4685784e-08
24104,7.396411e-09
24105,4.3842036e-08
24106,0.9999969
24107,3.6260056e-07
24108,1.7841319e-07
24109,0.99999547
24110,2.5194772e-06
24111,0.9999999
24112,0.00019754634
24113,1.4088688e-06
24114,0.9999999
24115,0.99999845
24116,1.1574682e-06
24117,1.3752711e-08
24118,1.8347645e-08
24119,0.99999845
24120,4.795263e-07
24121,3.993184e-06
24122,0.9999994
24123,1.0
24124,0.99999964
24125,0.0007384595
24126,0.99999976
24127,3.9148628e-07
24128,0.9999995
24129,0.99999714
24130,0.9999995
24131,0.9998716
24132,0.00031541314
24133,8.18619e-09
24134,3.2326975e-07
24135,0.99999976
24136,9.227222e-08
24137,1.0
24138,1.0
24139,9.381961e-07
24140,0.9999608
24141,4.5570903e-07
24142,5.5056038e-08
24143,0.99999976
24144,1.43754635e-08
24145,2.1455159e-07
24146,0.9999993
24147,1.8420579e-08
24148,4.865485e-08
24149,1.0
24150,0.9999999
24151,0.99999976
24152,1.8839355e-09
24153,1.485202e-07
24154,0.9999989
24155,1.768202e-08
24156,2.196152e-08
24157,0.9999969
24158,0.99999905
24159,0.9999999
24160,1.0
24161,0.9999982
24162,3.9061487e-09
24163,1.021134e-08
24164,0.9999988
24165,3.6451197e-06
24166,6.337694e-09
24167,0.99992764
24168,0.999997
24169,0.0002544636
24170,0.9999969
24171,0.99999964
24172,1.3228521e-07
24173,0.9999999
24174,7.092426e-09
24175,0.9999646
24176,0.9999726
24177,1.0
24178,0.001910084
24179,6.812161e-07
24180,0.055485092
24181,0.06584844
24182,0.9999995
24183,0.9999931
24184,1.06245196e-07
24185,0.99991906
24186,0.9999999
24187,0.9677311
24188,2.8146043e-09
24189,0.9998847
24190,0.9999999
24191,1.0
24192,2.1766236e-07
24193,2.7738395e-05
24194,1.6586064e-06
24195,3.040475e-07
24196,0.99999976
24197,1.572922e-05
24198,1.8879689e-08
24199,4.809846e-06
24200,1.0
24201,0.9999713
24202,5.084979e-07
24203,3.9592646e-08
24204,9.51236e-06
24205,3.4236993e-09
24206,1.5216362e-08
24207,1.5467006e-06
24208,6.5474933e-07
24209,0.9999999
24210,4.8345004e-07
24211,0.9999982
24212,1.0
24213,1.84067e-09
24214,0.9999987
24215,6.690776e-08
24216,0.99998665
24217,6.3952625e-06
24218,0.9677518
24219,3.1626158e-07
24220,0.99999917
24221,0.99999976
24222,2.9191872e-07
24223,1.9057875e-08
24224,1.7118488e-07
24225,2.6705044e-07
24226,8.699507e-09
24227,3.7115265e-07
24228,1.9302732e-07
24229,0.9999906
24230,0.9999864
24231,0.99999976
24232,0.99999964
24233,5.849171e-07
24234,0.99721056
24235,5.4522346e-08
24236,1.0
24237,4.3037872e-07
24238,3.3654114e-08
24239,3.832828e-07
24240,0.9999988
24241,1.5718467e-08
24242,0.9999989
24243,1.0
24244,0.9999999
24245,1.1852504e-08
24246,6.127143e-08
24247,4.0185273e-06
24248,0.9996505
24249,1.0
24250,3.412162e-08
24251,0.99999976
24252,8.26826e-09
24253,0.9999995
24254,1.136798e-08
24255,3.3965524e-08
24256,1.1330076e-08
24257,0.9999778
24258,0.008376222
24259,0.9999994
24260,0.9999999
24261,0.9999999
24262,0.9999999
24263,0.9999994
24264,1.0
24265,1.5725955e-07
24266,4.3040327e-08
24267,0.9484155
24268,1.6316461e-08
24269,1.1590732e-06
24270,0.99999905
24271,1.0
24272,0.9999999
24273,0.99999976
24274,4.861514e-08
24275,0.99999654
24276,9.827571e-07
24277,0.9999999
24278,0.9999999
24279,0.0007573002
24280,6.681326e-08
24281,0.99999964
24282,1.9836786e-09
24283,0.9999933
24284,0.010481112
24285,2.39634e-09
24286,1.0
24287,9.326918e-07
24288,1.2237683e-07
24289,0.9999995
24290,0.9999999
24291,7.1713394e-08
24292,0.00230411
24293,1.0
24294,2.192187e-07
24295,0.9999995
24296,0.99999785
24297,1.714611e-08
24298,6.641836e-08
24299,2.2884258e-06
24300,1.647985e-08
24301,0.9873384
24302,6.8357617e-09
24303,5.065686e-08
24304,9.877148e-08
24305,3.2741897e-07
24306,7.0271886e-07
24307,0.99999976
24308,0.99999845
24309,7.1078103e-09
24310,3.0412952e-08
24311,2.8844457e-07
24312,0.577657
24313,0.99999976
24314,0.7488936
24315,0.9999956
24316,1.2980665e-07
24317,1.0773092e-08
24318,1.0
24319,0.9999988
24320,0.99999726
24321,0.9996202
24322,0.9999999
24323,0.0011556157
24324,1.3746838e-08
24325,0.9999001
24326,0.999997
24327,1.22343e-07
24328,4.535293e-09
24329,1.0
24330,0.1540724
24331,0.99999905
24332,0.9999995
24333,1.0
24334,5.2406085e-07
24335,3.7171638e-05
24336,3.7407638e-08
24337,7.638316e-06
24338,0.99605983
24339,1.0
24340,2.9614183e-08
24341,0.999998
24342,3.0297905e-08
24343,1.8832365e-07
24344,1.0
24345,0.9999993
24346,1.237487e-06
24347,7.764467e-09
24348,2.3074644e-07
24349,2.0747269e-08
24350,0.99999976
24351,5.2932734e-07
24352,0.9999434
24353,5.498294e-07
24354,1.4066426e-07
24355,0.9999999
24356,0.9999999
24357,4.804546e-08
24358,5.0366e-08
24359,0.99999976
24360,4.4396497e-08
24361,0.9999746
24362,0.9999857
24363,0.99999785
24364,0.9999999
24365,0.9999994
24366,1.0
24367,2.774365e-07
24368,0.9999999
24369,1.0
24370,0.9999987
24371,7.263835e-08
24372,1.0
24373,0.9677311
24374,3.8797842e-07
24375,6.0448194e-08
24376,0.9999993
24377,3.583446e-08
24378,0.99999976
24379,9.23405e-07
24380,0.0063547785
24381,1.0
24382,2.5187418e-07
24383,2.1169517e-07
24384,0.9999993
24385,1.4273313e-07
24386,5.5583897e-09
24387,1.1501834e-07
24388,3.7009787e-08
24389,1.0612911e-06
24390,8.431257e-09
24391,0.9999995
24392,2.702607e-07
24393,1.1010734e-06
24394,3.2697782e-09
24395,1.282089e-06
24396,0.99999976
24397,0.18469274
24398,1.0354281e-07
24399,2.2845042e-07
24400,1.4003097e-05
24401,1.1766311e-06
24402,1.059158e-07
24403,7.792807e-07
24404,0.9999987
24405,1.01285174e-07
24406,4.890867e-08
24407,0.9999957
24408,1.0
24409,0.9999995
24410,1.1482474e-08
24411,1.273729e-08
24412,6.2109774e-07
24413,0.99998415
24414,0.99988616
24415,0.99999976
24416,1.16328074e-07
24417,1.0
24418,0.9999969
24419,0.9999995
24420,0.99982065
24421,1.9243943e-08
24422,1.0479628e-08
24423,0.99999976
24424,8.271907e-08
24425,0.9999999
24426,0.9999976
24427,0.99999464
24428,1.0
24429,1.0
24430,2.8023956e-07
24431,0.9999989
24432,9.810639e-09
24433,5.576721e-08
24434,0.99999964
24435,1.0
24436,0.99999964
24437,1.1111506e-08
24438,0.9986804
24439,8.394735e-09
24440,5.8780586e-08
24441,1.0158463e-08
24442,6.678643e-07
24443,0.9999988
24444,0.9999999
24445,0.9981974
24446,6.4757995e-07
24447,3.554861e-08
24448,0.9999405
24449,0.99999976
24450,4.3117566e-08
24451,1.0
24452,4.3804985e-06
24453,0.9999999
24454,0.9999962
24455,1.5306833e-08
24456,8.129227e-09
24457,0.9999995
24458,1.3674821e-07
24459,9.455233e-08
24460,0.9999883
24461,0.9999964
24462,0.9999969
24463,0.9999999
24464,5.513135e-09
24465,0.99999976
24466,0.99999964
24467,5.2795e-08
24468,1.0810744e-07
24469,3.8486583e-08
24470,2.1997991e-08
24471,7.284986e-07
24472,1.8849033e-08
24473,8.9809895e-08
24474,0.95604765
24475,0.00019486608
24476,4.3829914e-08
24477,0.99999917
24478,0.99999976
24479,4.77166e-07
24480,2.076441e-08
24481,0.80100393
24482,4.127074e-06
24483,1.0
24484,0.99999964
24485,0.99999976
24486,0.99992406
24487,0.99999917
24488,2.760712e-07
24489,3.7386812e-08
24490,0.9999969
24491,0.9999999
24492,2.9080282e-05
24493,7.079487e-07
24494,8.5767674e-08
24495,0.9999995
24496,0.9991111
24497,2.4525185e-08
24498,1.1258192e-08
24499,2.5160864e-07
24500,0.99752945
24501,0.9999969
24502,3.0141127e-08
24503,0.99999774
24504,0.99999726
24505,0.9999999
24506,0.9999999
24507,4.5147067e-07
24508,2.217884e-07
24509,9.080614e-07
24510,0.9999994
24511,0.049175505
24512,0.99998033
24513,1.6546518e-06
24514,0.9999999
24515,1.40520475e-08
24516,1.0
24517,7.578028e-08
24518,1.0
24519,0.9999999
24520,0.9999994
24521,0.99999976
24522,1.7412407e-07
24523,0.9999999
24524,0.99999726
24525,8.579129e-07
24526,2.5939858e-07
24527,0.99999976
24528,0.00026451136
24529,1.6475388e-08
24530,2.5696247e-07
24531,0.9984681
24532,0.9999993
24533,1.5530267e-06
24534,0.9999993
24535,0.9999887
24536,0.9999938
24537,7.5688973e-07
24538,0.99997044
24539,5.124568e-07
24540,2.252517e-06
24541,1.821556e-08
24542,0.99999106
24543,4.1685098e-08
24544,2.7465227e-08
24545,3.7141538e-07
24546,0.99999523
24547,2.2909528e-08
24548,7.8780955e-09
24549,0.99999964
24550,1.9879108e-07
24551,0.99999726
24552,1.0
24553,3.9159826e-08
24554,8.137546e-08
24555,3.7229178e-09
24556,0.9999975
24557,0.9999999
24558,2.0438537e-07
24559,0.9998416
24560,0.99999833
24561,0.0007947944
24562,0.99999964
24563,0.99558806
24564,1.0
24565,5.5261822e-08
24566,0.99999976
24567,0.9999993
24568,8.473408e-05
24569,3.513955e-08
24570,2.2128825e-08
24571,0.9999999
24572,9.324685e-09
24573,1.0
24574,8.020512e-08
24575,1.0
24576,0.00012633463
24577,2.889865e-09
24578,0.999998
24579,1.0
24580,5.0437967e-07
24581,1.0
24582,0.9999999
24583,0.99999654
24584,0.7533229
24585,0.9999975
24586,0.99816257
24587,4.6988198e-08
24588,1.3584968e-06
24589,0.9999999
24590,6.622166e-08
24591,1.0
24592,9.4102724e-08
24593,1.9583247e-06
24594,9.6122275e-09
24595,0.9999999
24596,0.99999964
24597,9.367522e-09
24598,0.9999995
24599,4.7205955e-08
24600,2.6112252e-08
24601,1.4826868e-08
24602,0.99999905
24603,4.7043716e-08
24604,4.611805e-08
24605,1.7106746e-08
24606,0.9999999
24607,1.0
24608,1.2355315e-07
24609,1.0
24610,0.99999666
24611,0.9999999
24612,1.0
24613,0.9991917
24614,0.9999999
24615,0.039939627
24616,1.3566795e-08
24617,4.2972515e-06
24618,2.6667556e-06
24619,0.9999999
24620,1.8503586e-07
24621,8.1323165e-08
24622,1.0499279e-07
24623,0.9999999
24624,1.0815937e-06
24625,6.329545e-06
24626,0.99999785
24627,8.953657e-08
24628,1.7468842e-07
24629,0.99995995
24630,0.9999994
24631,3.9792663e-08
24632,0.569319
24633,0.99999976
24634,3.8971233e-08
24635,0.9999964
24636,0.9999999
24637,1.0
24638,9.761066e-09
24639,0.99999964
24640,1.0
24641,0.9999987
24642,0.9999999
24643,0.99631184
24644,0.9999995
24645,1.0
24646,0.99999976
24647,0.99999857
24648,1.0
24649,4.5267052e-07
24650,1.2039542e-06
24651,1.3571512e-06
24652,0.99999547
24653,0.99999976
24654,0.99999976
24655,0.9999987
24656,0.9999994
24657,0.15619837
24658,0.9999999
24659,1.1072872e-06
24660,1.1370929e-08
24661,3.0288486e-08
24662,6.2480225e-09
24663,0.9999994
24664,7.4602764e-07
24665,0.9999999
24666,0.9999999
24667,5.288013e-09
24668,0.9822728
24669,3.049735e-06
24670,0.9999995
24671,2.8975496e-06
24672,0.99999344
24673,0.99999964
24674,3.4507046e-08
24675,1.0060203e-06
24676,8.123151e-09
24677,5.3621488e-08
24678,1.5696018e-07
24679,2.2140984e-08
24680,0.99999964
24681,2.6336185e-08
24682,0.9999999
24683,2.187094e-07
24684,0.9999981
24685,1.1589517e-06
24686,0.99999726
24687,5.1955176e-08
24688,0.9999999
24689,1.5783238e-08
24690,2.1069758e-07
24691,0.99999976
24692,1.7508816e-08
24693,0.9999994
24694,0.99999964
24695,0.9999902
24696,0.9999999
24697,8.15075e-05
24698,1.1164637e-08
24699,0.9999999
24700,0.99922025
24701,5.335603e-07
24702,0.99286157
24703,0.9999999
24704,5.1237083e-07
24705,1.3598037e-08
24706,1.8159737e-05
24707,1.0650409e-07
24708,0.9999994
24709,1.950789e-07
24710,0.9999999
24711,0.99999976
24712,0.0001929374
24713,2.8394095e-06
24714,1.0
24715,0.9999999
24716,5.2260397e-08
24717,0.99999976
24718,0.99999964
24719,0.99997056
24720,1.7743629e-06
24721,0.00040046734
24722,1.0217731e-08
24723,1.1432321e-08
24724,1.5401161e-08
24725,3.2171098e-08
24726,0.13302904
24727,1.9130283e-07
24728,0.9999995
24729,1.0
24730,0.9999962
24731,9.51911e-08
24732,0.9999999
24733,7.491313e-08
24734,1.0
24735,1.0
24736,0.99999464
24737,0.9999999
24738,1.0
24739,1.1323984e-06
24740,2.3363457e-07
24741,4.3628324e-07
24742,0.9999993
24743,0.99999547
24744,2.6096848e-07
24745,1.0
24746,0.9999969
24747,8.2215415e-08
24748,1.0
24749,4.191374e-05
24750,9.139378e-09
24751,4.7596433e-07
24752,5.445892e-05
24753,2.3563741e-08
24754,1.0
24755,6.160811e-08
24756,6.251003e-09
24757,0.9999989
24758,1.0
24759,1.0
24760,4.249111e-09
24761,0.9999993
24762,1.4827906e-07
24763,0.9999994
24764,2.3255596e-05
24765,0.0011285987
24766,1.2436797e-08
24767,1.4079304e-08
24768,2.9788814e-07
24769,9.849698e-08
24770,2.2994926e-09
24771,2.9346743e-09
24772,4.5355093e-09
24773,1.8679164e-07
24774,0.9999994
24775,4.1465897e-09
24776,4.3639805e-08
24777,6.8282266e-06
24778,0.12524772
24779,0.99999845
24780,1.5150363e-08
24781,0.99999976
24782,9.492384e-08
24783,2.8287602e-08
24784,2.095093e-06
24785,0.9999945
24786,1.2263574e-07
24787,1.0
24788,0.9999138
24789,0.92008305
24790,1.1329609e-05
24791,2.1180622e-07
24792,0.00041278868
24793,4.164846e-08
24794,0.9999982
24795,0.9999999
24796,1.0199175e-06
24797,0.001421889
24798,3.961725e-09
24799,0.99999964
24800,1.6804726e-08
24801,1.0
24802,5.5939555e-09
24803,0.999985
24804,0.99999964
24805,1.0
24806,1.0
24807,0.0003928424
24808,0.9999988
24809,4.0321677e-07
24810,0.9999999
24811,1.5016099e-08
24812,0.9999999
24813,0.9999995
24814,4.821107e-08
24815,0.9999974
24816,1.0789666e-06
24817,0.9999596
24818,0.99829847
24819,6.255729e-08
24820,0.9999999
24821,5.445386e-07
24822,0.99999976
24823,0.99999976
24824,0.99999964
24825,1.784952e-07
24826,2.2469283e-06
24827,5.6234505e-08
24828,0.9988777
24829,7.491627e-08
24830,0.99950624
24831,6.205922e-08
24832,2.8582134e-09
24833,0.9999999
24834,8.443392e-07
24835,0.9999993
24836,0.9999989
24837,3.2576196e-07
24838,0.99999964
24839,1.0
24840,0.9999999
24841,0.99999154
24842,0.9999999
24843,1.0
24844,0.9999999
24845,9.561065e-09
24846,2.3312325e-08
24847,1.0
24848,4.7178297e-09
24849,0.9999999
24850,7.957213e-09
24851,1.5928645e-08
24852,0.9999999
24853,0.9999999
24854,9.2024015e-09
24855,0.99999976
24856,1.2537879e-08
24857,3.1738793e-08
24858,2.6096572e-07
24859,1.2572069e-07
24860,3.7530282e-07
24861,0.9999963
24862,1.8511862e-07
24863,0.9999987
24864,0.99999845
24865,4.5502165e-06
24866,4.203038e-06
24867,1.0
24868,0.9999993
24869,4.839995e-07
24870,1.0
24871,0.9999999
24872,1.3595462e-07
24873,0.99999785
24874,1.0
24875,4.377035e-07
24876,0.9999893
24877,0.99999726
24878,0.9999995
24879,9.8158635e-05
24880,0.9999999
24881,0.9999988
24882,7.567859e-08
24883,3.8752794e-05
24884,0.9999999
24885,1.5525092e-08
24886,1.0665692e-08
24887,0.9999968
24888,0.7764457
24889,1.8465877e-07
24890,1.0217872e-07
24891,0.99999964
24892,1.7325737e-08
24893,1.0
24894,1.3093832e-07
24895,0.99999857
24896,1.4628068e-06
24897,0.9999999
24898,2.2085192e-07
24899,3.300394e-08
24900,0.9999989
24901,4.7167614e-08
24902,0.9999982
24903,0.9999747
24904,1.0
24905,9.512694e-06
24906,0.9999999
24907,1.3484106e-05
24908,1.0
24909,5.232123e-08
24910,0.9986583
24911,0.9999939
24912,0.86309546
24913,7.3214514e-06
24914,1.0
24915,0.9999969
24916,2.0884203e-08
24917,1.5624572e-09
24918,1.0
24919,0.9999989
24920,1.8526215e-08
24921,6.86633e-08
24922,5.5732226e-08
24923,0.99999976
24924,0.99999964
24925,1.0
24926,0.99999964
24927,1.0589717e-06
24928,0.99999094
24929,0.9999119
24930,0.9999949
24931,4.9505937e-09
24932,3.0420362e-09
24933,1.0
24934,7.472435e-06
24935,3.9379512e-07
24936,0.9999472
24937,0.9999999
24938,0.99999976
24939,7.2619497e-07
24940,3.6370942e-08
24941,9.4091375e-09
24942,0.000634849
24943,0.99999094
24944,0.99999976
24945,1.0
24946,1.0
24947,2.2259661e-07
24948,0.9999982
24949,9.7020255e-08
24950,0.9999999
24951,2.5667585e-08
24952,2.7507016e-07
24953,1.721e-08
24954,6.523703e-08
24955,1.1777701e-07
24956,0.9993468
24957,0.999841
24958,2.2438074e-07
24959,0.9999956
24960,0.99985933
24961,2.323596e-09
24962,2.076416e-07
24963,0.99998987
24964,1.2594996e-08
24965,4.4515823e-06
24966,0.999998
24967,0.9999876
24968,0.00031146363
24969,1.0
24970,0.9999683
24971,3.795251e-06
24972,0.9999999
24973,0.99999905
24974,1.5631128e-06
24975,0.9999987
24976,0.9999807
24977,2.2200355e-08
24978,1.0
24979,6.907839e-08
24980,5.7957198e-08
24981,4.7521688e-08
24982,1.2726481e-06
24983,0.99999976
24984,0.9999999
24985,1.0
24986,0.9999988
24987,4.0033303e-08
24988,4.343495e-07
24989,0.99996054
24990,0.99999905
24991,1.148267e-08
24992,1.0539442e-06
24993,0.9999852
24994,4.8126954e-06
24995,1.0187072e-06
24996,3.4347653e-07
24997,3.0175622e-07
24998,0.9999968
24999,0.9999999
25000,0.9999999
25001,2.7144147e-09
25002,0.9999999
25003,0.9999969
25004,0.99999964
25005,8.509992e-06
25006,1.5954176e-06
25007,0.99121946
25008,0.99999964
25009,0.9999795
25010,0.99999976
25011,0.9999958
25012,2.9951073e-07
25013,1.1344825e-08
25014,0.99999964
25015,1.0
25016,4.1253318e-07
25017,0.9999999
25018,0.9999987
25019,8.577141e-07
25020,1.0
25021,0.9999995
25022,1.0
25023,3.2961398e-09
25024,0.99980503
25025,0.99999774
25026,7.402808e-08
25027,1.0
25028,0.9999994
25029,5.3343108e-08
25030,9.859883e-09
25031,0.9999995
25032,8.494178e-08
25033,7.743003e-07
25034,9.843933e-08
25035,0.99999905
25036,5.096175e-08
25037,1.1666693e-07
25038,0.9999999
25039,1.0
25040,4.424417e-08
25041,1.1984054e-08
25042,0.99996746
25043,3.9099004e-07
25044,1.3677635e-08
25045,0.97257215
25046,0.9999969
25047,0.9999329
25048,2.711632e-08
25049,1.0
25050,0.99999964
25051,0.27864695
25052,3.5475647e-09
25053,8.258066e-08
25054,1.0
25055,1.0
25056,0.9999999
25057,0.9999999
25058,2.7047548e-07
25059,0.99989974
25060,5.3464124e-08
25061,0.99999857
25062,0.99999905
25063,1.6447194e-08
25064,0.99999964
25065,1.0
25066,0.99999976
25067,0.9782401
25068,0.999992
25069,0.99999964
25070,2.2167489e-05
25071,0.9999999
25072,1.7236085e-08
25073,4.5343693e-08
25074,0.99997365
25075,1.7248652e-07
25076,1.786416e-08
25077,0.9999982
25078,2.7252426e-08
25079,1.18653674e-07
25080,1.9478777e-07
25081,0.99999976
25082,1.2207324e-06
25083,1.2139694e-07
25084,0.99999964
25085,0.00026835513
25086,0.9999969
25087,0.9999999
25088,0.9999981
25089,1.7628412e-05
25090,0.9999999
25091,1.4313028e-08
25092,0.99999976
25093,0.9999993
25094,0.99997437
25095,0.99951875
25096,1.0
25097,1.0
25098,5.148532e-08
25099,2.9013363e-09
25100,0.99999905
25101,0.99999535
25102,0.99999964
25103,2.0880645e-07
25104,0.9999521
25105,0.9999995
25106,2.5787074e-08
25107,1.3517769e-08
25108,1.0
25109,1.0
25110,5.3789564e-09
25111,1.5214916e-06
25112,2.9712496e-07
25113,1.2203623e-06
25114,1.0
25115,1.6829555e-08
25116,1.12101946e-08
25117,1.0
25118,0.99999857
25119,2.0990876e-07
25120,7.312876e-09
25121,1.0
25122,1.0381128e-05
25123,1.0
25124,0.9999999
25125,1.0
25126,3.5588417e-09
25127,0.99999666
25128,8.277794e-08
25129,3.4652652e-07
25130,0.9999982
25131,0.9999989
25132,4.0825224e-08
25133,2.0158395e-05
25134,0.9999999
25135,1.0032055e-06
25136,1.0343835e-08
25137,0.0014649712
25138,1.0
25139,0.99999356
25140,7.792196e-09
25141,7.7158546e-07
25142,1.1399436e-07
25143,0.999966
25144,0.9999944
25145,0.9999949
25146,1.0782856e-08
25147,1.2391029e-08
25148,9.019648e-08
25149,0.9999999
25150,6.715503e-08
25151,0.9999999
25152,0.99999964
25153,1.5603335e-07
25154,0.45057204
25155,5.632833e-08
25156,3.9261693e-07
25157,1.3941941e-07
25158,0.99999917
25159,4.0883123e-08
25160,2.5793352e-07
25161,1.0
25162,3.6870137e-08
25163,6.3788543e-09
25164,1.0
25165,4.4923473e-07
25166,2.4078101e-06
25167,3.1904606e-06
25168,1.4892033e-06
25169,1.0
25170,0.9999999
25171,7.459417e-08
25172,0.99719656
25173,3.672921e-06
25174,0.99999785
25175,5.793872e-09
25176,5.0585506e-08
25177,0.9999989
25178,0.9999994
25179,0.99999976
25180,0.9999883
25181,0.9999975
25182,0.9999994
25183,7.7636235e-09
25184,0.99999595
25185,0.00013203922
25186,0.9999999
25187,1.6349047e-08
25188,1.0
25189,1.2750315e-06
25190,1.6409331e-06
25191,0.9999993
25192,0.99999976
25193,0.9999274
25194,0.9999418
25195,0.99999976
25196,9.180719e-08
25197,1.0
25198,0.9999999
25199,0.9999999
25200,0.0003884901
25201,1.0
25202,0.9999969
25203,4.9338263e-07
25204,0.99999976
25205,0.99999845
25206,7.873074e-05
25207,7.966956e-06
25208,0.99999917
25209,6.947877e-08
25210,2.4862325e-07
25211,5.0650588e-08
25212,0.99999857
25213,0.9998437
25214,0.9999819
25215,9.1939376e-07
25216,1.3999419e-07
25217,0.0029672834
25218,0.9999999
25219,4.185535e-08
25220,3.0920355e-06
25221,0.99999976
25222,0.99999976
25223,0.999982
25224,0.9999975
25225,3.0675636e-08
25226,0.9999981
25227,9.680953e-08
25228,2.3434254e-08
25229,0.99999726
25230,2.2268513e-07
25231,1.11430694e-07
25232,0.021328503
25233,6.33315e-09
25234,0.99998605
25235,1.655859e-08
25236,0.9999994
25237,0.9999995
25238,0.99981636
25239,0.99996793
25240,0.9999989
25241,4.6941375e-05
25242,7.471376e-07
25243,0.99999917
25244,1.7675315e-07
25245,2.8843146e-09
25246,0.9999989
25247,6.0727827e-09
25248,0.9999999
25249,5.4780522e-09
25250,0.93352014
25251,0.9999999
25252,0.9999999
25253,2.3487503e-08
25254,6.165265e-07
25255,1.0
25256,0.9999937
25257,0.999997
25258,0.99999976
25259,4.975129e-09
25260,1.9811694e-07
25261,4.2359645e-07
25262,4.586809e-07
25263,1.0
25264,3.950814e-09
25265,0.99999976
25266,0.9999999
25267,1.0
25268,1.9759521e-07
25269,0.9999949
25270,0.0074119363
25271,1.2972245e-08
25272,0.9999969
25273,0.9999993
25274,9.691299e-08
25275,0.99999356
25276,2.1754692e-08
25277,0.9999893
25278,0.9999999
25279,6.875404e-07
25280,1.0
25281,0.9999999
25282,1.0
25283,0.9999969
25284,0.9999696
25285,1.4027463e-08
25286,0.99999964
25287,7.0805e-07
25288,0.9999999
25289,4.0816506e-08
25290,3.376084e-08
25291,1.0
25292,2.7354602e-08
25293,1.8251978e-07
25294,4.5186386e-08
25295,6.670439e-08
25296,0.99999976
25297,1.0
25298,0.999995
25299,0.9999927
25300,7.826981e-08
25301,5.182927e-08
25302,6.776802e-08
25303,1.1824142e-06
25304,5.308571e-07
25305,5.4703495e-08
25306,0.9999819
25307,0.9999999
25308,6.9401085e-07
25309,1.1037258e-06
25310,4.7340656e-08
25311,0.0010780878
25312,8.887263e-09
25313,0.9999713
25314,1.0
25315,0.99999964
25316,4.2914095e-07
25317,0.9999994
25318,0.99999964
25319,0.95053786
25320,3.4208874e-08
25321,0.9999993
25322,5.292703e-07
25323,0.9999999
25324,7.240547e-07
25325,3.633806e-05
25326,7.446572e-07
25327,1.5909578e-08
25328,1.4455024e-07
25329,0.0023513641
25330,0.99999976
25331,9.705598e-08
25332,1.0
25333,2.210597e-05
25334,0.1848564
25335,0.9999995
25336,0.9999999
25337,0.9999999
25338,1.9123e-06
25339,0.99999475
25340,1.4812374e-06
25341,0.9999999
25342,3.5531325e-08
25343,1.867587e-07
25344,0.99998224
25345,0.9999999
25346,1.0
25347,1.0
25348,1.1867947e-07
25349,0.9999995
25350,0.0069679352
25351,0.0016241341
25352,3.6789993e-07
25353,0.9999956
25354,0.9999999
25355,0.9999999
25356,1.0650673e-07
25357,2.7763846e-07
25358,1.0
25359,0.9999999
25360,0.9999969
25361,0.9999957
25362,3.340521e-08
25363,0.9999969
25364,2.9319628e-07
25365,5.0179693e-08
25366,8.343322e-08
25367,0.996603
25368,9.092679e-08
25369,2.7567135e-09
25370,2.4219868e-05
25371,0.0024957352
25372,2.3589901e-09
25373,1.0
25374,1.9792903e-07
25375,1.0
25376,6.2575845e-07
25377,0.9999994
25378,3.5187504e-08
25379,1.7084634e-05
25380,0.9999974
25381,2.3263803e-05
25382,0.99999976
25383,0.9999989
25384,0.99918
25385,1.1007872e-07
25386,0.9999994
25387,0.99999964
25388,2.8917523e-08
25389,0.60512906
25390,5.177613e-08
25391,5.6515885e-09
25392,4.3303424e-07
25393,0.99999475
25394,4.836054e-08
25395,0.9997719
25396,0.9999994
25397,0.99999845
25398,4.4912354e-09
25399,1.2751584e-08
25400,0.99999976
25401,0.9999999
25402,0.99975747
25403,0.99999976
25404,0.9999994
25405,1.0
25406,0.9999999
25407,4.383474e-09
25408,6.6175526e-06
25409,1.0
25410,0.99999917
25411,6.5866054e-08
25412,0.065425485
25413,1.0
25414,0.99999857
25415,0.99999976
25416,0.00011177879
25417,6.0575964e-08
25418,8.538654e-08
25419,3.8896275e-07
25420,0.9999999
25421,0.9999999
25422,4.5295803e-08
25423,2.3474993e-07
25424,0.9999999
25425,9.7718555e-08
25426,1.0
25427,0.9999999
25428,1.0
25429,1.0
25430,1.0
25431,1.0
25432,1.0783869e-07
25433,1.242918e-05
25434,3.5419543e-08
25435,0.9999945
25436,2.7113892e-08
25437,0.9999969
25438,1.0
25439,1.0133324e-08
25440,0.9999999
25441,1.0927382e-06
25442,1.3278222e-05
25443,1.169611e-08
25444,2.044463e-08
25445,0.9999969
25446,2.3488254e-09
25447,0.9999988
25448,1.0841802e-07
25449,8.5204654e-08
25450,7.686214e-08
25451,1.0
25452,5.9978066e-07
25453,0.9999989
25454,5.615035e-09
25455,3.6064002e-06
25456,5.5494087e-07
25457,0.9999993
25458,0.999907
25459,1.0
25460,2.7821011e-08
25461,0.9999999
25462,3.4089354e-08
25463,8.6552696e-05
25464,0.99981636
25465,9.825644e-08
25466,0.9999969
25467,3.0311937e-09
25468,1.0
25469,3.7052374e-08
25470,0.99999964
25471,0.9999999
25472,7.766396e-08
25473,3.847504e-09
25474,0.99999905
25475,0.99999976
25476,3.926543e-08
25477,1.0
25478,2.1506722e-07
25479,2.7172897e-09
25480,0.99999964
25481,0.99999905
25482,0.99999976
25483,0.99998784
25484,1.4814352e-06
25485,0.9999969
25486,0.9999999
25487,0.99968565
25488,6.676995e-08
25489,2.7649222e-07
25490,0.00013817211
25491,0.9999974
25492,0.9999994
25493,1.7052822e-07
25494,5.875862e-08
25495,0.99999976
25496,0.9999995
25497,0.9962352
25498,0.999998
25499,0.9999989
25500,1.4648512e-08
25501,0.0041652774
25502,0.9999999
25503,0.99999726
25504,2.865191e-06
25505,0.9999851
25506,0.999997
25507,0.9897988
25508,0.9999999
25509,2.3808434e-06
25510,0.9999989
25511,0.00032428958
25512,0.99999976
25513,1.0
25514,0.020849742
25515,6.68719e-08
25516,0.9999976
25517,3.9423472e-08
25518,1.4872155e-08
25519,0.9999999
25520,1.0
25521,6.720947e-07
25522,1.0
25523,6.9826314e-08
25524,0.9999999
25525,6.303795e-07
25526,0.9999999
25527,2.286492e-07
25528,1.6823295e-08
25529,0.999998
25530,1.1616434e-07
25531,2.9413107e-08
25532,1.0
25533,6.4135286e-08
25534,0.9999933
25535,0.99999845
25536,1.0
25537,6.6719035e-06
25538,0.99999976
25539,5.099625e-06
25540,2.5920494e-06
25541,0.9999931
25542,3.0072453e-05
25543,0.99999976
25544,0.99999976
25545,1.5039537e-06
25546,0.9999995
25547,0.99999964
25548,8.9199887e-07
25549,0.9999511
25550,3.633877e-08
25551,0.99999785
25552,9.991475e-09
25553,1.0622631e-06
25554,9.301682e-09
25555,1.7773656e-06
25556,0.99999964
25557,5.8967675e-08
25558,0.9999993
25559,1.0
25560,2.4388693e-05
25561,0.9999914
25562,0.99999976
25563,5.2591787e-08
25564,3.5555635e-07
25565,1.8503708e-07
25566,0.9994842
25567,2.1112076e-07
25568,1.0
25569,0.9999999
25570,0.9999999
25571,1.945831e-08
25572,0.9999982
25573,0.98207563
25574,2.2653623e-07
25575,1.0
25576,0.99999976
25577,0.9999994
25578,9.8251384e-08
25579,0.99999964
25580,9.545888e-07
25581,0.9999962
25582,1.3058826e-07
25583,1.0
25584,0.9999995
25585,8.511402e-08
25586,4.0185466e-08
25587,0.9999995
25588,1.2502178e-08
25589,2.516196e-08
25590,1.2381867e-07
25591,0.99999976
25592,2.371728e-07
25593,1.2718618e-06
25594,5.461234e-06
25595,1.0
25596,8.344045e-07
25597,0.99999857
25598,0.9999993
25599,0.00012922319
25600,0.9999999
25601,0.99999976
25602,1.4529962e-07
25603,0.99999964
25604,0.0035779458
25605,2.4587158e-07
25606,4.0028723e-08
25607,7.0424186e-08
25608,0.9999999
25609,0.9999969
25610,2.112428e-07
25611,0.9999987
25612,1.0
25613,1.0904182e-07
25614,0.9999999
25615,6.290148e-09
25616,1.1794023e-07
25617,0.0049732337
25618,6.000811e-08
25619,9.230941e-06
25620,1.0
25621,6.305681e-06
25622,0.9999995
25623,0.99999976
25624,1.0
25625,0.9999999
25626,0.999997
25627,0.9999999
25628,4.25324e-08
25629,0.9999994
25630,0.9999969
25631,0.99998844
25632,0.99999976
25633,0.99999964
25634,0.9999919
25635,0.9999999
25636,2.6029861e-06
25637,1.1711491e-08
25638,5.5526375e-08
25639,0.9999964
25640,1.0
25641,1.6721917e-05
25642,5.6462582e-08
25643,1.0
25644,1.6391299e-07
25645,0.9999982
25646,0.00019164372
25647,9.271836e-09
25648,4.4995463e-07
25649,0.99999964
25650,0.98762333
25651,2.743264e-07
25652,1.9459148e-06
25653,0.9999999
25654,7.503554e-08
25655,0.99930334
25656,0.99999905
25657,3.204091e-08
25658,0.9999981
25659,2.684098e-07
25660,2.2776908e-07
25661,3.9037263e-06
25662,0.9999999
25663,0.021139044
25664,1.0214983e-06
25665,5.8834424e-08
25666,1.0
25667,2.5574937e-07
25668,1.3449823e-08
25669,9.472739e-07
25670,2.4025836e-08
25671,3.971839e-05
25672,1.0
25673,0.99999905
25674,2.7589851e-07
25675,3.6228704e-07
25676,6.02104e-07
25677,2.9068742e-06
25678,0.9994778
25679,1.7405798e-06
25680,3.6611004e-07
25681,0.9999999
25682,0.9997893
25683,1.4397652e-07
25684,2.6475582e-09
25685,0.99999976
25686,0.9999969
25687,3.3624392e-09
25688,1.0
25689,1.0047469e-08
25690,1.4786876e-08
25691,7.4285845e-07
25692,1.0435849e-07
25693,3.0052153e-08
25694,0.9999597
25695,0.99999356
25696,3.307553e-08
25697,0.94061047
25698,8.44114e-08
25699,0.99999404
25700,1.0
25701,5.5652873e-08
25702,0.9999999
25703,5.3742974e-07
25704,1.4731503e-08
25705,1.1549388e-06
25706,0.9999982
25707,1.9466626e-08
25708,1.0
25709,0.92497873
25710,0.99999976
25711,0.99999976
25712,1.0
25713,6.5669667e-07
25714,0.9986583
25715,0.9999982
25716,1.185616e-07
25717,1.0
25718,0.9999999
25719,3.0967846e-07
25720,0.9999999
25721,1.2426033e-08
25722,0.00030120014
25723,7.8418697e-07
25724,0.9999907
25725,0.99999976
25726,1.0
25727,2.2228278e-08
25728,3.3134e-08
25729,6.473835e-05
25730,0.9999994
25731,1.0
25732,0.9999999
25733,1.3962286e-07
25734,1.0
25735,4.604765e-08
25736,2.0197621e-08
25737,0.99987686
25738,3.0367283e-07
25739,0.9999989
25740,0.99999976
25741,1.1831828e-05
25742,1.5669725e-07
25743,0.99968696
25744,5.821923e-08
25745,0.009355002
25746,1.8427791e-07
25747,0.9999999
25748,3.012801e-09
25749,7.4690793e-06
25750,0.999997
25751,0.99999917
25752,0.99999964
25753,1.0
25754,3.639843e-07
25755,0.99999595
25756,0.9999999
25757,1.0
25758,6.1078555e-07
25759,3.4476242e-09
25760,8.6163645e-08
25761,0.9999989
25762,0.99999976
25763,0.99999607
25764,0.9999827
25765,4.4033527e-08
25766,1.0551813e-08
25767,0.9999999
25768,0.9999969
25769,1.0
25770,2.9122774e-07
25771,2.130879e-07
25772,0.99999976
25773,5.461013e-07
25774,1.4428142e-06
25775,9.408025e-09
25776,6.5236754e-09
25777,3.377855e-08
25778,1.2974489e-07
25779,3.2130575e-07
25780,0.99999714
25781,1.5386393e-08
25782,0.9999999
25783,1.0
25784,1.663368e-06
25785,9.147889e-09
25786,3.826617e-09
25787,1.0
25788,0.9999962
25789,0.99999964
25790,1.2810774e-08
25791,0.99999547
25792,8.446951e-09
25793,0.9999995
25794,9.183955e-09
25795,3.7087233e-08
25796,2.6142102e-08
25797,0.9999411
25798,9.613969e-09
25799,0.99999964
25800,1.0
25801,2.220887e-08
25802,0.99999464
25803,4.7904323e-06
25804,4.7493774e-08
25805,4.5305743e-08
25806,2.2353697e-06
25807,1.0
25808,0.99999845
25809,7.19686e-07
25810,0.9999999
25811,1.0
25812,2.2142005e-05
25813,3.4544636e-09
25814,1.0
25815,0.9989328
25816,2.274711e-06
25817,0.99999976
25818,1.0
25819,1.0
25820,0.9999994
25821,6.7813585e-07
25822,0.9999969
25823,4.6922555e-08
25824,0.99999976
25825,1.0
25826,0.99999976
25827,9.107968e-09
25828,1.8619365e-05
25829,2.0478039e-08
25830,2.7628775e-09
25831,1.0
25832,2.006852e-08
25833,2.2804766e-08
25834,7.5167304e-07
25835,8.489154e-09
25836,0.9999273
25837,3.2966367e-09
25838,6.2523775e-08
25839,5.072629e-08
25840,8.8905225e-08
25841,1.401813e-08
25842,0.99999464
25843,1.0
25844,0.99999976
25845,0.9999999
25846,0.9999981
25847,2.1176094e-08
25848,7.0848682e-09
25849,1.0
25850,0.9999993
25851,2.7113613e-06
25852,9.915718e-06
25853,0.99999976
25854,5.468416e-06
25855,4.3074224e-09
25856,4.2208097e-08
25857,0.9999949
25858,2.4901187e-08
25859,3.44667e-07
25860,2.3187242e-06
25861,0.9999993
25862,5.05694e-08
25863,0.99999905
25864,8.003183e-08
25865,1.3486299e-08
25866,0.9999989
25867,0.99999917
25868,1.2451946e-07
25869,0.99999976
25870,4.3312056e-07
25871,0.99999964
25872,4.312906e-09
25873,0.99999964
25874,0.99999964
25875,0.9999814
25876,2.4803876e-07
25877,1.8730053e-06
25878,8.0698135e-07
25879,0.8900673
25880,1.1280804e-06
25881,8.770083e-08
25882,1.4622374e-07
25883,2.3737155e-06
25884,1.1736109e-06
25885,0.9999999
25886,0.9997806
25887,0.99999845
25888,0.9999988
25889,0.008100041
25890,0.9999969
25891,0.9999968
25892,0.999998
25893,8.0203035e-06
25894,0.00015326032
25895,0.9999995
25896,1.0
25897,9.237256e-09
25898,1.0
25899,0.99999785
25900,1.0
25901,2.8793908e-08
25902,0.9999999
25903,2.876383e-08
25904,9.644627e-08
25905,0.9892687
25906,4.066234e-08
25907,3.682523e-08
25908,1.0
25909,0.9999995
25910,5.057287e-08
25911,2.46597e-09
25912,1.0
25913,0.00013940831
25914,0.001621851
25915,0.9999434
25916,0.9999994
25917,0.997632
25918,0.9999994
25919,0.9999999
25920,0.9999999
25921,0.9999894
25922,0.99999976
25923,0.9999317
25924,1.0372699e-08
25925,7.4908867e-06
25926,3.036519e-08
25927,0.9997576
25928,2.0285762e-08
25929,0.99999976
25930,8.512454e-09
25931,1.6320218e-06
25932,0.0014064929
25933,4.2333608e-09
25934,0.99999976
25935,0.99999976
25936,1.0
25937,1.0
25938,1.7433738e-08
25939,2.3021942e-06
25940,0.99999964
25941,0.9999937
25942,4.0374847e-08
25943,1.0
25944,0.9999999
25945,1.0
25946,0.9999994
25947,0.9999999
25948,5.9285975e-07
25949,3.6933423e-07
25950,0.9999987
25951,0.9999969
25952,0.99999976
25953,3.3412198e-07
25954,1.0
25955,1.7856324e-08
25956,3.1201462e-06
25957,0.0005055913
25958,0.99997056
25959,1.05424625e-07
25960,3.63839e-05
25961,0.9999919
25962,1.0744326e-07
25963,0.999948
25964,2.9855595e-05
25965,1.7091799e-06
25966,4.7229527e-09
25967,0.9999999
25968,1.622306e-07
25969,5.0016865e-08
25970,0.99999964
25971,1.1507553e-06
25972,0.99999964
25973,8.005823e-06
25974,0.9999994
25975,2.4638025e-09
25976,5.6261765e-08
25977,1.3910273e-05
25978,5.56499e-08
25979,3.3491848e-08
25980,7.213571e-07
25981,0.9999999
25982,0.00016158693
25983,6.9399273e-09
25984,6.397682e-08
25985,3.302693e-08
25986,0.9996668
25987,1.0657548e-06
25988,3.3249324e-07
25989,0.9999995
25990,4.0870802e-08
25991,2.1667274e-08
25992,0.99999964
25993,5.0731117e-08
25994,9.189513e-08
25995,3.26498e-06
25996,1.0488326e-06
25997,1.2252378e-06
25998,0.9999975
25999,9.6494844e-08
