id,rnn
20800,0.03932352
20801,1.1592077
20802,1.1289173
20803,0.04890243
20804,1.2504994
20805,1.2221221
20806,0.045749206
20807,1.045755
20808,0.91871053
20809,1.040707
20810,0.9603326
20811,0.7689076
20812,1.3417963
20813,0.9398424
20814,1.1735386
20815,0.05870885
20816,0.07836631
20817,0.09115584
20818,1.1248782
20819,0.099416345
20820,0.19784865
20821,0.7605512
20822,0.0725681
20823,1.901557
20824,1.0543463
20825,0.11102249
20826,1.0838051
20827,0.119341165
20828,0.35603392
20829,1.2237037
20830,0.03588336
20831,1.072896
20832,0.07713449
20833,-0.007799372
20834,1.424643
20835,0.20275038
20836,0.03443035
20837,0.77289444
20838,1.0225241
20839,-0.0018594563
20840,0.043252304
20841,0.03396251
20842,1.1158435
20843,0.06814446
20844,0.01514695
20845,1.106944
20846,0.4538763
20847,0.07231198
20848,1.2283401
20849,1.3465097
20850,0.09850761
20851,1.3958602
20852,-0.0022011362
20853,1.4606395
20854,1.6048241
20855,0.04759605
20856,1.165099
20857,0.043880362
20858,0.057561405
20859,0.0926135
20860,1.1413307
20861,1.5774692
20862,1.3976097
20863,0.08016561
20864,1.2344152
20865,1.0141013
20866,0.8399567
20867,1.3980976
20868,0.7612537
20869,0.024120053
20870,0.09587593
20871,0.9726549
20872,0.9819445
20873,0.1261762
20874,0.010964524
20875,0.8480507
20876,0.06442352
20877,0.027973559
20878,0.3665142
20879,0.031344935
20880,0.041442458
20881,1.4069983
20882,0.06064067
20883,0.9177838
20884,1.1596581
20885,1.4032795
20886,0.05521345
20887,0.11515583
20888,0.050255254
20889,0.022083998
20890,1.2216096
20891,0.03410017
20892,0.031282157
20893,0.8447465
20894,0.97966045
20895,-0.0047135577
20896,0.044144955
20897,0.047439516
20898,1.2788454
20899,1.3072757
20900,0.08704609
20901,0.91446495
20902,0.07435648
20903,0.33918652
20904,0.065146066
20905,-0.012192491
20906,1.229865
20907,0.054270163
20908,1.7088658
20909,1.3025588
20910,1.3577163
20911,0.11797531
20912,0.11377318
20913,1.1084676
20914,0.03485332
20915,0.011173528
20916,0.043616604
20917,1.2765999
20918,0.06389164
20919,1.0965564
20920,1.0714111
20921,0.5413649
20922,0.693058
20923,0.035658073
20924,0.5988292
20925,0.38938332
20926,1.0575598
20927,0.120762765
20928,1.2263913
20929,0.077244416
20930,1.280979
20931,0.04786268
20932,0.9600771
20933,0.017915472
20934,0.3951181
20935,0.103832155
20936,0.05011993
20937,1.283516
20938,1.3882756
20939,0.8065142
20940,1.433102
20941,0.042623732
20942,1.4605366
20943,1.3136193
20944,1.2010098
20945,0.055220287
20946,1.4414744
20947,1.4114386
20948,0.103176266
20949,0.9643644
20950,1.9947916
20951,0.3728626
20952,0.05460263
20953,1.5904775
20954,0.043683704
20955,0.12920143
20956,0.15944812
20957,1.2289822
20958,0.094692305
20959,0.9342923
20960,1.1771383
20961,1.0210819
20962,1.006315
20963,1.2170742
20964,0.06326735
20965,1.3583713
20966,0.050613746
20967,1.2031004
20968,1.0213904
20969,0.11241108
20970,0.037968613
20971,0.018116362
20972,-0.008999929
20973,0.15606132
20974,0.22606172
20975,0.06347902
20976,0.046662882
20977,0.26993686
20978,0.06031577
20979,0.019568771
20980,0.00205848
20981,0.026166694
20982,0.11000037
20983,0.48644546
20984,0.0869547
20985,1.1886508
20986,1.0818325
20987,0.97213256
20988,1.4002889
20989,0.4174404
20990,0.9955865
20991,0.066392064
20992,0.06975672
20993,0.02631025
20994,1.277361
20995,1.1827782
20996,0.5162697
20997,0.059157334
20998,1.9964489
20999,0.6256564
21000,0.031038351
21001,0.84174836
21002,0.02816746
21003,1.307682
21004,1.1052616
21005,1.9493432
21006,0.97707486
21007,1.7295465
21008,0.05640979
21009,0.037028503
21010,-0.018207915
21011,1.0877616
21012,1.1144538
21013,0.060146406
21014,1.5049626
21015,1.3025812
21016,1.1868001
21017,0.01849772
21018,0.08274748
21019,2.1812487
21020,0.15880847
21021,1.3739774
21022,0.044861153
21023,0.045899916
21024,0.43491086
21025,2.0120761
21026,0.9623043
21027,1.213037
21028,0.055250987
21029,0.04176341
21030,0.049632955
21031,0.07541607
21032,0.82304215
21033,0.93431634
21034,1.0356071
21035,0.8215452
21036,1.4627581
21037,1.015518
21038,0.15064701
21039,0.10983516
21040,1.6122462
21041,1.1681548
21042,0.024821877
21043,1.2868959
21044,1.943373
21045,0.032682892
21046,0.07150114
21047,1.1701156
21048,0.060476642
21049,0.2658145
21050,0.964622
21051,1.3329777
21052,0.990263
21053,0.06550069
21054,1.4435881
21055,0.07452003
21056,0.056625746
21057,0.7935695
21058,1.4553025
21059,1.2829913
21060,0.37477016
21061,1.3290051
21062,1.0560085
21063,0.12408276
21064,1.0222554
21065,1.8972664
21066,0.12705088
21067,1.273226
21068,0.33712235
21069,0.8682893
21070,0.0694481
21071,0.08319183
21072,0.8797622
21073,1.1461966
21074,0.052079946
21075,0.13584974
21076,0.0069796406
21077,0.041870024
21078,0.048533563
21079,0.4907547
21080,0.06272279
21081,1.5304585
21082,0.036816157
21083,1.2479434
21084,0.9898393
21085,0.035026055
21086,0.016220586
21087,1.545369
21088,0.05288741
21089,0.024754103
21090,0.6719473
21091,0.47939783
21092,0.10382192
21093,1.1834618
21094,1.5265262
21095,1.3009379
21096,1.3750887
21097,0.052293018
21098,0.96495736
21099,0.15351953
21100,0.062015314
21101,0.027041059
21102,1.0104861
21103,1.4946603
21104,0.8440361
21105,0.07497063
21106,0.9854094
21107,0.8958283
21108,0.20611778
21109,0.07398177
21110,0.045660384
21111,0.4954445
21112,1.735559
21113,0.045175128
21114,0.052132584
21115,1.140879
21116,-0.006404031
21117,0.7750185
21118,0.038138904
21119,0.09311703
21120,0.010271359
21121,0.32765296
21122,0.06889625
21123,0.3548331
21124,0.043772385
21125,0.18639734
21126,1.0913674
21127,0.062288877
21128,0.04100135
21129,0.99574614
21130,1.1509453
21131,-0.0005052611
21132,1.1101089
21133,1.2396349
21134,0.53947455
21135,1.3206037
21136,1.1369457
21137,0.080422
21138,0.04282486
21139,0.041988876
21140,1.1250693
21141,0.27795687
21142,1.1314111
21143,0.10295449
21144,1.3845267
21145,0.04263241
21146,0.09901273
21147,1.3818325
21148,0.048332646
21149,1.1766297
21150,0.059541516
21151,0.04668215
21152,0.47038
21153,1.076306
21154,0.040797852
21155,0.26861957
21156,0.8835806
21157,1.3172858
21158,0.035202883
21159,0.062100865
21160,0.1049
21161,0.22381732
21162,1.1053494
21163,1.4009486
21164,0.97274154
21165,0.09301289
21166,1.4797845
21167,1.3312525
21168,0.15035763
21169,0.13280414
21170,0.1016901
21171,0.9270046
21172,0.056440417
21173,0.033789203
21174,1.04498
21175,0.021297513
21176,0.79073113
21177,1.1613376
21178,0.04279124
21179,0.060196854
21180,0.08191651
21181,1.1209425
21182,1.0615851
21183,0.077456474
21184,0.4010555
21185,0.9835321
21186,0.8524409
21187,1.2669564
21188,0.24671741
21189,0.20300147
21190,1.271236
21191,0.9716633
21192,0.22840868
21193,0.9432324
21194,-0.009710327
21195,0.9616586
21196,1.1413757
21197,0.048556797
21198,0.05084543
21199,0.11484444
21200,-0.017564017
21201,0.037773173
21202,0.022043804
21203,0.040102508
21204,1.0101724
21205,0.057062384
21206,0.062385615
21207,0.23348895
21208,0.0005846843
21209,0.058005657
21210,1.077887
21211,0.79981345
21212,0.06559617
21213,0.12506522
21214,1.0310837
21215,0.128449
21216,0.23243435
21217,0.005702134
21218,0.14575167
21219,0.1612663
21220,0.029658113
21221,0.0039547645
21222,1.1410513
21223,0.058923047
21224,0.4779294
21225,2.0952523
21226,0.028064728
21227,1.1693338
21228,0.069891505
21229,0.025244333
21230,-0.004428398
21231,0.59909433
21232,0.07468129
21233,0.05956857
21234,0.04699144
21235,0.09385811
21236,0.047283534
21237,1.1100836
21238,0.98076373
21239,0.10347757
21240,1.2420294
21241,0.072010025
21242,1.1039461
21243,0.035628848
21244,-0.0070798546
21245,1.0590637
21246,0.056016553
21247,1.7646383
21248,0.019301781
21249,0.031611525
21250,1.1783183
21251,0.6039788
21252,0.036734033
21253,1.0657089
21254,0.022351865
21255,0.07620093
21256,0.112570226
21257,0.0533329
21258,1.3729867
21259,0.06716603
21260,0.031923063
21261,0.041284066
21262,0.14782548
21263,-0.0014554523
21264,0.075074404
21265,0.14378247
21266,0.7898333
21267,0.022748519
21268,0.1471323
21269,0.04113446
21270,1.2166158
21271,0.056566708
21272,0.06549945
21273,0.041021667
21274,0.64310426
21275,0.04421113
21276,0.94785017
21277,2.0639784
21278,0.07883467
21279,0.6650688
21280,1.0836694
21281,0.18067232
21282,1.0353991
21283,0.04300626
21284,0.0778282
21285,-0.0005698502
21286,1.8375494
21287,0.89638585
21288,0.20177555
21289,0.039173335
21290,0.06881366
21291,0.37068617
21292,0.053585503
21293,1.225165
21294,0.030658517
21295,0.04833642
21296,0.14960323
21297,1.1641628
21298,0.7555509
21299,1.2474073
21300,1.3274013
21301,0.10645875
21302,-0.011002827
21303,1.1134998
21304,0.2175214
21305,1.110807
21306,0.05728283
21307,0.087885216
21308,0.012812577
21309,0.17643596
21310,1.286396
21311,0.97355396
21312,1.3374982
21313,0.043856937
21314,-0.0097220205
21315,1.1184579
21316,0.20146358
21317,0.0075211115
21318,0.05373185
21319,0.3255535
21320,0.10844591
21321,0.071891114
21322,1.26857
21323,1.12725
21324,0.05180763
21325,1.8010931
21326,0.05693018
21327,0.06756782
21328,1.3423148
21329,0.19035926
21330,0.9807973
21331,1.113907
21332,0.09687873
21333,0.38409674
21334,1.3772879
21335,0.042862706
21336,0.9985273
21337,0.013889987
21338,0.80678165
21339,0.9349367
21340,2.0023546
21341,1.8689048
21342,1.4931135
21343,0.11884649
21344,0.007000275
21345,1.7590954
21346,0.040366977
21347,0.08770079
21348,0.118703336
21349,0.044410255
21350,0.053136628
21351,1.1440316
21352,0.13942318
21353,1.0559566
21354,1.5944046
21355,0.06086617
21356,0.11336312
21357,0.25453097
21358,0.0739823
21359,1.0759126
21360,0.082034715
21361,1.3176018
21362,0.1096521
21363,0.047170363
21364,1.7474569
21365,1.2139094
21366,0.0740604
21367,1.1419141
21368,1.2609143
21369,0.03664727
21370,0.96855044
21371,0.050768282
21372,0.42533207
21373,1.0356249
21374,0.05251769
21375,-0.002413746
21376,0.03748402
21377,2.275616
21378,0.04805609
21379,0.034381185
21380,0.31984955
21381,0.0080770925
21382,1.2141896
21383,1.0512972
21384,0.0579621
21385,1.0676168
21386,1.5135404
21387,1.0597144
21388,0.28456
21389,1.0543463
21390,1.3549868
21391,1.0680835
21392,1.1348904
21393,0.120917544
21394,0.25582957
21395,0.05713794
21396,0.014525546
21397,0.11939098
21398,0.37295184
21399,0.035310753
21400,0.7531153
21401,0.06700274
21402,1.4721092
21403,1.7332058
21404,0.19044565
21405,0.20146185
21406,0.005754087
21407,1.0562999
21408,0.042634003
21409,0.049359553
21410,0.9570349
21411,1.7061175
21412,0.046557005
21413,0.10326466
21414,0.0912342
21415,1.0543463
21416,1.091599
21417,0.21947414
21418,0.040031612
21419,1.5830853
21420,1.1007746
21421,0.10876617
21422,0.6897768
21423,-0.00094003975
21424,0.048509847
21425,0.0677024
21426,1.0543463
21427,0.06810419
21428,1.2193213
21429,0.05428174
21430,0.04525701
21431,1.9606901
21432,0.03598361
21433,0.27055413
21434,0.08246453
21435,0.065044925
21436,0.08563197
21437,1.4301862
21438,0.12755401
21439,0.94334275
21440,0.034893334
21441,1.762598
21442,1.7320908
21443,0.6442883
21444,0.022614606
21445,1.4790535
21446,1.0640589
21447,0.022029163
21448,1.3618225
21449,0.12665509
21450,0.5615963
21451,0.42755175
21452,0.27872244
21453,1.4412823
21454,0.05012191
21455,1.0530243
21456,0.8380356
21457,0.7672839
21458,0.047355384
21459,0.04938841
21460,1.0301763
21461,1.0901136
21462,0.1121674
21463,1.4896619
21464,0.0493865
21465,0.023429407
21466,0.07401797
21467,0.008362055
21468,0.95026535
21469,0.043182272
21470,0.15320036
21471,1.2178278
21472,0.05091004
21473,0.035400312
21474,0.0407147
21475,0.050982267
21476,1.1002133
21477,1.1363523
21478,0.102371246
21479,0.35341862
21480,1.6116099
21481,0.052372947
21482,1.2302912
21483,0.037629724
21484,0.23971257
21485,1.1575273
21486,0.017405467
21487,1.4032202
21488,0.7999793
21489,0.020713635
21490,0.88756764
21491,0.05633463
21492,0.9301691
21493,1.0460325
21494,0.013662765
21495,0.055874486
21496,1.0543463
21497,0.86813915
21498,1.5610561
21499,0.06544668
21500,0.107177034
21501,0.07084027
21502,0.051202614
21503,1.3461579
21504,0.73672086
21505,0.95564586
21506,1.4322579
21507,0.038700305
21508,0.0539882
21509,0.034636416
21510,0.055834714
21511,1.0132545
21512,0.03352045
21513,1.0944017
21514,-0.008596409
21515,0.10560222
21516,1.5714617
21517,1.0543463
21518,-0.016486287
21519,0.036396533
21520,0.99043626
21521,0.026862402
21522,0.94917446
21523,1.1519338
21524,1.1239117
21525,0.03844485
21526,1.0250906
21527,0.06378526
21528,0.05344978
21529,0.1773112
21530,0.08427352
21531,0.14035662
21532,0.19964057
21533,0.030902851
21534,0.12403467
21535,0.0015426725
21536,0.04067149
21537,0.9826206
21538,1.2343161
21539,0.0562206
21540,1.3437637
21541,0.95421594
21542,0.05313114
21543,0.057577305
21544,0.7911407
21545,0.038960602
21546,0.30926776
21547,0.008412195
21548,0.13731821
21549,0.035388015
21550,1.4070446
21551,1.0729256
21552,1.3039429
21553,0.3722507
21554,0.14428066
21555,0.6793104
21556,0.047773115
21557,0.06356259
21558,1.238613
21559,1.3442775
21560,0.07154822
21561,0.025995616
21562,0.054405756
21563,0.047258474
21564,2.3665664
21565,1.4688567
21566,0.061249863
21567,1.2584506
21568,0.1495426
21569,0.06773406
21570,0.84954876
21571,1.3469995
21572,0.021160861
21573,0.48922056
21574,0.06494552
21575,0.0686144
21576,0.03719602
21577,1.3037063
21578,1.0543463
21579,0.10241802
21580,1.1082172
21581,1.3525528
21582,1.2883643
21583,1.46575
21584,1.3025588
21585,1.2069861
21586,0.063529074
21587,0.30909643
21588,0.03715215
21589,0.038558166
21590,0.026235405
21591,0.9839113
21592,0.027752226
21593,0.86228997
21594,1.3246028
21595,0.038619675
21596,0.11997709
21597,1.9531522
21598,0.00039711222
21599,0.27400863
21600,0.09142401
21601,0.09218631
21602,0.17768735
21603,0.7562231
21604,0.08742754
21605,0.0360981
21606,0.04595434
21607,0.3204428
21608,0.11300793
21609,1.0593083
21610,1.5320696
21611,1.3136396
21612,1.3089527
21613,0.057866853
21614,1.5892465
21615,0.5868656
21616,0.07114794
21617,0.0711955
21618,1.0299375
21619,0.18802536
21620,-0.008276418
21621,1.4320474
21622,0.1251009
21623,0.18669611
21624,1.2055387
21625,0.19357462
21626,0.22644645
21627,1.1829405
21628,0.57888275
21629,2.232746
21630,0.0660612
21631,0.6010577
21632,0.06968344
21633,2.1102633
21634,0.04598832
21635,1.0543463
21636,-0.004171077
21637,1.1795213
21638,0.09930514
21639,2.3620121
21640,1.3369478
21641,1.3889083
21642,0.034637984
21643,0.032054678
21644,0.051237687
21645,1.036774
21646,0.095834635
21647,0.02617791
21648,0.048940368
21649,0.9801666
21650,2.1732934
21651,0.8923195
21652,1.7286472
21653,0.040856153
21654,1.0991656
21655,0.0025526136
21656,0.68877184
21657,0.9129607
21658,0.83253103
21659,0.036688015
21660,0.0127344355
21661,1.6068169
21662,0.07463911
21663,0.017925097
21664,0.07159068
21665,0.7905558
21666,0.708551
21667,1.262234
21668,2.0229318
21669,0.77016723
21670,1.494076
21671,0.1148698
21672,0.04473915
21673,1.3025585
21674,0.35903427
21675,0.07689954
21676,0.5395143
21677,1.1066444
21678,1.3268343
21679,0.07785255
21680,0.18726067
21681,1.2373949
21682,0.9213108
21683,1.5304585
21684,2.3021615
21685,1.0722284
21686,2.0985851
21687,1.3831693
21688,1.1719955
21689,1.2481577
21690,1.2055719
21691,0.048109315
21692,1.1506244
21693,0.18714143
21694,0.9230004
21695,0.99962366
21696,0.032246403
21697,0.04568966
21698,0.038719513
21699,1.0572639
21700,1.2214744
21701,0.02452736
21702,0.042804066
21703,0.050168607
21704,0.08245196
21705,1.1460347
21706,0.03631095
21707,1.3549843
21708,0.6987703
21709,1.1401731
21710,0.038720872
21711,0.049134903
21712,1.1238316
21713,1.1350015
21714,1.7008357
21715,0.046808254
21716,0.074267775
21717,-0.010364961
21718,1.4210817
21719,0.003766995
21720,1.0624906
21721,1.4441789
21722,1.2591844
21723,0.6907595
21724,0.015005782
21725,0.83138424
21726,1.1107572
21727,0.055568863
21728,0.02460075
21729,0.9775324
21730,1.082098
21731,0.03855289
21732,1.4924691
21733,1.5306915
21734,0.05971482
21735,0.12153098
21736,0.062263478
21737,0.070063256
21738,1.0385635
21739,0.20619865
21740,1.1809454
21741,1.4364246
21742,1.2280467
21743,1.246764
21744,0.53277457
21745,0.056825183
21746,1.1681445
21747,1.1236807
21748,1.3071607
21749,0.86371726
21750,1.6968908
21751,1.0002048
21752,0.014602402
21753,1.0365281
21754,0.07238828
21755,0.27361298
21756,1.3250428
21757,1.7618749
21758,0.04215465
21759,0.075388655
21760,1.3981676
21761,0.0526986
21762,0.9914886
21763,0.8991237
21764,0.06607273
21765,1.2204534
21766,1.1740535
21767,0.052882202
21768,0.018202698
21769,1.2738826
21770,-0.0060693435
21771,0.02744896
21772,0.14948581
21773,0.03958688
21774,0.07587731
21775,0.057117634
21776,1.0598251
21777,0.022290275
21778,1.0543463
21779,0.028640322
21780,0.09335858
21781,0.0487222
21782,1.102305
21783,0.2596268
21784,0.8055065
21785,0.8469899
21786,0.09257157
21787,0.029534845
21788,0.02670223
21789,1.1876092
21790,1.0328362
21791,0.04301969
21792,0.015189052
21793,0.04229686
21794,1.0659518
21795,0.065122336
21796,1.1935465
21797,0.05264104
21798,0.99959064
21799,0.03379513
21800,0.07919338
21801,0.77865803
21802,1.1154221
21803,1.4573599
21804,0.790669
21805,0.022853868
21806,0.096243806
21807,0.89427716
21808,1.5032682
21809,1.0106245
21810,1.0359885
21811,1.1032763
21812,0.01868727
21813,0.39074826
21814,1.1652709
21815,-0.0051406883
21816,1.2610124
21817,0.07903454
21818,0.85815966
21819,0.07100318
21820,-0.0076551065
21821,2.2184343
21822,0.024448335
21823,-0.01373196
21824,1.191696
21825,0.10978231
21826,0.15159892
21827,1.7565149
21828,1.5858569
21829,0.82428133
21830,2.2564914
21831,1.1511438
21832,1.564606
21833,1.4523805
21834,1.3159883
21835,1.7801412
21836,0.07078272
21837,2.0656204
21838,0.054058593
21839,1.4414744
21840,2.03678
21841,1.3773016
21842,0.14971016
21843,0.024685362
21844,1.1598719
21845,0.0127697475
21846,0.033844948
21847,1.8364531
21848,1.2905012
21849,1.4998801
21850,1.1954292
21851,0.20104794
21852,0.06032608
21853,1.4699112
21854,1.1186367
21855,0.2766606
21856,0.069532484
21857,1.3230973
21858,-0.009031784
21859,0.06173714
21860,0.04557819
21861,1.0891536
21862,1.0785317
21863,1.1573043
21864,0.061425313
21865,1.0044079
21866,1.1772901
21867,0.074525595
21868,0.04448403
21869,1.2618083
21870,0.8551268
21871,0.029372826
21872,0.049116395
21873,1.6199938
21874,1.4574596
21875,0.9338152
21876,0.01941376
21877,0.05959958
21878,0.7390864
21879,1.0130757
21880,0.06444899
21881,1.5822875
21882,1.0571569
21883,0.047925267
21884,0.070280306
21885,0.030821268
21886,0.018378764
21887,0.035364266
21888,1.2157435
21889,0.065974995
21890,0.85703427
21891,0.05634484
21892,0.05832952
21893,0.09098256
21894,-0.0065280013
21895,2.1827848
21896,1.1609799
21897,0.1244344
21898,0.08457084
21899,1.1754017
21900,0.058647186
21901,1.1908715
21902,1.3080277
21903,1.4888463
21904,0.95261735
21905,1.0463371
21906,0.43224064
21907,0.9728936
21908,0.63987595
21909,0.0008315779
21910,0.73687685
21911,0.08153519
21912,0.0009714626
21913,0.16414934
21914,0.25024018
21915,1.3456442
21916,1.0438044
21917,0.015125122
21918,0.035437755
21919,0.0076507404
21920,0.23031807
21921,0.09937826
21922,0.059168387
21923,0.61986095
21924,0.40664476
21925,0.638216
21926,0.030949153
21927,2.2466958
21928,1.2105159
21929,1.3522654
21930,1.3094431
21931,1.8930646
21932,1.4101601
21933,1.3986738
21934,1.0543463
21935,0.03655518
21936,1.2279066
21937,1.1779095
21938,0.44299328
21939,1.3302749
21940,1.1771249
21941,-0.0020348579
21942,0.07849571
21943,1.1167523
21944,1.3197292
21945,1.3395691
21946,1.2382077
21947,1.142179
21948,0.051175423
21949,0.03968155
21950,1.1421653
21951,1.137463
21952,1.0098113
21953,0.042008318
21954,2.0895038
21955,1.4227796
21956,0.043795325
21957,1.4222908
21958,0.041187804
21959,0.012952218
21960,1.0879507
21961,0.038285077
21962,0.084841624
21963,0.09408964
21964,0.13070425
21965,1.5579127
21966,1.016795
21967,0.03819966
21968,1.323249
21969,0.081802376
21970,0.039978884
21971,0.9559166
21972,0.035726894
21973,0.051612116
21974,0.8691414
21975,1.1021016
21976,0.6356625
21977,0.041105524
21978,1.4163414
21979,0.074147336
21980,0.041269515
21981,1.3895098
21982,0.0071827434
21983,0.045732588
21984,1.6801167
21985,1.2348228
21986,0.044733226
21987,1.0733309
21988,0.046163395
21989,0.017739417
21990,1.4508096
21991,0.036563322
21992,2.0841312
21993,1.1056883
21994,1.092826
21995,0.053917047
21996,0.08938886
21997,0.10370731
21998,0.26298785
21999,0.06037411
22000,1.8605838
22001,1.2528144
22002,1.0374639
22003,1.1514196
22004,0.12365119
22005,1.4005035
22006,0.48189324
22007,0.052971244
22008,0.1037035
22009,0.043856945
22010,0.03077792
22011,1.0780888
22012,0.09060693
22013,0.040934645
22014,0.11790566
22015,-0.011434659
22016,0.54565305
22017,0.0370454
22018,0.12759659
22019,1.3204644
22020,0.1896381
22021,0.8144678
22022,0.03478584
22023,1.0106533
22024,0.052552056
22025,0.06488533
22026,1.1495562
22027,1.1397904
22028,0.041612513
22029,0.08208485
22030,1.235261
22031,0.5274539
22032,0.029250523
22033,1.222559
22034,0.83487934
22035,0.23799756
22036,0.05134829
22037,0.045240745
22038,1.3720708
22039,0.03683601
22040,-0.006667383
22041,1.4322356
22042,1.2385136
22043,0.030217145
22044,0.17616658
22045,1.2339034
22046,1.3996313
22047,0.0032438189
22048,0.8855948
22049,1.1760207
22050,0.04355041
22051,0.06277031
22052,0.32475954
22053,0.43004784
22054,1.146802
22055,1.651023
22056,1.190891
22057,1.0469718
22058,1.1359806
22059,1.0478476
22060,0.057792313
22061,1.21875
22062,0.9100414
22063,0.03046639
22064,0.048093516
22065,1.1908448
22066,1.9009703
22067,0.019937985
22068,0.05606807
22069,1.1292006
22070,0.9001243
22071,1.4414744
22072,0.037551995
22073,0.041969296
22074,1.4667554
22075,0.035424378
22076,0.03226361
22077,0.05151181
22078,0.046089776
22079,0.08555728
22080,0.09410821
22081,1.5109746
22082,0.18007144
22083,0.08838725
22084,0.069936626
22085,0.8171368
22086,1.9300326
22087,1.4722074
22088,0.061348736
22089,1.8354564
22090,0.08539727
22091,0.03930347
22092,1.4571456
22093,1.2181634
22094,0.84325355
22095,0.37575814
22096,0.9237296
22097,0.039254263
22098,0.86272824
22099,0.048540555
22100,0.19993079
22101,0.056580625
22102,1.2053827
22103,0.036811452
22104,0.9815393
22105,0.067245245
22106,0.0048830546
22107,0.104182586
22108,1.0840572
22109,0.032449912
22110,1.4156622
22111,1.3047159
22112,1.1942972
22113,1.178745
22114,0.1408674
22115,1.1029464
22116,0.0041358806
22117,0.06170702
22118,0.051831603
22119,0.04755285
22120,1.3313185
22121,1.0685955
22122,2.2916346
22123,1.871891
22124,0.96817535
22125,0.027655605
22126,0.94017303
22127,1.2651747
22128,0.072646976
22129,0.025596408
22130,0.46559176
22131,0.9436205
22132,0.1554885
22133,1.2582229
22134,0.066476606
22135,0.036778077
22136,0.009427723
22137,0.039200198
22138,0.07717853
22139,0.036687024
22140,-0.010506064
22141,0.8772661
22142,1.0902919
22143,0.050105028
22144,1.1623691
22145,0.279224
22146,0.12864368
22147,1.2013977
22148,0.05274246
22149,1.0655141
22150,0.11776428
22151,0.09590344
22152,1.7724761
22153,0.016032921
22154,0.0065733194
22155,0.97413445
22156,0.06337547
22157,1.0950961
22158,1.0703818
22159,0.5985129
22160,0.77370864
22161,1.2237197
22162,0.886278
22163,0.44146815
22164,0.043164227
22165,1.527633
22166,1.1649951
22167,0.04013629
22168,1.3473582
22169,1.5261927
22170,0.6009411
22171,-0.001207836
22172,1.7776245
22173,0.03196406
22174,1.4059983
22175,0.008314967
22176,0.025888175
22177,0.10716201
22178,1.4855877
22179,0.03726496
22180,0.05175426
22181,0.07689667
22182,0.5699752
22183,0.22062342
22184,1.8053405
22185,0.845933
22186,0.28520912
22187,0.034636613
22188,0.20132983
22189,0.9694424
22190,0.21467814
22191,0.403473
22192,1.1392262
22193,1.4924756
22194,0.012494439
22195,0.9073988
22196,0.054078754
22197,1.0786747
22198,1.1385992
22199,0.05157868
22200,0.07023834
22201,0.032755394
22202,0.0899279
22203,1.2516929
22204,1.215248
22205,0.06273863
22206,0.16258223
22207,0.05475501
22208,1.0258251
22209,1.0676491
22210,0.073997825
22211,1.2238537
22212,1.6219666
22213,1.6836787
22214,1.1847163
22215,0.043721005
22216,0.048079554
22217,1.3241329
22218,0.07399389
22219,1.6940646
22220,0.05038082
22221,0.10203591
22222,1.2922413
22223,0.018476652
22224,1.2965373
22225,1.1029634
22226,0.026687775
22227,0.5227717
22228,1.4572366
22229,0.9327936
22230,0.9191549
22231,1.0506701
22232,0.03945521
22233,0.43854645
22234,0.127252
22235,0.050852
22236,1.362964
22237,1.1601379
22238,1.2889128
22239,0.8506448
22240,0.03903466
22241,0.028615538
22242,1.4301208
22243,0.03718198
22244,0.9815112
22245,1.1665496
22246,0.044405658
22247,0.091962814
22248,1.0232028
22249,-0.00349335
22250,1.1671375
22251,0.044891436
22252,0.8348885
22253,0.04607927
22254,0.047857646
22255,0.057868905
22256,1.0587969
22257,0.041570485
22258,0.041772705
22259,1.4511045
22260,1.1888565
22261,0.042422395
22262,1.1699904
22263,0.9229825
22264,1.097966
22265,0.74380666
22266,0.056819543
22267,0.2639879
22268,1.2793425
22269,1.0500374
22270,0.042983245
22271,0.042012032
22272,0.85317624
22273,1.9230324
22274,0.015742857
22275,1.0555362
22276,1.005075
22277,0.121196985
22278,1.0883414
22279,1.0960102
22280,-0.016759168
22281,0.33969375
22282,0.5591144
22283,1.1496086
22284,0.04827003
22285,0.20211244
22286,1.0386317
22287,0.089997955
22288,0.06580989
22289,1.0056033
22290,0.11132191
22291,0.07076032
22292,0.01320968
22293,0.5225624
22294,0.014160875
22295,1.6985779
22296,0.211784
22297,0.060599674
22298,0.62547195
22299,2.3463082
22300,1.3893156
22301,1.5118059
22302,0.034482345
22303,0.055012047
22304,0.89187896
22305,1.1002198
22306,1.2457005
22307,1.266897
22308,0.009611271
22309,0.04907301
22310,0.035878368
22311,0.020752456
22312,0.12997542
22313,1.1953403
22314,1.3004135
22315,1.2885369
22316,1.1149231
22317,0.32794848
22318,0.053807296
22319,1.3909721
22320,0.73881406
22321,2.0557086
22322,0.08893107
22323,0.90005255
22324,0.059222892
22325,1.5818036
22326,1.0537801
22327,0.04796959
22328,2.209428
22329,1.5306121
22330,0.9591023
22331,0.8252641
22332,0.019960552
22333,1.0830961
22334,1.2783849
22335,0.0467691
22336,0.102956206
22337,0.024333013
22338,1.3235333
22339,0.09232041
22340,0.05466988
22341,0.124790326
22342,1.1299481
22343,0.06563706
22344,0.030638028
22345,0.055144574
22346,0.1530696
22347,1.3641844
22348,0.099705406
22349,0.019873269
22350,1.5673828
22351,-0.017044734
22352,1.335064
22353,1.4414744
22354,1.3604735
22355,0.052839637
22356,1.0600145
22357,1.5040845
22358,0.83962846
22359,1.1565636
22360,1.7321299
22361,0.041178644
22362,0.048836455
22363,0.08794817
22364,1.0226353
22365,0.16589923
22366,1.1220499
22367,0.115067646
22368,0.039837904
22369,0.049596407
22370,1.4360809
22371,1.612272
22372,1.2607565
22373,0.09240116
22374,-0.0035015978
22375,0.012628149
22376,0.057762146
22377,1.6703389
22378,0.85310525
22379,1.1175835
22380,0.05578351
22381,1.8347882
22382,1.5466641
22383,1.0481986
22384,0.35227928
22385,1.065317
22386,0.44281635
22387,1.9168369
22388,-0.0022386573
22389,1.2500845
22390,0.057266265
22391,0.7191592
22392,-0.0126354955
22393,1.6774907
22394,0.12197456
22395,1.8668995
22396,0.06571033
22397,1.5394468
22398,0.029131804
22399,1.5770133
22400,0.067669265
22401,0.09977274
22402,0.03357165
22403,1.3425169
22404,0.25473142
22405,0.93002033
22406,1.3907914
22407,0.8743669
22408,0.041230407
22409,0.066910826
22410,-0.0017434731
22411,0.1122929
22412,0.26476866
22413,0.03770651
22414,1.647743
22415,1.3930764
22416,0.005521763
22417,1.1153775
22418,1.1960775
22419,1.334536
22420,0.06132497
22421,0.04620127
22422,0.11876099
22423,0.0317329
22424,0.071565926
22425,1.0735435
22426,0.032850385
22427,1.2187686
22428,1.3183085
22429,0.019550513
22430,0.060950767
22431,1.0323985
22432,0.6489618
22433,1.2595527
22434,1.6314229
22435,1.1405039
22436,0.15777989
22437,0.031832214
22438,1.1743046
22439,0.03063158
22440,1.6318648
22441,1.6345778
22442,1.5624496
22443,0.053215787
22444,1.2164704
22445,0.08421443
22446,0.11768755
22447,1.0685635
22448,0.7926117
22449,1.3880514
22450,1.2251891
22451,1.3944756
22452,0.024110267
22453,0.4300708
22454,0.34335914
22455,1.104798
22456,0.6522791
22457,0.05859417
22458,0.70459497
22459,0.6230681
22460,0.023092438
22461,0.93758047
22462,0.052962072
22463,0.0061986633
22464,0.08628498
22465,1.72989
22466,1.0950253
22467,1.2286494
22468,0.04015137
22469,-0.00075305253
22470,0.06817682
22471,1.3645543
22472,1.0866503
22473,0.59048796
22474,0.14689167
22475,1.5195786
22476,1.4842459
22477,1.6338555
22478,1.2669822
22479,0.060949348
22480,1.0158757
22481,0.6944046
22482,0.97018594
22483,0.08649176
22484,0.31703275
22485,0.030806582
22486,1.233678
22487,0.04325734
22488,0.005271651
22489,0.039906252
22490,0.05914344
22491,1.7490447
22492,0.061963893
22493,0.101068124
22494,0.097157575
22495,0.024027213
22496,0.06777345
22497,0.073587455
22498,1.064769
22499,0.07825822
22500,0.059813034
22501,0.05891073
22502,0.43345007
22503,0.079016685
22504,-0.012306586
22505,0.18244132
22506,1.2819781
22507,1.3316522
22508,1.0578282
22509,0.20005359
22510,1.4244405
22511,0.0024113134
22512,0.12600543
22513,0.06487038
22514,1.3548301
22515,0.04519129
22516,1.1605107
22517,1.0472906
22518,0.09482476
22519,1.0543463
22520,0.030612279
22521,1.3731083
22522,1.2372154
22523,0.05893243
22524,1.1671897
22525,0.050478667
22526,0.013310479
22527,0.9190847
22528,0.06904031
22529,1.111799
22530,0.19727023
22531,0.9905334
22532,1.1184334
22533,1.3315506
22534,0.9102653
22535,0.00044296682
22536,0.006086137
22537,0.9426599
22538,1.2664623
22539,0.2625803
22540,-0.0043561086
22541,1.1434168
22542,1.0562081
22543,0.11957258
22544,1.5619127
22545,0.030877985
22546,0.7922334
22547,2.2368073
22548,0.013235427
22549,1.2559891
22550,-0.0037937537
22551,0.022735847
22552,0.03343033
22553,0.04019907
22554,1.1752907
22555,0.015997145
22556,0.02876699
22557,1.2033775
22558,0.4620509
22559,1.0597144
22560,0.05715104
22561,0.03263226
22562,1.2984557
22563,1.5481552
22564,1.4441715
22565,0.014404347
22566,0.030950852
22567,0.048242435
22568,0.8544631
22569,0.67794615
22570,0.057511106
22571,0.68539387
22572,1.2507159
22573,1.5976564
22574,1.1844852
22575,0.92961544
22576,1.8351018
22577,0.034092974
22578,1.1818554
22579,1.0543463
22580,0.07646796
22581,0.40778622
22582,1.5401033
22583,0.12311956
22584,-0.002694685
22585,1.1122702
22586,0.053291723
22587,1.1759748
22588,0.018977128
22589,0.026629245
22590,0.062654786
22591,1.455692
22592,0.03649999
22593,0.043728013
22594,0.083892554
22595,0.07418859
22596,0.06717646
22597,1.3563974
22598,0.03307127
22599,0.12917124
22600,0.7431308
22601,1.5267874
22602,0.042434722
22603,0.02453514
22604,0.40385985
22605,0.010154383
22606,1.3086299
22607,0.091250926
22608,0.52809197
22609,0.03387814
22610,1.0817071
22611,2.0810382
22612,0.056770563
22613,1.6803186
22614,1.0508312
22615,1.3855896
22616,0.17073092
22617,1.1351975
22618,0.758739
22619,1.2536598
22620,0.048438698
22621,0.9394647
22622,0.9823233
22623,0.05813064
22624,-0.0005863793
22625,1.0481931
22626,0.44011998
22627,0.0085027795
22628,1.4081143
22629,0.882727
22630,1.0192349
22631,0.023393096
22632,1.6712744
22633,0.0069055
22634,0.44275668
22635,0.07564796
22636,0.99838287
22637,0.82891935
22638,0.7423721
22639,0.08544412
22640,0.24584429
22641,0.09124982
22642,0.68919885
22643,0.04253758
22644,0.032716535
22645,1.8292032
22646,0.04580045
22647,1.0543463
22648,0.8799321
22649,0.9703194
22650,0.4087315
22651,1.3670579
22652,0.06407985
22653,1.3449942
22654,1.2148625
22655,1.9931834
22656,0.07524206
22657,1.247919
22658,0.2938533
22659,0.047928296
22660,0.07407004
22661,1.3696989
22662,2.3507102
22663,1.167873
22664,0.0532996
22665,0.5286392
22666,1.0161364
22667,0.047513925
22668,1.0546062
22669,0.9759636
22670,0.048412047
22671,1.7201837
22672,0.2749985
22673,0.8222668
22674,1.1992793
22675,0.91763073
22676,1.3034943
22677,1.0812284
22678,0.029968427
22679,0.57476705
22680,0.03395615
22681,0.7730156
22682,0.052525654
22683,-0.0006178543
22684,0.9889088
22685,0.09188813
22686,0.23478866
22687,0.16380723
22688,0.09805648
22689,1.0573479
22690,0.23650232
22691,0.041436233
22692,1.1960329
22693,0.042802744
22694,0.065025285
22695,0.139643
22696,1.8599733
22697,0.7276659
22698,0.8157329
22699,0.86074126
22700,0.26014966
22701,1.2173866
22702,0.046057463
22703,0.07229895
22704,0.051494446
22705,0.20905805
22706,0.03837334
22707,0.11072661
22708,1.183302
22709,0.5984099
22710,0.042384263
22711,0.9338725
22712,0.05525346
22713,1.5114319
22714,0.9379462
22715,0.09548156
22716,1.3179857
22717,0.091221415
22718,0.09747013
22719,0.89612037
22720,0.029943334
22721,-0.009788323
22722,1.227904
22723,0.031057332
22724,-7.924065e-05
22725,0.017515467
22726,0.04973016
22727,0.04508401
22728,0.037484013
22729,1.0951513
22730,0.1319817
22731,0.09658716
22732,1.5962656
22733,1.1668712
22734,1.9738884
22735,0.044785477
22736,1.5410217
22737,0.6312749
22738,0.024993613
22739,1.0261407
22740,0.06924559
22741,1.5304585
22742,0.017872915
22743,0.7642647
22744,0.2331283
22745,1.5122193
22746,1.5588608
22747,0.9654344
22748,0.08875765
22749,1.1410521
22750,1.2475529
22751,0.088091746
22752,0.062345095
22753,0.99196494
22754,0.7328859
22755,1.3506628
22756,0.29752943
22757,0.038118493
22758,1.1386685
22759,1.0423582
22760,0.051030997
22761,1.4785227
22762,0.45861834
22763,0.106383264
22764,0.01131748
22765,0.11676636
22766,0.12232195
22767,0.024025511
22768,0.47314027
22769,0.8196629
22770,0.66559476
22771,0.019659672
22772,1.3096377
22773,0.10066141
22774,1.108661
22775,0.062212735
22776,0.5208697
22777,1.3964349
22778,-0.0032612272
22779,1.2768669
22780,1.5479716
22781,0.046071846
22782,1.2963061
22783,0.857398
22784,1.0278652
22785,0.12287423
22786,0.038571622
22787,0.05170225
22788,0.44887316
22789,1.2728088
22790,1.1372104
22791,0.030888855
22792,1.1497846
22793,1.1415832
22794,0.07283918
22795,1.0597491
22796,1.7629613
22797,0.050618343
22798,0.02864822
22799,1.6802262
22800,0.9333745
22801,0.90017104
22802,0.32772103
22803,0.75788456
22804,0.18850285
22805,0.16243161
22806,1.1203729
22807,0.021802196
22808,0.30632237
22809,0.9843555
22810,0.01811139
22811,0.9721712
22812,-0.0069904886
22813,1.5256895
22814,0.032666516
22815,0.99272716
22816,0.15815212
22817,0.033592384
22818,1.0543463
22819,1.0252542
22820,0.19752775
22821,1.1447787
22822,0.103437126
22823,0.048488565
22824,0.4443328
22825,0.056525014
22826,0.15082835
22827,1.0135053
22828,0.108913064
22829,1.1344916
22830,0.060150586
22831,1.4977269
22832,0.025251735
22833,0.08462858
22834,0.02508949
22835,0.039650712
22836,0.6303955
22837,1.1804384
22838,0.9771121
22839,1.4035633
22840,1.2309265
22841,1.248538
22842,1.229272
22843,0.95756406
22844,1.2214525
22845,0.09070116
22846,1.4260156
22847,1.0667982
22848,0.09596805
22849,1.03853
22850,0.5803863
22851,0.012715448
22852,1.7202177
22853,0.1503035
22854,2.1895385
22855,0.1132672
22856,0.5336355
22857,0.03340845
22858,0.05718344
22859,0.06594145
22860,0.049601085
22861,1.2883643
22862,0.13307327
22863,1.3186138
22864,0.13229269
22865,0.083229244
22866,0.8859586
22867,0.9052775
22868,1.0880746
22869,0.024685226
22870,0.41645873
22871,1.3241329
22872,0.034362707
22873,0.022766069
22874,0.0005276464
22875,0.19483222
22876,0.4571017
22877,0.09384432
22878,0.040133726
22879,2.083765
22880,1.0883586
22881,0.1927678
22882,0.699049
22883,0.06743544
22884,1.5677273
22885,0.08394668
22886,0.03864206
22887,0.05735015
22888,0.09588385
22889,0.10325053
22890,1.1740099
22891,1.714029
22892,0.44576135
22893,0.028077643
22894,1.4848067
22895,1.0418764
22896,0.05271402
22897,1.237926
22898,0.029664114
22899,0.37211326
22900,1.0638899
22901,0.31094003
22902,1.3393358
22903,0.75953007
22904,0.0577666
22905,0.14420833
22906,1.2281287
22907,1.688888
22908,1.3746524
22909,0.36667073
22910,1.0647005
22911,0.88111615
22912,0.5927217
22913,0.99497247
22914,1.9411008
22915,0.048415687
22916,0.07885684
22917,1.4222924
22918,0.041059673
22919,1.6448448
22920,1.6171638
22921,0.3113728
22922,0.20831352
22923,1.2565552
22924,0.018707098
22925,1.1685673
22926,1.3116907
22927,1.30073
22928,0.48643577
22929,0.9180978
22930,1.3237481
22931,0.3844189
22932,1.369066
22933,0.06368185
22934,1.0763795
22935,0.87888855
22936,0.95804083
22937,0.57631856
22938,1.1877716
22939,0.054619893
22940,0.2080609
22941,0.09688267
22942,1.0094157
22943,1.5893954
22944,0.0861842
22945,1.5304585
22946,0.09175593
22947,-0.00021171942
22948,1.8665291
22949,1.0543463
22950,1.0813913
22951,1.831223
22952,0.15895781
22953,0.04059115
22954,1.4565514
22955,0.041880846
22956,1.6846757
22957,0.045837704
22958,0.0975302
22959,1.4965262
22960,1.3401213
22961,0.8904626
22962,0.043792866
22963,0.06849732
22964,0.2248127
22965,1.577998
22966,1.5135304
22967,-0.012218997
22968,0.02761487
22969,0.06812975
22970,1.079639
22971,0.043880805
22972,0.81530166
22973,1.0985897
22974,1.0296487
22975,0.04185198
22976,0.05742409
22977,0.12159784
22978,0.1322119
22979,0.07069951
22980,0.96397054
22981,0.021982895
22982,1.0178273
22983,1.4205528
22984,0.03524764
22985,0.06032919
22986,1.8727208
22987,0.5942341
22988,0.7793913
22989,1.4190325
22990,1.4518763
22991,0.7653537
22992,0.038735673
22993,0.048141398
22994,1.6012433
22995,1.2393926
22996,1.1741525
22997,1.0608165
22998,0.7634542
22999,1.2409213
23000,0.05681942
23001,0.03751549
23002,0.12450178
23003,1.0550553
23004,1.1615928
23005,0.1891962
23006,1.328731
23007,1.3111044
23008,-0.004787557
23009,0.62886924
23010,0.07787906
23011,1.3705599
23012,2.2514677
23013,0.12404409
23014,1.5850182
23015,1.3432913
23016,1.0596725
23017,0.025178678
23018,0.052885883
23019,0.084147215
23020,0.13282205
23021,1.2783895
23022,0.038727216
23023,-0.014135908
23024,1.069391
23025,0.17719938
23026,1.0718359
23027,0.19071102
23028,0.03118455
23029,0.061377734
23030,0.09855111
23031,0.052263156
23032,1.0079612
23033,0.15155232
23034,0.40731296
23035,1.0455525
23036,1.1125925
23037,1.0277634
23038,0.0425172
23039,0.05071672
23040,0.7959147
23041,0.2738319
23042,1.6653839
23043,0.09781817
23044,1.0274969
23045,0.28814456
23046,0.9772835
23047,0.07945797
23048,1.6846526
23049,0.054359704
23050,0.01786585
23051,1.338491
23052,0.10872325
23053,0.041176137
23054,0.064954236
23055,1.0336175
23056,1.3169831
23057,1.0543463
23058,1.5323983
23059,0.045470856
23060,0.11630835
23061,0.030791521
23062,0.011555821
23063,0.120015845
23064,1.0676166
23065,1.0638075
23066,1.3372973
23067,0.05194739
23068,0.060395874
23069,0.046512306
23070,1.0594068
23071,0.059165876
23072,1.4388958
23073,1.8774335
23074,0.010033352
23075,0.047545537
23076,1.0622766
23077,-0.00022637844
23078,0.07947613
23079,0.05600355
23080,0.0748027
23081,1.3504816
23082,-0.016150448
23083,0.1467869
23084,-0.0005778596
23085,0.09451632
23086,1.2491697
23087,0.97941244
23088,0.03405246
23089,0.11713503
23090,-0.006676197
23091,1.072044
23092,0.024760284
23093,0.122054264
23094,0.050519913
23095,0.57967883
23096,0.06895977
23097,0.08045373
23098,1.6964612
23099,0.042705797
23100,0.041220844
23101,1.5796646
23102,0.08907691
23103,0.01285219
23104,0.08460362
23105,0.15091018
23106,0.5260514
23107,0.114546895
23108,1.2306668
23109,1.2867736
23110,0.04929461
23111,0.07290678
23112,0.05528667
23113,1.2810446
23114,0.9634794
23115,0.9855366
23116,0.11085434
23117,0.019585757
23118,1.1401995
23119,1.2210467
23120,0.028251564
23121,1.3231738
23122,0.9136473
23123,1.0647479
23124,0.08966339
23125,0.019058198
23126,0.061687734
23127,0.055771187
23128,2.265151
23129,0.83715516
23130,0.8006937
23131,0.12556593
23132,1.2613051
23133,0.0332962
23134,1.4098877
23135,0.20090672
23136,0.0343807
23137,1.7108067
23138,1.4672692
23139,0.071873695
23140,1.3455652
23141,0.058719736
23142,0.052627437
23143,1.2596302
23144,0.054947708
23145,0.043251406
23146,0.048560422
23147,0.13129821
23148,1.6798179
23149,0.014127361
23150,0.0264517
23151,1.050795
23152,0.85513574
23153,1.40842
23154,0.9689318
23155,0.047469042
23156,0.80520195
23157,1.2809654
23158,0.037111524
23159,0.035272762
23160,0.0047481246
23161,0.9533462
23162,0.05824683
23163,1.5490535
23164,0.07137577
23165,1.7183301
23166,0.2248224
23167,1.0038364
23168,1.8944542
23169,0.044142425
23170,1.3590955
23171,0.12830642
23172,0.22817853
23173,0.00531986
23174,0.64640784
23175,0.14386831
23176,1.2857537
23177,1.2080456
23178,0.19149834
23179,1.3488643
23180,0.077101186
23181,0.02277367
23182,0.05542242
23183,1.1569889
23184,0.04364559
23185,0.06339774
23186,1.097208
23187,1.0303396
23188,0.8598189
23189,1.7611954
23190,1.7087461
23191,0.17993292
23192,0.048755147
23193,0.17575014
23194,1.8738084
23195,0.072544634
23196,0.024384381
23197,0.09109022
23198,0.11516228
23199,0.049387377
23200,1.0247124
23201,0.028432723
23202,0.056118656
23203,0.1646873
23204,1.0247626
23205,0.030392956
23206,0.58311623
23207,-0.0042534433
23208,0.040025532
23209,1.2292912
23210,0.044139363
23211,0.13025214
23212,0.03578073
23213,1.2012527
23214,0.00086467713
23215,0.14135295
23216,0.99772906
23217,0.98623484
23218,0.04161907
23219,0.028391344
23220,0.0036886744
23221,1.466507
23222,0.06425391
23223,1.0252539
23224,0.5384357
23225,1.0597144
23226,0.024372473
23227,0.039667267
23228,1.597437
23229,1.9018692
23230,1.6219666
23231,0.64956474
23232,0.8383652
23233,0.8137212
23234,0.13766104
23235,0.80853504
23236,0.052594244
23237,0.8218707
23238,1.226092
23239,0.7097924
23240,1.115946
23241,1.0451522
23242,0.08437873
23243,1.1323574
23244,0.020627085
23245,0.10109292
23246,0.9841069
23247,0.73684114
23248,1.235808
23249,2.3789997
23250,-0.0018460676
23251,0.08063569
23252,0.018757297
23253,0.015028963
23254,0.96846545
23255,1.1649867
23256,0.06824339
23257,0.16527164
23258,0.11651534
23259,0.084769666
23260,0.0238785
23261,0.14872745
23262,1.2571558
23263,0.8824155
23264,1.4993672
23265,1.2201753
23266,0.039926387
23267,1.1194606
23268,1.0543463
23269,0.043843262
23270,0.029679291
23271,0.14010489
23272,0.6391369
23273,1.1376935
23274,0.31277657
23275,0.002529446
23276,0.11837639
23277,1.6829252
23278,1.0912468
23279,0.08183545
23280,1.6911789
23281,0.05152588
23282,0.14336659
23283,1.0562153
23284,0.08902861
23285,0.060356848
23286,1.1102818
23287,0.060896777
23288,0.07022555
23289,1.1892209
23290,0.96408516
23291,0.07063962
23292,0.10145256
23293,1.2409539
23294,0.04424034
23295,1.309695
23296,0.1780965
23297,0.029804977
23298,0.043357234
23299,1.4176363
23300,0.06835506
23301,0.483956
23302,1.1987823
23303,0.025778346
23304,1.428384
23305,1.5257509
23306,1.7936571
23307,1.4809557
23308,0.041318778
23309,0.053426318
23310,0.06410207
23311,0.07735309
23312,0.8071177
23313,1.1268063
23314,0.92193294
23315,0.14784521
23316,1.1450337
23317,0.037268978
23318,1.2953099
23319,0.017331023
23320,1.3227195
23321,0.013909321
23322,-1.5821308e-05
23323,0.047000587
23324,1.6268163
23325,1.1815158
23326,1.3977435
23327,0.8436834
23328,1.2413973
23329,1.0800751
23330,0.07909711
23331,1.0041353
23332,1.4897068
23333,0.057360906
23334,0.05183427
23335,1.0124154
23336,0.06832533
23337,0.0060255826
23338,1.4407635
23339,0.1946169
23340,0.06295262
23341,0.07363838
23342,0.06947522
23343,1.0913076
23344,1.2968134
23345,1.0543463
23346,0.079872414
23347,1.0462769
23348,0.057714015
23349,0.8415538
23350,0.040355306
23351,1.2160362
23352,0.5476145
23353,1.2885611
23354,1.1687782
23355,0.7890833
23356,0.40539932
23357,1.4088
23358,0.07869662
23359,1.1665496
23360,0.056232966
23361,1.4467069
23362,0.8964411
23363,0.044959847
23364,0.015736427
23365,0.07682112
23366,0.13668595
23367,1.336279
23368,1.1806293
23369,1.5841259
23370,0.1481678
23371,0.09563798
23372,1.1818303
23373,1.2398481
23374,1.2737391
23375,1.1258106
23376,1.0647101
23377,0.006663613
23378,0.08924024
23379,1.1592727
23380,1.5598862
23381,1.2042607
23382,0.42902055
23383,1.0543463
23384,0.05251782
23385,1.0543463
23386,0.16595009
23387,0.038478706
23388,1.6440209
23389,-0.007777311
23390,0.97493154
23391,1.390134
23392,0.045870356
23393,0.55629283
23394,1.0101339
23395,0.07105978
23396,0.04774742
23397,1.0308964
23398,0.2961243
23399,1.3908802
23400,1.2220768
23401,0.0654415
23402,1.6030768
23403,1.1455494
23404,0.73760796
23405,0.04553108
23406,0.082628824
23407,0.8705452
23408,1.0563893
23409,0.87887925
23410,1.4332541
23411,1.9025204
23412,-0.0044424087
23413,0.074331805
23414,0.04955263
23415,1.4573847
23416,0.014439959
23417,0.048120383
23418,1.239014
23419,0.23092644
23420,0.045061044
23421,0.19912137
23422,1.3036578
23423,1.2101322
23424,1.25574
23425,1.3678399
23426,1.0388455
23427,0.80911237
23428,1.439981
23429,1.5169973
23430,0.038020283
23431,1.7262685
23432,1.080398
23433,1.8594332
23434,1.6728779
23435,0.08961524
23436,1.9672155
23437,1.095149
23438,0.082804024
23439,0.11394417
23440,1.8944705
23441,0.026109736
23442,1.1990236
23443,1.0932794
23444,0.059961222
23445,1.2411658
23446,1.2662877
23447,0.046602264
23448,0.041434374
23449,0.090264365
23450,1.1838906
23451,0.082868986
23452,1.0957944
23453,0.7347171
23454,1.3629084
23455,0.026941258
23456,1.3579983
23457,1.087104
23458,0.11084132
23459,1.1216685
23460,2.1516597
23461,0.7720515
23462,0.03530993
23463,1.120384
23464,0.28154373
23465,1.1339331
23466,0.012309261
23467,1.2578269
23468,1.4139951
23469,0.046313982
23470,0.063894436
23471,1.3616039
23472,1.5113674
23473,1.117849
23474,0.25154924
23475,0.11939685
23476,1.5590695
23477,1.1194777
23478,0.5592016
23479,0.060313836
23480,1.3278538
23481,1.7301869
23482,1.8115394
23483,0.035945587
23484,0.036416188
23485,1.3087107
23486,0.06054841
23487,0.18282714
23488,1.007492
23489,0.76832736
23490,0.2879963
23491,0.047141448
23492,0.042576216
23493,0.80774945
23494,1.0563455
23495,1.1760207
23496,0.363464
23497,0.05079921
23498,0.8780369
23499,0.106611386
23500,1.3214967
23501,0.058799647
23502,0.16379672
23503,0.05488114
23504,1.5117121
23505,1.0775694
23506,1.049954
23507,0.71419287
23508,0.07794347
23509,1.4238074
23510,0.017544767
23511,1.3181779
23512,0.05812115
23513,1.1384188
23514,0.10930237
23515,-0.0024813674
23516,0.019470807
23517,0.588709
23518,-0.008686606
23519,0.00038910657
23520,0.4112587
23521,1.3848673
23522,1.0033439
23523,1.7032651
23524,0.47918543
23525,1.1001142
23526,0.046692338
23527,0.044350754
23528,1.3192067
23529,1.9592996
23530,0.07531713
23531,1.3843468
23532,0.052433863
23533,0.98845464
23534,1.3025792
23535,0.06636218
23536,1.2994436
23537,0.9692178
23538,0.0240598
23539,-0.004589487
23540,0.14701883
23541,0.38124913
23542,0.046942733
23543,-0.0033136718
23544,0.13600361
23545,1.0546421
23546,-0.0059789754
23547,0.044684988
23548,1.1747711
23549,1.5787201
23550,0.108566955
23551,1.3837816
23552,1.6942115
23553,1.1409551
23554,0.046443246
23555,1.1296856
23556,0.054641813
23557,1.5193555
23558,1.730258
23559,0.12291987
23560,0.074590206
23561,0.044426132
23562,0.066883236
23563,-0.014012732
23564,0.137648
23565,1.261052
23566,0.01576619
23567,0.06951596
23568,0.91285414
23569,1.4618264
23570,0.072480395
23571,0.045984525
23572,0.64795446
23573,0.04774601
23574,1.340133
23575,1.4864522
23576,1.1084362
23577,0.048056778
23578,0.39433658
23579,1.7432724
23580,0.03963526
23581,0.06957738
23582,0.9726549
23583,0.11415203
23584,1.5863987
23585,0.7716826
23586,0.06452002
23587,0.33958846
23588,1.0530518
23589,0.4693855
23590,0.05210964
23591,0.05804299
23592,0.013952304
23593,1.2261273
23594,1.3733128
23595,0.70865345
23596,0.1572552
23597,0.021395326
23598,0.037880596
23599,1.0386444
23600,0.12524512
23601,1.1359249
23602,0.05298207
23603,0.026695192
23604,1.9044265
23605,0.06233705
23606,0.039956324
23607,-0.0030216873
23608,0.009561248
23609,0.019095143
23610,1.213204
23611,0.020958276
23612,0.05989402
23613,0.041192915
23614,0.2180206
23615,0.9485572
23616,0.02358852
23617,0.3248074
23618,0.5514213
23619,1.5700345
23620,1.1197089
23621,1.1661631
23622,0.9965653
23623,0.045259934
23624,0.03219032
23625,0.05286689
23626,0.081571676
23627,1.1887224
23628,0.12442428
23629,0.12637363
23630,0.15363204
23631,1.0138035
23632,0.13904603
23633,0.04055292
23634,0.045498185
23635,2.1348574
23636,-0.0025502332
23637,0.121893495
23638,0.13987027
23639,-0.0074711405
23640,1.0843863
23641,0.05390306
23642,0.038516384
23643,0.22586185
23644,0.06315654
23645,1.3990552
23646,1.367996
23647,0.16200691
23648,1.3766537
23649,1.0543463
23650,0.03129726
23651,0.038933653
23652,0.08464441
23653,1.0901705
23654,0.045788888
23655,0.18232371
23656,0.0071240515
23657,1.040448
23658,0.07530955
23659,0.052639954
23660,0.90495956
23661,1.2064736
23662,0.5332232
23663,0.040472463
23664,0.07128556
23665,0.052760925
23666,0.10980399
23667,1.2559419
23668,0.09388756
23669,0.20605026
23670,1.0295318
23671,1.0052899
23672,0.07562948
23673,0.072850324
23674,-0.0021881796
23675,1.0943171
23676,1.3359638
23677,1.4669769
23678,1.0543463
23679,1.1487689
23680,1.1956884
23681,0.1101615
23682,0.08315457
23683,0.10103742
23684,1.3799528
23685,-0.00032719225
23686,1.2512257
23687,0.13274826
23688,0.98340607
23689,0.8807795
23690,0.059311546
23691,0.048173036
23692,1.0543463
23693,0.036343247
23694,0.009958036
23695,0.30896127
23696,0.023797432
23697,0.036362868
23698,0.00016100705
23699,0.077899694
23700,1.0543463
23701,0.0120146945
23702,1.2325113
23703,0.80971926
23704,1.1705819
23705,1.3796712
23706,1.6161131
23707,0.03684689
23708,0.106485695
23709,0.5024294
23710,0.07254918
23711,1.06651
23712,0.06938018
23713,0.1378366
23714,1.0212489
23715,0.77912784
23716,1.0294775
23717,0.047336496
23718,1.0152748
23719,1.2829252
23720,0.07250619
23721,1.103576
23722,1.8898352
23723,0.23973845
23724,1.33804
23725,0.08928485
23726,0.63955444
23727,1.8098562
23728,2.291642
23729,1.0005337
23730,0.043972775
23731,0.04675623
23732,0.054964945
23733,0.7954699
23734,0.0641633
23735,1.1573968
23736,1.0312324
23737,1.0446037
23738,0.070624806
23739,0.021616997
23740,0.08044079
23741,1.6692632
23742,1.3551033
23743,1.5166324
23744,0.106656805
23745,0.6883532
23746,0.120927945
23747,2.0133395
23748,0.9567402
23749,0.05828412
23750,1.236332
23751,1.0479331
23752,0.05551904
23753,0.17472695
23754,1.4347583
23755,0.05190368
23756,0.021843601
23757,1.0112423
23758,0.92742866
23759,0.07009962
23760,0.051443152
23761,1.2698039
23762,0.0761656
23763,0.06437959
23764,1.5938874
23765,1.2979085
23766,0.8532441
23767,0.33904552
23768,0.41608542
23769,1.3993816
23770,0.04282942
23771,0.09337894
23772,0.03570344
23773,0.01873991
23774,1.6260309
23775,0.88078046
23776,0.046010062
23777,0.05169767
23778,1.1946454
23779,0.13917784
23780,0.027600521
23781,0.030144935
23782,1.1678219
23783,1.2406452
23784,1.1292328
23785,0.19958423
23786,-0.0038986802
23787,1.2828777
23788,0.53761494
23789,1.1816758
23790,0.14009619
23791,1.1154062
23792,0.03263165
23793,0.15572415
23794,0.27714354
23795,1.3228223
23796,0.037364613
23797,0.12421806
23798,1.0543463
23799,0.1865884
23800,0.9345674
23801,0.03501169
23802,0.8922654
23803,0.051121615
23804,0.036488824
23805,0.054273445
23806,1.0262934
23807,0.10200396
23808,0.07069537
23809,0.043960188
23810,0.035320897
23811,0.032073934
23812,0.03523001
23813,1.1987915
23814,0.081696354
23815,1.1122856
23816,1.2737755
23817,0.6826544
23818,1.1419203
23819,1.063058
23820,1.0138196
23821,1.3540866
23822,1.6435276
23823,1.4529941
23824,0.38091493
23825,1.2368939
23826,0.1512147
23827,0.6302917
23828,1.1059319
23829,1.6914611
23830,1.1299031
23831,1.0720991
23832,0.009232316
23833,0.056253716
23834,1.3670274
23835,0.9292296
23836,1.795312
23837,1.9070615
23838,0.030452177
23839,0.060630396
23840,1.7461181
23841,1.0061607
23842,0.98862255
23843,1.4223292
23844,1.3663021
23845,0.2311587
23846,0.041110102
23847,1.5476141
23848,0.089957856
23849,1.1752592
23850,0.01841125
23851,1.1217955
23852,0.05545506
23853,0.012371846
23854,0.050168615
23855,1.3354739
23856,0.073737636
23857,0.79919547
23858,0.0012294762
23859,1.1429092
23860,0.2445039
23861,0.0633093
23862,1.9822965
23863,1.5014896
23864,0.04109712
23865,0.1884649
23866,0.8927157
23867,0.059982862
23868,1.2591685
23869,0.035201572
23870,0.9984068
23871,0.0039513223
23872,1.2796856
23873,1.7701244
23874,0.8004626
23875,-0.006032001
23876,0.06819029
23877,1.1863272
23878,1.132945
23879,1.0026549
23880,0.062513545
23881,1.0592393
23882,0.72642475
23883,0.16067797
23884,0.97037464
23885,1.6866947
23886,0.56029844
23887,0.047937445
23888,0.12953219
23889,1.3535272
23890,1.3583713
23891,0.011377964
23892,1.0662726
23893,1.2030023
23894,1.1144019
23895,0.03391525
23896,1.553182
23897,1.6186192
23898,0.061408713
23899,0.12530947
23900,0.028822102
23901,0.011605483
23902,0.06262517
23903,1.247878
23904,0.039415818
23905,0.027536793
23906,1.2938379
23907,1.3310014
23908,0.8175056
23909,1.6350642
23910,0.10440686
23911,0.022084054
23912,1.1530265
23913,1.2000762
23914,1.0395942
23915,0.992479
23916,0.053665973
23917,0.4262487
23918,0.110537216
23919,1.0452688
23920,0.056244627
23921,1.0608171
23922,0.04266976
23923,1.459507
23924,0.29230362
23925,0.56084746
23926,0.285093
23927,0.88580656
23928,1.6119682
23929,0.981142
23930,0.080637515
23931,0.003785424
23932,0.06619659
23933,1.7809482
23934,0.026671782
23935,0.45840597
23936,1.2972454
23937,0.30994374
23938,0.16046697
23939,1.7855643
23940,0.8138859
23941,0.017197594
23942,0.90482855
23943,0.031008901
23944,0.03997807
23945,0.10125807
23946,0.93335706
23947,1.2593359
23948,1.2254499
23949,0.06412621
23950,0.04267478
23951,0.110596865
23952,1.2761288
23953,0.19742864
23954,1.2455186
23955,0.038699713
23956,0.046457715
23957,0.09434667
23958,0.79871434
23959,1.0330119
23960,0.07245788
23961,1.3227466
23962,1.3120642
23963,0.13199154
23964,-0.01144946
23965,0.054606274
23966,0.018780304
23967,0.83106846
23968,0.7337802
23969,0.011984495
23970,1.6902162
23971,1.5220494
23972,1.218771
23973,0.012444526
23974,1.8031361
23975,0.03279966
23976,0.10732466
23977,0.9145782
23978,1.1480933
23979,0.08045134
23980,0.05204228
23981,0.05667997
23982,0.3409018
23983,0.029734187
23984,0.09775064
23985,0.15330398
23986,1.0533698
23987,1.1029812
23988,1.7648199
23989,0.08652815
23990,0.07865162
23991,0.024879534
23992,-0.0028852262
23993,0.9403092
23994,-0.0023363195
23995,1.7058876
23996,1.5083934
23997,0.9180401
23998,0.20973584
23999,0.0013139509
24000,0.42153788
24001,0.052098896
24002,-0.00795237
24003,0.09630809
24004,0.18958768
24005,0.06633838
24006,0.04803647
24007,1.1312641
24008,2.0620918
24009,0.19395
24010,1.1783361
24011,1.5169818
24012,0.032478962
24013,0.70889574
24014,0.13353847
24015,1.2797693
24016,0.07070714
24017,1.0492854
24018,0.0044639036
24019,0.07558842
24020,0.07625966
24021,1.3745381
24022,1.760288
24023,1.0543463
24024,0.02692637
24025,0.49570513
24026,0.048006468
24027,1.0724039
24028,1.0975357
24029,0.007515155
24030,0.05954832
24031,0.65865785
24032,0.24242114
24033,0.08379845
24034,0.121598765
24035,0.16497976
24036,1.2681359
24037,0.04348609
24038,0.056191184
24039,1.0314714
24040,0.050348148
24041,0.8922786
24042,1.1809323
24043,1.3726052
24044,0.05354433
24045,0.036619022
24046,0.054508694
24047,0.4684617
24048,1.0740958
24049,1.3274531
24050,0.9193759
24051,0.94967866
24052,0.97847384
24053,0.052197337
24054,0.004771292
24055,1.4386477
24056,0.07230762
24057,0.33049065
24058,0.9194033
24059,0.024899095
24060,1.0141807
24061,1.32185
24062,0.9919656
24063,0.09393988
24064,1.3738244
24065,0.57107043
24066,0.03858035
24067,0.02035406
24068,0.07497458
24069,1.1232375
24070,1.9033204
24071,0.06510581
24072,0.03179478
24073,0.99588966
24074,-0.0026750825
24075,0.07937698
24076,0.05174546
24077,1.0448219
24078,0.03739256
24079,0.6136182
24080,0.93286717
24081,0.023256192
24082,0.15831783
24083,1.1760207
24084,-0.007124603
24085,0.14226393
24086,0.56964236
24087,0.07658723
24088,0.1614951
24089,0.028655719
24090,1.883633
24091,1.3583713
24092,0.078897476
24093,0.042763036
24094,1.906092
24095,0.03918954
24096,1.1409098
24097,0.25201657
24098,0.94511634
24099,0.027938854
24100,0.076901786
24101,1.1711015
24102,0.055319965
24103,0.32656804
24104,0.20191318
24105,0.045826316
24106,1.1670378
24107,0.8728029
24108,0.017614946
24109,1.5098665
24110,0.43708056
24111,1.7432724
24112,1.1630574
24113,0.018429896
24114,0.53566414
24115,0.065372184
24116,0.00403684
24117,0.108463615
24118,0.10390943
24119,1.0010207
24120,0.026615243
24121,0.040010273
24122,1.7645596
24123,1.0867846
24124,0.99186784
24125,0.14767945
24126,1.6845345
24127,0.07385387
24128,1.1610464
24129,1.1297143
24130,0.5252565
24131,1.003702
24132,0.055468604
24133,0.05570908
24134,0.58968645
24135,0.99599314
24136,0.09678316
24137,0.9150904
24138,1.0025386
24139,0.035933275
24140,0.23557387
24141,0.05649346
24142,0.048356313
24143,1.168559
24144,0.079429224
24145,0.03516307
24146,1.2485594
24147,0.12871276
24148,-0.002015233
24149,1.284705
24150,1.4621702
24151,1.0198456
24152,0.01294628
24153,0.05258434
24154,1.8531783
24155,0.18798627
24156,0.7200289
24157,1.0796301
24158,0.53083867
24159,1.1255649
24160,1.5323983
24161,1.3528026
24162,0.03816512
24163,0.10724735
24164,0.99111265
24165,0.044139892
24166,0.12291519
24167,1.1791995
24168,0.13085932
24169,0.02804446
24170,1.3024019
24171,0.97883856
24172,0.032867298
24173,0.056602724
24174,0.025692772
24175,1.1055533
24176,0.35953522
24177,1.3869138
24178,0.16267966
24179,0.34425086
24180,0.03988692
24181,0.22924386
24182,1.5744816
24183,0.8486074
24184,0.052048743
24185,0.9461855
24186,1.4125916
24187,1.3727301
24188,0.1555313
24189,0.78778666
24190,1.0543463
24191,1.3023032
24192,0.0071474537
24193,0.054825746
24194,0.062842816
24195,0.33070675
24196,0.93438184
24197,0.86701477
24198,0.020392932
24199,0.055148162
24200,1.7585297
24201,1.0105339
24202,0.042802606
24203,0.040671065
24204,0.045224737
24205,0.020945324
24206,0.3057056
24207,0.09733103
24208,0.028743163
24209,1.791456
24210,1.0015268
24211,0.83251023
24212,0.9287988
24213,0.042063724
24214,1.1672988
24215,0.030399552
24216,0.5796651
24217,0.06577085
24218,1.4459203
24219,0.06849552
24220,1.5687538
24221,0.96528137
24222,0.015715247
24223,0.119176775
24224,0.08681485
24225,0.03420452
24226,0.3855479
24227,0.039289262
24228,0.011201026
24229,1.1149313
24230,1.2398341
24231,1.4414744
24232,1.2842686
24233,0.0061476715
24234,0.272443
24235,0.028841069
24236,1.3083748
24237,0.024144901
24238,0.045177244
24239,0.04074529
24240,1.3025588
24241,0.04569278
24242,0.7288625
24243,1.246833
24244,1.5263174
24245,0.0598984
24246,0.025898702
24247,0.3522088
24248,0.20612694
24249,0.9409041
24250,0.064036295
24251,1.1844697
24252,0.10544494
24253,1.4414744
24254,0.02272922
24255,-0.014218949
24256,0.09033686
24257,0.17336498
24258,0.09027712
24259,0.35813805
24260,0.9651169
24261,0.9742839
24262,1.0543463
24263,1.7161778
24264,1.4386873
24265,0.056609854
24266,0.07502158
24267,1.2429398
24268,0.12200664
24269,0.07465732
24270,0.076651916
24271,1.475661
24272,1.4385096
24273,0.3672384
24274,0.42718425
24275,0.8917734
24276,0.057574563
24277,1.3655561
24278,1.1292099
24279,0.09387563
24280,0.03931884
24281,0.32903618
24282,0.03217075
24283,0.96472216
24284,0.20069559
24285,0.009680301
24286,1.1612226
24287,0.08100487
24288,0.060764182
24289,1.442071
24290,1.0405809
24291,0.002121698
24292,0.0444561
24293,0.43450361
24294,0.12569568
24295,1.3452287
24296,1.2777528
24297,0.12503108
24298,0.85558236
24299,0.0299448
24300,0.027519174
24301,1.2314903
24302,0.24201001
24303,0.058796108
24304,0.102579996
24305,0.023797804
24306,0.16306551
24307,0.9515406
24308,0.95420104
24309,0.043029685
24310,0.021735465
24311,0.4119305
24312,1.601947
24313,1.4684424
24314,0.050706852
24315,1.3300333
24316,-0.0024176463
24317,0.07941182
24318,0.89712685
24319,0.43534634
24320,1.1404434
24321,1.3095561
24322,1.6006546
24323,0.06004048
24324,0.06374719
24325,1.4074191
24326,1.2659006
24327,-0.0018364452
24328,0.1644852
24329,1.1814893
24330,1.1746856
24331,1.103678
24332,1.1534514
24333,0.99928325
24334,0.07174254
24335,0.060601935
24336,0.04793194
24337,0.089714274
24338,1.4673811
24339,0.9853726
24340,0.05405009
24341,1.3648967
24342,0.030736081
24343,0.117923185
24344,1.6741141
24345,1.8824524
24346,0.06381571
24347,-0.013398673
24348,0.0059007257
24349,0.040759675
24350,0.9641796
24351,-0.0027325489
24352,1.4734
24353,-0.00090418756
24354,-0.004833214
24355,1.1498568
24356,1.3524011
24357,0.071308374
24358,0.04446399
24359,0.118399575
24360,0.3329169
24361,1.3654573
24362,2.0735288
24363,0.97955644
24364,1.6829643
24365,0.5856433
24366,1.0295383
24367,0.053273685
24368,2.1733763
24369,1.223621
24370,1.1036686
24371,0.054265082
24372,1.2761769
24373,1.3727301
24374,0.041373465
24375,0.047211777
24376,0.040282093
24377,0.035252165
24378,1.1009017
24379,0.0315165
24380,0.0260738
24381,1.6782875
24382,0.04977692
24383,0.044455975
24384,0.89618474
24385,0.9757886
24386,0.048973687
24387,0.037391365
24388,0.03621929
24389,0.055846356
24390,0.0678081
24391,1.0177984
24392,0.055554334
24393,0.047488615
24394,0.09048326
24395,0.12567355
24396,1.5320696
24397,0.09884912
24398,0.037886802
24399,0.054887675
24400,0.049520653
24401,0.07224549
24402,0.06859557
24403,0.0015947223
24404,1.1745967
24405,0.094593644
24406,0.017640397
24407,1.9259176
24408,1.1203785
24409,1.1806712
24410,0.04553634
24411,0.022274502
24412,0.42554152
24413,1.2923158
24414,1.3074548
24415,0.14906505
24416,-0.005027525
24417,0.44311932
24418,1.1304537
24419,1.0850343
24420,0.18659288
24421,0.061455287
24422,0.052339416
24423,1.0865282
24424,0.27712324
24425,1.1019132
24426,0.90629876
24427,1.0258813
24428,1.7169762
24429,1.1705614
24430,0.07471437
24431,0.57594097
24432,0.24819702
24433,0.04903059
24434,1.1639208
24435,1.9696612
24436,0.76715106
24437,-0.013997283
24438,1.4391205
24439,0.2740596
24440,0.021481048
24441,0.04834341
24442,0.060725905
24443,1.4698333
24444,1.9175769
24445,1.0856547
24446,0.05875838
24447,0.025078543
24448,0.5368188
24449,1.3660299
24450,0.049757168
24451,1.3052181
24452,0.057539918
24453,0.9407855
24454,0.13142419
24455,0.06815517
24456,0.041147985
24457,1.1071728
24458,0.065620616
24459,0.08003993
24460,1.444572
24461,1.1055119
24462,0.8892807
24463,1.1863596
24464,0.04879822
24465,0.8158302
24466,1.075678
24467,0.082507126
24468,0.8259739
24469,-0.001240287
24470,0.04447023
24471,0.034865063
24472,0.052995563
24473,0.20704442
24474,0.069778696
24475,0.050557844
24476,0.41856962
24477,1.7493476
24478,0.7191648
24479,0.15089887
24480,0.116936535
24481,0.05045872
24482,0.61187595
24483,1.0400531
24484,1.0953646
24485,1.2993441
24486,1.0446445
24487,1.7256843
24488,0.048888635
24489,0.05278206
24490,0.9726474
24491,1.3097281
24492,0.070098706
24493,0.031161921
24494,-0.011195596
24495,1.051722
24496,1.0646238
24497,-0.0026317574
24498,-0.0020209774
24499,0.026856031
24500,0.90975744
24501,1.308668
24502,0.029288834
24503,1.1464658
24504,1.0381397
24505,0.99935997
24506,0.57278204
24507,0.44160613
24508,0.041466393
24509,0.04054959
24510,0.96212775
24511,0.8310022
24512,0.89311
24513,0.1179516
24514,0.84836763
24515,0.05973407
24516,1.0160851
24517,0.012698498
24518,1.1470422
24519,0.95873535
24520,1.6145302
24521,1.2151805
24522,0.064792395
24523,1.4359424
24524,1.5142827
24525,0.18539901
24526,0.08035721
24527,1.6797316
24528,0.00046182796
24529,0.1795198
24530,0.050522562
24531,0.9418172
24532,1.3422902
24533,0.03460614
24534,1.1375288
24535,2.1072264
24536,1.5991634
24537,0.031681735
24538,1.7638038
24539,0.06013841
24540,0.060373932
24541,0.04133726
24542,1.7528847
24543,-0.0071238913
24544,0.044028915
24545,0.28482315
24546,1.5603963
24547,0.039475124
24548,-0.0048424415
24549,1.1301044
24550,0.034054533
24551,1.0855402
24552,1.1922582
24553,0.91521317
24554,0.1002951
24555,0.012143068
24556,1.267973
24557,1.2965021
24558,0.08181091
24559,1.1776804
24560,1.8637203
24561,0.032377195
24562,1.0415759
24563,0.9603326
24564,1.0183119
24565,0.042878382
24566,0.9083783
24567,1.5485017
24568,0.017302155
24569,0.04809665
24570,0.09284742
24571,0.7689386
24572,0.049302265
24573,0.9959577
24574,0.8740341
24575,1.1656265
24576,1.0366367
24577,0.042402733
24578,0.957908
24579,1.239014
24580,0.059070878
24581,1.9217913
24582,1.1429878
24583,1.1870102
24584,1.0543463
24585,0.48287115
24586,0.79673433
24587,0.015786108
24588,0.10189186
24589,1.0124667
24590,0.009298742
24591,0.12105775
24592,0.04325014
24593,0.1302384
24594,0.021078667
24595,1.2033473
24596,1.0116805
24597,-0.002455216
24598,1.1760207
24599,-0.012786448
24600,0.045012347
24601,0.35544088
24602,1.3427117
24603,0.1567996
24604,6.26035e-05
24605,0.056019273
24606,1.0121826
24607,1.3915529
24608,0.052083272
24609,1.3908355
24610,1.5658998
24611,1.5943549
24612,1.1229604
24613,1.1434572
24614,1.1003299
24615,1.1821002
24616,0.03946433
24617,0.02499525
24618,0.04584167
24619,1.1417537
24620,0.029968206
24621,0.04354938
24622,0.09663334
24623,1.1749597
24624,0.018899264
24625,0.12801346
24626,1.1125612
24627,0.075622015
24628,0.027868815
24629,0.16258147
24630,0.8831908
24631,0.118022636
24632,0.0364999
24633,1.2010084
24634,0.0010904223
24635,1.4797628
24636,1.2808399
24637,1.0124661
24638,0.072987296
24639,1.1888262
24640,0.46001536
24641,1.2039552
24642,1.1312646
24643,1.0581573
24644,1.5500998
24645,0.99282175
24646,1.0053232
24647,0.82315195
24648,1.395261
24649,0.035081483
24650,0.03966551
24651,0.04138321
24652,1.0909109
24653,0.94240624
24654,0.98201364
24655,1.1554615
24656,0.98597705
24657,1.1739272
24658,1.34491
24659,-0.0019799545
24660,0.03949705
24661,0.016471319
24662,0.09551695
24663,1.1836421
24664,0.042748164
24665,1.2441413
24666,1.198941
24667,0.038865007
24668,0.6814596
24669,0.02056097
24670,1.2668927
24671,-0.008201335
24672,1.4464618
24673,1.3375577
24674,0.14577086
24675,0.028404027
24676,0.095047206
24677,0.17191885
24678,0.090374045
24679,0.041017924
24680,0.24853426
24681,1.2722968
24682,1.1539308
24683,0.00045138597
24684,1.430715
24685,0.035868883
24686,1.0963854
24687,0.018937053
24688,1.3110008
24689,-0.002830524
24690,0.04146458
24691,1.1269145
24692,0.034168843
24693,0.799941
24694,1.2987336
24695,1.3649734
24696,1.3546693
24697,0.10807414
24698,0.12136397
24699,1.1041031
24700,0.9185414
24701,0.10677044
24702,0.9673247
24703,1.0893778
24704,0.040616393
24705,0.021729225
24706,0.7304177
24707,0.15607423
24708,0.8480585
24709,-0.015505206
24710,1.243407
24711,1.0182515
24712,0.08383651
24713,0.02846935
24714,0.6398047
24715,1.1622516
24716,0.0035553016
24717,1.0184695
24718,0.9949478
24719,0.68676925
24720,0.045085814
24721,0.13810003
24722,0.066221505
24723,0.067548424
24724,0.27986023
24725,0.52441037
24726,0.9908471
24727,0.22491938
24728,1.1918579
24729,1.4031682
24730,1.0166991
24731,0.0439954
24732,0.8722052
24733,0.07443284
24734,1.1181296
24735,1.2510773
24736,1.1239413
24737,1.1070973
24738,1.1120678
24739,0.0680687
24740,0.042012945
24741,0.041440163
24742,0.9842696
24743,1.0513427
24744,0.057888992
24745,1.0543463
24746,1.3853556
24747,0.05727925
24748,1.4459803
24749,0.05491776
24750,0.03797806
24751,0.036739357
24752,0.031015959
24753,0.12553532
24754,1.6521708
24755,0.09882645
24756,0.066140525
24757,1.0674473
24758,1.3407022
24759,1.8670244
24760,0.08623402
24761,1.816972
24762,0.9096488
24763,1.4014169
24764,0.078004554
24765,0.12223302
24766,0.049149
24767,0.0030665249
24768,0.0969816
24769,0.0459082
24770,0.01224969
24771,0.22981283
24772,0.028865745
24773,0.25814733
24774,1.3583713
24775,0.052833576
24776,0.8339594
24777,0.06795526
24778,0.16731694
24779,0.31989765
24780,0.082028516
24781,1.230431
24782,0.038178675
24783,0.010962982
24784,0.06873287
24785,1.2483592
24786,1.0579307
24787,1.227489
24788,1.3937498
24789,0.70697266
24790,0.04274277
24791,0.9435689
24792,0.064827025
24793,0.52238137
24794,1.1097038
24795,1.0664936
24796,0.049147297
24797,0.04893622
24798,0.057183076
24799,0.24532616
24800,0.07812534
24801,1.0853741
24802,0.052865095
24803,1.1436464
24804,0.8932164
24805,0.036791727
24806,1.2582674
24807,0.05941565
24808,1.0804986
24809,0.04137029
24810,1.6577972
24811,0.02712354
24812,1.3905137
24813,0.92465615
24814,-0.015295342
24815,1.475937
24816,-0.0013022907
24817,1.0718944
24818,0.47496665
24819,0.05088525
24820,1.3638355
24821,0.10417056
24822,1.5286127
24823,1.0543463
24824,1.0627104
24825,0.11323793
24826,0.06603898
24827,0.0483753
24828,1.0084869
24829,0.034497466
24830,1.4744552
24831,-0.0003232658
24832,0.10060395
24833,0.5948165
24834,0.05882912
24835,1.0483543
24836,0.846414
24837,0.12238717
24838,1.6295314
24839,1.1369084
24840,0.7388669
24841,1.2647542
24842,1.2459556
24843,1.2379948
24844,1.9207603
24845,0.08764255
24846,0.00666837
24847,1.229272
24848,0.013085257
24849,1.6732992
24850,0.022125866
24851,0.027440628
24852,1.1863313
24853,0.95343256
24854,0.87452346
24855,1.0483187
24856,0.3024237
24857,0.070517026
24858,0.04691543
24859,0.029069994
24860,0.14684
24861,0.09446898
24862,0.088997334
24863,1.2030604
24864,1.0717263
24865,0.028427908
24866,0.03481351
24867,0.31847692
24868,0.41280392
24869,0.027025837
24870,1.2920926
24871,1.362187
24872,0.057925776
24873,1.192998
24874,1.2167735
24875,0.041933242
24876,0.99352545
24877,0.9136728
24878,1.0908473
24879,0.088954076
24880,1.3025588
24881,1.3764168
24882,0.0031971
24883,1.4213227
24884,1.23268
24885,0.0018123388
24886,0.083458625
24887,2.0784364
24888,1.3974701
24889,0.058567252
24890,0.038485665
24891,0.8953484
24892,0.10553558
24893,0.6228087
24894,0.05382724
24895,0.5048223
24896,0.053762328
24897,0.94757694
24898,0.06938978
24899,0.04727539
24900,1.045459
24901,0.056474075
24902,0.7863534
24903,1.5660974
24904,0.9609937
24905,0.05885151
24906,1.7903367
24907,0.07961595
24908,0.7880477
24909,0.06402056
24910,1.5426725
24911,1.3107568
24912,1.1300408
24913,0.036445297
24914,1.0674938
24915,0.06591054
24916,0.10235895
24917,0.021795854
24918,0.8784941
24919,0.7517595
24920,0.041742425
24921,0.028665744
24922,0.04811609
24923,2.0042655
24924,0.032005776
24925,1.122728
24926,0.82409364
24927,0.039854117
24928,2.0891767
24929,1.2520806
24930,0.965643
24931,0.047541425
24932,0.19099727
24933,1.0130643
24934,0.07808998
24935,-0.0074676834
24936,1.7260681
24937,1.1247667
24938,1.1385846
24939,1.2644978
24940,0.039464567
24941,0.08970657
24942,0.22350256
24943,1.396015
24944,1.0543463
24945,1.8974983
24946,1.8335578
24947,0.112997994
24948,1.3064421
24949,0.06292271
24950,1.4915619
24951,0.08018212
24952,0.03993898
24953,0.020088833
24954,0.059747666
24955,0.0274304
24956,0.7961304
24957,0.81935364
24958,0.025918838
24959,0.11819722
24960,1.2935768
24961,0.08444346
24962,0.2376754
24963,0.7729624
24964,1.1679854
24965,0.055013753
24966,1.1671375
24967,1.0818717
24968,0.23156345
24969,1.0512531
24970,1.3748124
24971,0.038495343
24972,0.9981705
24973,1.1754034
24974,0.0012543052
24975,0.22399253
24976,0.9578174
24977,0.008911163
24978,1.5836408
24979,-0.01628992
24980,-0.010265488
24981,0.012087725
24982,0.058522698
24983,1.201802
24984,1.3774385
24985,1.2653437
24986,1.1143483
24987,-0.008676894
24988,0.10184567
24989,1.1256558
24990,0.57619625
24991,0.068783715
24992,0.1191297
24993,1.095224
24994,0.09343574
24995,0.7910327
24996,0.053379588
24997,-0.00085996464
24998,0.68040544
24999,1.140957
25000,0.69880474
25001,0.05945658
25002,1.5921849
25003,0.7473012
25004,1.2852837
25005,0.032090716
25006,0.23748858
25007,0.9335575
25008,1.7232183
25009,1.1477189
25010,1.3323565
25011,1.3816459
25012,0.825856
25013,0.14697999
25014,0.9411661
25015,0.24315675
25016,0.030330716
25017,1.037946
25018,1.0496656
25019,0.0637743
25020,1.5850676
25021,1.4445205
25022,1.5026325
25023,0.030231621
25024,0.9637307
25025,1.0923766
25026,0.38036424
25027,2.1402438
25028,1.4460051
25029,0.032133486
25030,0.043375302
25031,1.545815
25032,0.040268674
25033,0.0168657
25034,0.016913798
25035,1.6191493
25036,-0.012187138
25037,0.015495762
25038,1.1069955
25039,0.810995
25040,0.48770955
25041,0.2027071
25042,1.1520905
25043,0.04822231
25044,0.07145689
25045,1.1368669
25046,1.3768702
25047,1.0670723
25048,0.420021
25049,1.2161847
25050,1.4588954
25051,1.0627955
25052,0.007246211
25053,0.25071245
25054,1.0056319
25055,1.0575037
25056,1.6485455
25057,1.1050225
25058,0.036374927
25059,1.2749391
25060,0.0056491047
25061,0.8244161
25062,1.1110467
25063,0.037926223
25064,1.8850361
25065,1.6364621
25066,1.2857726
25067,1.5285124
25068,1.2297148
25069,1.6519965
25070,0.13772877
25071,1.5862639
25072,0.034829207
25073,0.05413315
25074,1.3583013
25075,0.0966426
25076,0.011124253
25077,1.080795
25078,0.44873506
25079,0.05415511
25080,-0.0020425469
25081,2.068241
25082,0.009132165
25083,0.03378322
25084,1.0579336
25085,0.014118899
25086,1.045763
25087,0.94775444
25088,1.1067731
25089,0.010625683
25090,0.7121616
25091,0.023052257
25092,0.8234047
25093,1.0104694
25094,0.6416614
25095,1.3915428
25096,1.3804393
25097,1.1760207
25098,0.9261668
25099,0.9536115
25100,1.2824517
25101,1.0373609
25102,1.0350194
25103,0.02623525
25104,1.0543463
25105,1.1007566
25106,0.6763123
25107,0.05618461
25108,1.1365304
25109,1.3025588
25110,0.13300984
25111,0.042824604
25112,0.031557918
25113,0.069259375
25114,0.9716154
25115,0.02245711
25116,0.05334013
25117,1.2703965
25118,1.3284452
25119,0.052085686
25120,1.0527418
25121,0.95609194
25122,0.044891313
25123,0.9111432
25124,1.3298866
25125,1.2690953
25126,0.07115756
25127,1.3500386
25128,0.14542651
25129,0.045303203
25130,1.1322179
25131,1.0543463
25132,0.06143955
25133,0.020933982
25134,1.9342953
25135,-0.0145195015
25136,0.028057618
25137,2.0102496
25138,1.6191852
25139,1.6623394
25140,1.2166309
25141,0.04874734
25142,0.040607527
25143,1.285184
25144,1.2101151
25145,0.93028456
25146,0.04519991
25147,0.09639308
25148,0.17407389
25149,1.1176847
25150,0.14088325
25151,1.6061926
25152,1.9913633
25153,0.022469578
25154,1.12766
25155,0.03507443
25156,0.038967635
25157,0.06597255
25158,1.3085135
25159,0.05188359
25160,0.013768446
25161,0.9574685
25162,0.6493218
25163,0.06014861
25164,1.172232
25165,-0.015703645
25166,0.022501878
25167,0.07096861
25168,0.036621373
25169,1.0145454
25170,1.2040563
25171,0.05220063
25172,1.0758753
25173,0.041017406
25174,1.3773247
25175,0.053506523
25176,0.16176356
25177,1.1102517
25178,1.1151307
25179,1.3583226
25180,0.7578499
25181,1.6188494
25182,1.0927811
25183,0.10658091
25184,1.2274929
25185,0.47180033
25186,0.95670205
25187,0.052638646
25188,1.0679955
25189,0.16365634
25190,0.052165903
25191,1.1420394
25192,1.1095417
25193,0.12466864
25194,1.1610464
25195,1.3032452
25196,0.15011293
25197,1.4000263
25198,1.7190977
25199,1.1978418
25200,0.085817695
25201,1.7016343
25202,1.2331568
25203,0.14461608
25204,1.4312925
25205,1.2967361
25206,0.034914978
25207,0.45458847
25208,1.2013965
25209,0.119695455
25210,0.2090971
25211,0.03343111
25212,1.0392766
25213,0.10683605
25214,1.0639948
25215,0.17837876
25216,0.035767745
25217,0.66238624
25218,1.3546385
25219,0.105226144
25220,0.4829541
25221,0.05423519
25222,0.7439708
25223,0.753376
25224,1.2950073
25225,0.1322112
25226,1.08864
25227,0.03057282
25228,0.049240857
25229,0.13311921
25230,0.039323658
25231,0.038511064
25232,0.029205846
25233,0.03488218
25234,0.06698579
25235,1.0248269
25236,1.1098527
25237,1.1731644
25238,1.2576219
25239,0.9597215
25240,1.0222837
25241,0.071405575
25242,0.075752944
25243,1.7310271
25244,0.080410875
25245,0.039886504
25246,1.04289
25247,0.045282014
25248,1.8868581
25249,0.04734619
25250,0.79488397
25251,1.0331312
25252,1.3063781
25253,0.6728566
25254,0.04486213
25255,1.3183593
25256,1.3583713
25257,1.3495349
25258,1.543011
25259,0.21197669
25260,0.0042772777
25261,0.8412704
25262,0.11877993
25263,0.10877922
25264,0.01493299
25265,0.97025746
25266,0.86928076
25267,1.4017464
25268,0.029444989
25269,0.89116454
25270,-0.000535354
25271,0.00055299327
25272,1.2540874
25273,1.5355575
25274,0.38171265
25275,1.245791
25276,0.02328916
25277,1.3572637
25278,0.8242273
25279,0.03673797
25280,1.0014302
25281,1.7058876
25282,1.3929892
25283,0.8966806
25284,1.0439614
25285,0.061255474
25286,1.5017534
25287,0.101154834
25288,1.0183418
25289,0.032725647
25290,0.07713659
25291,1.3667731
25292,0.03207436
25293,0.052881755
25294,0.027186893
25295,0.04634156
25296,1.9493294
25297,1.1372104
25298,1.7733669
25299,1.2403548
25300,0.08256703
25301,0.04912661
25302,0.13866645
25303,0.044505592
25304,0.2648324
25305,0.10808332
25306,0.067529134
25307,1.5865164
25308,0.043358646
25309,0.057444952
25310,0.0706542
25311,0.055244796
25312,0.027288573
25313,0.83333534
25314,1.7035675
25315,0.9171408
25316,0.09382765
25317,0.34964392
25318,1.1161762
25319,0.16098645
25320,0.0567843
25321,1.9732755
25322,0.0442601
25323,1.4113238
25324,0.06791703
25325,0.70700294
25326,0.09853095
25327,-0.0038899705
25328,0.03608676
25329,0.020858737
25330,0.40546975
25331,0.050463296
25332,1.3001173
25333,0.117957935
25334,0.07126013
25335,1.3964146
25336,0.80635756
25337,1.0228658
25338,0.029761009
25339,0.8027535
25340,0.034543682
25341,1.3983145
25342,0.039332114
25343,0.034132972
25344,1.5577551
25345,1.5800358
25346,1.2416377
25347,1.1097747
25348,0.09714608
25349,1.2440052
25350,1.5244759
25351,0.04357686
25352,0.03225983
25353,0.46106303
25354,0.34048674
25355,0.9262851
25356,0.07944897
25357,0.041697912
25358,0.52969277
25359,1.0915483
25360,1.1932477
25361,1.9712542
25362,0.06678933
25363,1.2116966
25364,0.15851937
25365,0.06920831
25366,0.0035553984
25367,0.92840046
25368,-0.0005382411
25369,0.24134172
25370,0.04720705
25371,0.9719893
25372,0.082176864
25373,1.4252347
25374,0.012071976
25375,1.6497759
25376,1.0306841
25377,0.83461016
25378,0.036794726
25379,0.048206653
25380,1.5980645
25381,0.07780762
25382,0.9727698
25383,1.9559793
25384,1.4369525
25385,0.011682052
25386,1.6231282
25387,1.3516078
25388,0.052986033
25389,0.3210405
25390,0.003175594
25391,0.08099201
25392,0.13829769
25393,1.0155847
25394,0.05015081
25395,1.1313107
25396,0.9647685
25397,0.3816253
25398,0.024614569
25399,1.1109532
25400,0.56017405
25401,1.9916036
25402,0.9393096
25403,1.1210505
25404,1.2294407
25405,2.2773454
25406,0.52059555
25407,0.11015816
25408,-0.0017367899
25409,0.9860229
25410,1.1924087
25411,0.084495336
25412,0.06369525
25413,1.545007
25414,0.05813072
25415,1.3426222
25416,0.032882452
25417,0.044668127
25418,0.04817444
25419,0.049747825
25420,1.154082
25421,0.91007876
25422,0.17694628
25423,-0.0006250553
25424,1.8738084
25425,0.041611485
25426,1.3203983
25427,1.1569707
25428,1.990136
25429,1.664585
25430,1.9329575
25431,0.42359874
25432,0.043296117
25433,0.03251189
25434,0.099673435
25435,1.5304563
25436,0.58581233
25437,1.1040027
25438,1.2374347
25439,0.03583511
25440,1.1137316
25441,0.03117184
25442,0.056971766
25443,0.33704147
25444,0.042797346
25445,1.2286186
25446,0.13078494
25447,1.1446626
25448,0.08980791
25449,0.057886787
25450,0.43320063
25451,1.3598017
25452,0.058510248
25453,1.0952624
25454,0.044842236
25455,0.023729106
25456,0.10621755
25457,1.0890749
25458,1.0385625
25459,0.20606422
25460,-0.002787497
25461,0.27569857
25462,0.011899361
25463,0.22707549
25464,0.8282728
25465,0.14412288
25466,1.2720937
25467,0.020547137
25468,1.104914
25469,0.78092694
25470,0.15737358
25471,1.0301999
25472,0.042426754
25473,0.042286303
25474,0.10809393
25475,1.1372807
25476,0.022482375
25477,1.2743027
25478,0.050585866
25479,0.058596335
25480,1.094647
25481,0.98072416
25482,1.1266097
25483,1.7917322
25484,-0.010396577
25485,1.1075953
25486,0.81356955
25487,1.6890786
25488,0.055947408
25489,0.07241635
25490,0.045562744
25491,0.80685794
25492,1.24353
25493,0.0039227232
25494,0.048340037
25495,0.89718115
25496,1.0501846
25497,1.4285287
25498,0.06868307
25499,0.37200058
25500,0.019950807
25501,0.030576494
25502,1.3368503
25503,1.3583713
25504,0.065311894
25505,1.0958143
25506,1.4016986
25507,1.3352002
25508,0.93857414
25509,0.05800599
25510,1.0533597
25511,1.0543463
25512,1.3506311
25513,1.1609799
25514,0.36455533
25515,0.03753682
25516,0.8138224
25517,0.062967956
25518,0.054621987
25519,1.5140177
25520,0.21957777
25521,0.04542665
25522,0.68454456
25523,0.10714251
25524,1.6249243
25525,0.6545427
25526,0.948633
25527,0.060356066
25528,0.029564276
25529,0.05387
25530,0.01169464
25531,0.01270815
25532,1.8578635
25533,0.9771324
25534,0.6522019
25535,0.8484634
25536,1.0543463
25537,0.19044223
25538,1.178419
25539,0.1144107
25540,0.016720736
25541,1.396869
25542,0.05379897
25543,0.9354445
25544,0.86295015
25545,0.070390165
25546,1.2987193
25547,1.1143689
25548,0.15349558
25549,1.4329704
25550,0.46668535
25551,1.5165308
25552,1.3055269
25553,0.009131884
25554,0.037724294
25555,0.11386804
25556,2.31135
25557,0.441665
25558,1.187134
25559,0.7493476
25560,0.065555766
25561,1.4635118
25562,1.3477606
25563,0.04293004
25564,0.035746958
25565,0.06226468
25566,1.4248513
25567,0.03384631
25568,1.3391248
25569,2.3193014
25570,1.241251
25571,0.2023933
25572,1.0488118
25573,1.4493057
25574,0.0640697
25575,0.8391607
25576,0.7917847
25577,0.7713518
25578,0.00010673329
25579,1.1964976
25580,0.13677222
25581,1.3606659
25582,0.03888805
25583,1.1792375
25584,1.1921737
25585,0.41150415
25586,0.08471858
25587,1.4414744
25588,0.04187425
25589,0.035505243
25590,0.07212338
25591,1.311616
25592,0.7559927
25593,0.0048222058
25594,0.051184416
25595,1.1609799
25596,0.008470293
25597,1.8317771
25598,0.8758137
25599,0.08266871
25600,0.17505024
25601,1.0519209
25602,0.002141662
25603,0.91984594
25604,0.032977033
25605,0.04889123
25606,0.007934306
25607,0.044581853
25608,1.0197576
25609,1.6104627
25610,-0.0056000836
25611,1.8770502
25612,1.1286713
25613,1.0393593
25614,1.0697999
25615,1.1205233
25616,0.08329047
25617,0.1500187
25618,0.060076423
25619,0.04626494
25620,1.3350158
25621,0.057475954
25622,1.4239978
25623,1.2599925
25624,1.1110173
25625,1.1284467
25626,1.5208294
25627,1.3470747
25628,0.017869506
25629,0.07166579
25630,1.4663547
25631,1.059317
25632,1.4606028
25633,1.3501078
25634,1.4549284
25635,1.4832269
25636,0.07848844
25637,0.0805163
25638,0.21549676
25639,0.9878503
25640,0.93767554
25641,0.41775358
25642,0.051629085
25643,0.17200685
25644,0.5663426
25645,0.8527732
25646,0.043029033
25647,0.011969825
25648,0.037958786
25649,1.2669886
25650,0.6375073
25651,0.17824885
25652,1.1073642
25653,1.2008127
25654,0.016494036
25655,1.2364005
25656,1.4851083
25657,0.052233938
25658,1.1644967
25659,0.019965226
25660,0.09148939
25661,-0.01723783
25662,2.077932
25663,0.8984799
25664,0.05351018
25665,0.03150251
25666,1.1277057
25667,0.05988884
25668,0.004823137
25669,0.02669508
25670,-0.016802382
25671,0.083534785
25672,1.334554
25673,1.1648792
25674,0.045824252
25675,-0.0030801743
25676,0.024539873
25677,0.09496665
25678,1.3898791
25679,0.10734646
25680,0.07820484
25681,1.151102
25682,1.0454721
25683,0.045481857
25684,0.8993366
25685,1.1845021
25686,1.3061265
25687,0.97421294
25688,1.4028451
25689,0.039091196
25690,0.0690441
25691,0.06853461
25692,0.027992766
25693,0.25763395
25694,1.6645771
25695,1.5237561
25696,0.082637474
25697,1.7409852
25698,0.036239777
25699,1.6059682
25700,1.7155813
25701,0.12717022
25702,1.303684
25703,0.8447069
25704,0.017870463
25705,0.5325866
25706,1.8001603
25707,0.06414594
25708,1.1166042
25709,1.1418484
25710,1.076961
25711,1.158797
25712,1.8516395
25713,0.83515036
25714,1.5426725
25715,0.99852645
25716,0.12724048
25717,1.0926569
25718,1.359447
25719,0.03555551
25720,1.2683648
25721,0.29143572
25722,0.050044186
25723,0.17185289
25724,1.1174315
25725,0.9140753
25726,1.3613989
25727,0.19354941
25728,0.12195794
25729,0.11043143
25730,1.3208352
25731,1.1496011
25732,1.5140789
25733,0.052653212
25734,0.8538253
25735,0.040122326
25736,-0.0061405413
25737,0.93643993
25738,0.06031371
25739,0.2548219
25740,1.3508852
25741,0.04947214
25742,0.005948454
25743,1.4022663
25744,0.1625917
25745,0.15010232
25746,0.004592426
25747,1.2653852
25748,0.24170457
25749,0.07039695
25750,0.21685682
25751,1.247806
25752,1.2582804
25753,1.7279686
25754,0.07654105
25755,1.3248411
25756,1.6861278
25757,0.92065537
25758,0.05890254
25759,0.40876552
25760,0.012321703
25761,1.2839707
25762,1.9797008
25763,1.0893639
25764,0.9493603
25765,0.010898937
25766,0.15683028
25767,1.3554353
25768,1.2267143
25769,0.9798683
25770,0.0792891
25771,0.040076382
25772,1.054021
25773,0.13226682
25774,0.06790526
25775,0.04211003
25776,0.052192245
25777,0.020926636
25778,0.024203852
25779,0.026212096
25780,0.9685844
25781,0.043281626
25782,1.3367829
25783,1.4635893
25784,0.036745645
25785,0.0020534135
25786,0.011955775
25787,1.4784591
25788,1.0683383
25789,1.3089287
25790,0.015323982
25791,1.2868097
25792,0.048221983
25793,1.0114343
25794,0.051951647
25795,0.19086292
25796,0.005339388
25797,1.7240139
25798,0.04329026
25799,1.2795292
25800,1.0217489
25801,0.020243075
25802,1.4825982
25803,0.11103906
25804,-0.016277414
25805,0.024443455
25806,0.19698101
25807,2.0780127
25808,1.3651936
25809,0.14297196
25810,1.3308403
25811,0.954516
25812,0.40163854
25813,0.039525367
25814,1.4263073
25815,1.0543463
25816,0.048919506
25817,1.1667074
25818,1.2978313
25819,0.9331381
25820,1.1210243
25821,0.057547666
25822,1.1957384
25823,0.07068428
25824,1.1648175
25825,1.0249957
25826,1.2503823
25827,0.03727354
25828,0.38905287
25829,0.03467085
25830,0.10738599
25831,1.051572
25832,0.5330395
25833,0.17945383
25834,0.053021617
25835,0.032284785
25836,0.8553171
25837,0.054655805
25838,0.026441518
25839,0.035823807
25840,0.01675454
25841,0.108898506
25842,0.940975
25843,1.2010221
25844,1.4691734
25845,1.0763997
25846,1.2052273
25847,0.0128955
25848,0.10008769
25849,1.3899477
25850,1.4090884
25851,0.0052658357
25852,0.01592528
25853,1.1784208
25854,0.7467509
25855,0.104917094
25856,0.05060987
25857,0.09414646
25858,0.19516234
25859,1.0491579
25860,0.04904478
25861,1.0694305
25862,0.012836486
25863,1.4366903
25864,0.1210379
25865,0.043797467
25866,0.08957228
25867,1.3854269
25868,0.057820763
25869,1.6847057
25870,0.0629443
25871,1.3645759
25872,0.35095948
25873,0.72321355
25874,0.11310673
25875,0.107335
25876,0.026745733
25877,0.05169598
25878,0.721289
25879,1.4781377
25880,0.6394561
25881,0.0426495
25882,0.028690774
25883,0.18821588
25884,0.08887088
25885,1.3649813
25886,0.8497798
25887,0.8944698
25888,0.12430665
25889,0.80596966
25890,1.0966824
25891,1.0026785
25892,1.0543463
25893,0.033801258
25894,0.07782776
25895,1.1055377
25896,1.0564737
25897,0.072971255
25898,2.0238063
25899,0.68051815
25900,1.1626172
25901,0.0030331053
25902,0.095776
25903,0.31281695
25904,0.11900492
25905,0.75471586
25906,0.030775977
25907,0.050800562
25908,0.055482812
25909,1.280071
25910,0.056574397
25911,0.09323351
25912,1.1559455
25913,0.05175126
25914,0.040828425
25915,1.5590602
25916,1.232483
25917,0.9316358
25918,1.141589
25919,1.0807589
25920,0.48231798
25921,1.0138189
25922,1.1597674
25923,1.4304508
25924,-0.00133311
25925,0.07302639
25926,0.071111634
25927,1.1856693
25928,0.06728992
25929,1.5304585
25930,0.099924736
25931,0.61647475
25932,0.09196708
25933,0.020387804
25934,1.5323983
25935,1.5372019
25936,1.0488825
25937,1.0049981
25938,0.17109646
25939,0.120098785
25940,0.87680244
25941,1.706986
25942,0.06741292
25943,1.1355495
25944,1.3120046
25945,1.2219659
25946,1.5916032
25947,1.2716279
25948,0.047616355
25949,0.043293525
25950,0.74340004
25951,1.2755975
25952,1.8794045
25953,0.049389124
25954,1.478413
25955,0.028809391
25956,0.049811915
25957,0.05187325
25958,1.0952022
25959,0.07178798
25960,0.06238406
25961,1.2142267
25962,0.12006779
25963,1.5184832
25964,0.9453693
25965,0.10501823
25966,0.088740796
25967,1.9695547
25968,0.16668423
25969,0.090335175
25970,1.2660426
25971,0.06528448
25972,1.4319249
25973,0.052682336
25974,1.16405
25975,0.017254222
25976,0.032423463
25977,0.1611093
25978,0.0030771568
25979,0.02923364
25980,0.32835302
25981,1.0205871
25982,0.03475375
25983,0.07163928
25984,0.048386578
25985,-0.005589653
25986,0.045452766
25987,0.072669014
25988,1.141624
25989,1.1996876
25990,-0.0020664595
25991,0.060792554
25992,0.5932144
25993,0.107620835
25994,0.13200746
25995,0.07655929
25996,-0.008101895
25997,0.32469922
25998,1.4987373
25999,0.038269825
