id,k_neighbor,proba_0,proba_1
20800,0,1.0,0.0
20801,1,0.0,1.0
20802,0,0.6,0.4
20803,0,0.6,0.4
20804,1,0.2,0.8
20805,1,0.0,1.0
20806,1,0.0,1.0
20807,0,1.0,0.0
20808,0,0.8,0.2
20809,1,0.0,1.0
20810,1,0.2,0.8
20811,1,0.0,1.0
20812,0,0.6,0.4
20813,1,0.0,1.0
20814,1,0.2,0.8
20815,0,0.8,0.2
20816,0,0.8,0.2
20817,0,0.8,0.2
20818,1,0.0,1.0
20819,1,0.2,0.8
20820,1,0.2,0.8
20821,1,0.0,1.0
20822,1,0.0,1.0
20823,1,0.0,1.0
20824,1,0.0,1.0
20825,0,0.6,0.4
20826,1,0.0,1.0
20827,0,1.0,0.0
20828,1,0.2,0.8
20829,1,0.0,1.0
20830,1,0.0,1.0
20831,1,0.0,1.0
20832,0,0.8,0.2
20833,0,0.6,0.4
20834,1,0.0,1.0
20835,0,0.8,0.2
20836,1,0.2,0.8
20837,1,0.4,0.6
20838,1,0.0,1.0
20839,0,1.0,0.0
20840,0,0.8,0.2
20841,0,0.8,0.2
20842,1,0.0,1.0
20843,1,0.2,0.8
20844,0,1.0,0.0
20845,1,0.0,1.0
20846,1,0.4,0.6
20847,0,0.8,0.2
20848,1,0.0,1.0
20849,1,0.2,0.8
20850,0,0.6,0.4
20851,1,0.4,0.6
20852,0,1.0,0.0
20853,1,0.0,1.0
20854,1,0.4,0.6
20855,0,0.6,0.4
20856,1,0.0,1.0
20857,0,1.0,0.0
20858,0,0.8,0.2
20859,0,1.0,0.0
20860,1,0.0,1.0
20861,1,0.0,1.0
20862,1,0.0,1.0
20863,1,0.2,0.8
20864,1,0.2,0.8
20865,1,0.2,0.8
20866,1,0.0,1.0
20867,1,0.2,0.8
20868,0,0.8,0.2
20869,0,0.8,0.2
20870,1,0.0,1.0
20871,1,0.4,0.6
20872,1,0.0,1.0
20873,0,1.0,0.0
20874,0,1.0,0.0
20875,0,0.6,0.4
20876,0,0.6,0.4
20877,0,1.0,0.0
20878,0,0.6,0.4
20879,0,0.6,0.4
20880,0,1.0,0.0
20881,1,0.2,0.8
20882,1,0.4,0.6
20883,1,0.0,1.0
20884,1,0.0,1.0
20885,1,0.4,0.6
20886,1,0.4,0.6
20887,0,1.0,0.0
20888,0,0.8,0.2
20889,1,0.2,0.8
20890,1,0.0,1.0
20891,0,1.0,0.0
20892,0,0.6,0.4
20893,1,0.4,0.6
20894,1,0.0,1.0
20895,0,0.8,0.2
20896,0,1.0,0.0
20897,0,0.6,0.4
20898,0,0.8,0.2
20899,1,0.4,0.6
20900,1,0.2,0.8
20901,1,0.0,1.0
20902,0,0.6,0.4
20903,0,0.8,0.2
20904,0,1.0,0.0
20905,0,0.8,0.2
20906,1,0.2,0.8
20907,0,0.8,0.2
20908,1,0.0,1.0
20909,1,0.2,0.8
20910,1,0.0,1.0
20911,0,0.6,0.4
20912,0,0.8,0.2
20913,0,1.0,0.0
20914,0,0.8,0.2
20915,0,0.6,0.4
20916,0,0.6,0.4
20917,1,0.2,0.8
20918,0,0.6,0.4
20919,1,0.0,1.0
20920,0,0.8,0.2
20921,1,0.4,0.6
20922,1,0.2,0.8
20923,0,0.6,0.4
20924,1,0.4,0.6
20925,1,0.0,1.0
20926,1,0.0,1.0
20927,1,0.0,1.0
20928,0,0.6,0.4
20929,0,0.8,0.2
20930,1,0.0,1.0
20931,0,1.0,0.0
20932,1,0.0,1.0
20933,0,0.6,0.4
20934,0,1.0,0.0
20935,0,0.8,0.2
20936,0,0.8,0.2
20937,1,0.4,0.6
20938,1,0.4,0.6
20939,1,0.0,1.0
20940,1,0.0,1.0
20941,1,0.2,0.8
20942,1,0.0,1.0
20943,1,0.0,1.0
20944,1,0.4,0.6
20945,0,1.0,0.0
20946,1,0.0,1.0
20947,0,0.6,0.4
20948,0,1.0,0.0
20949,0,0.6,0.4
20950,1,0.0,1.0
20951,0,0.6,0.4
20952,0,1.0,0.0
20953,1,0.4,0.6
20954,0,1.0,0.0
20955,0,0.6,0.4
20956,0,1.0,0.0
20957,0,0.6,0.4
20958,1,0.2,0.8
20959,1,0.0,1.0
20960,1,0.0,1.0
20961,1,0.0,1.0
20962,1,0.0,1.0
20963,1,0.2,0.8
20964,0,0.6,0.4
20965,1,0.0,1.0
20966,1,0.4,0.6
20967,1,0.4,0.6
20968,1,0.0,1.0
20969,0,0.6,0.4
20970,0,0.6,0.4
20971,0,1.0,0.0
20972,0,0.6,0.4
20973,0,1.0,0.0
20974,0,0.8,0.2
20975,0,0.6,0.4
20976,0,1.0,0.0
20977,0,0.6,0.4
20978,1,0.4,0.6
20979,0,0.8,0.2
20980,0,0.6,0.4
20981,1,0.2,0.8
20982,1,0.4,0.6
20983,1,0.0,1.0
20984,0,0.6,0.4
20985,1,0.0,1.0
20986,0,0.6,0.4
20987,0,1.0,0.0
20988,1,0.2,0.8
20989,0,0.8,0.2
20990,1,0.0,1.0
20991,0,0.6,0.4
20992,0,1.0,0.0
20993,1,0.2,0.8
20994,0,0.8,0.2
20995,1,0.0,1.0
20996,1,0.2,0.8
20997,1,0.0,1.0
20998,1,0.0,1.0
20999,1,0.2,0.8
21000,0,1.0,0.0
21001,1,0.0,1.0
21002,0,0.8,0.2
21003,1,0.0,1.0
21004,1,0.0,1.0
21005,0,0.6,0.4
21006,1,0.0,1.0
21007,0,0.6,0.4
21008,0,0.8,0.2
21009,1,0.2,0.8
21010,0,1.0,0.0
21011,1,0.2,0.8
21012,0,0.6,0.4
21013,0,1.0,0.0
21014,1,0.4,0.6
21015,1,0.2,0.8
21016,1,0.2,0.8
21017,0,1.0,0.0
21018,0,1.0,0.0
21019,1,0.2,0.8
21020,0,1.0,0.0
21021,1,0.0,1.0
21022,1,0.4,0.6
21023,1,0.2,0.8
21024,1,0.4,0.6
21025,1,0.2,0.8
21026,1,0.2,0.8
21027,1,0.0,1.0
21028,0,1.0,0.0
21029,0,1.0,0.0
21030,0,0.8,0.2
21031,0,0.8,0.2
21032,0,0.6,0.4
21033,1,0.4,0.6
21034,1,0.0,1.0
21035,1,0.4,0.6
21036,1,0.0,1.0
21037,0,0.6,0.4
21038,1,0.2,0.8
21039,0,0.6,0.4
21040,1,0.4,0.6
21041,1,0.2,0.8
21042,0,0.6,0.4
21043,1,0.0,1.0
21044,1,0.4,0.6
21045,1,0.0,1.0
21046,0,0.6,0.4
21047,1,0.2,0.8
21048,0,0.8,0.2
21049,0,0.8,0.2
21050,1,0.2,0.8
21051,1,0.0,1.0
21052,1,0.2,0.8
21053,0,1.0,0.0
21054,1,0.2,0.8
21055,0,0.6,0.4
21056,1,0.0,1.0
21057,1,0.2,0.8
21058,0,0.6,0.4
21059,1,0.0,1.0
21060,0,0.6,0.4
21061,1,0.0,1.0
21062,0,0.6,0.4
21063,0,0.6,0.4
21064,0,0.6,0.4
21065,1,0.0,1.0
21066,1,0.4,0.6
21067,1,0.0,1.0
21068,1,0.4,0.6
21069,1,0.4,0.6
21070,1,0.4,0.6
21071,1,0.2,0.8
21072,1,0.4,0.6
21073,1,0.0,1.0
21074,0,1.0,0.0
21075,0,1.0,0.0
21076,0,1.0,0.0
21077,0,1.0,0.0
21078,0,1.0,0.0
21079,1,0.4,0.6
21080,0,0.8,0.2
21081,1,0.0,1.0
21082,1,0.4,0.6
21083,1,0.0,1.0
21084,0,0.6,0.4
21085,0,1.0,0.0
21086,0,1.0,0.0
21087,1,0.4,0.6
21088,1,0.0,1.0
21089,0,0.6,0.4
21090,0,1.0,0.0
21091,0,0.6,0.4
21092,0,1.0,0.0
21093,1,0.0,1.0
21094,1,0.2,0.8
21095,0,0.6,0.4
21096,1,0.0,1.0
21097,1,0.4,0.6
21098,1,0.0,1.0
21099,0,1.0,0.0
21100,0,0.8,0.2
21101,0,1.0,0.0
21102,0,0.8,0.2
21103,1,0.4,0.6
21104,1,0.0,1.0
21105,1,0.4,0.6
21106,1,0.0,1.0
21107,1,0.0,1.0
21108,1,0.4,0.6
21109,0,0.8,0.2
21110,0,1.0,0.0
21111,0,0.6,0.4
21112,1,0.2,0.8
21113,0,0.8,0.2
21114,0,1.0,0.0
21115,1,0.4,0.6
21116,0,1.0,0.0
21117,1,0.4,0.6
21118,0,1.0,0.0
21119,0,0.6,0.4
21120,0,1.0,0.0
21121,1,0.2,0.8
21122,0,0.8,0.2
21123,1,0.0,1.0
21124,0,0.8,0.2
21125,1,0.2,0.8
21126,1,0.0,1.0
21127,1,0.4,0.6
21128,0,1.0,0.0
21129,1,0.0,1.0
21130,1,0.4,0.6
21131,0,1.0,0.0
21132,1,0.2,0.8
21133,1,0.2,0.8
21134,0,0.8,0.2
21135,1,0.2,0.8
21136,1,0.4,0.6
21137,1,0.4,0.6
21138,0,0.8,0.2
21139,0,0.6,0.4
21140,0,0.6,0.4
21141,1,0.0,1.0
21142,1,0.2,0.8
21143,0,0.8,0.2
21144,1,0.0,1.0
21145,0,1.0,0.0
21146,1,0.2,0.8
21147,0,0.8,0.2
21148,1,0.0,1.0
21149,1,0.0,1.0
21150,0,1.0,0.0
21151,0,0.6,0.4
21152,1,0.4,0.6
21153,1,0.4,0.6
21154,0,1.0,0.0
21155,1,0.2,0.8
21156,1,0.4,0.6
21157,1,0.4,0.6
21158,1,0.0,1.0
21159,0,1.0,0.0
21160,1,0.0,1.0
21161,0,1.0,0.0
21162,1,0.4,0.6
21163,1,0.0,1.0
21164,1,0.0,1.0
21165,0,1.0,0.0
21166,0,0.8,0.2
21167,1,0.2,0.8
21168,1,0.2,0.8
21169,1,0.4,0.6
21170,0,1.0,0.0
21171,0,0.6,0.4
21172,0,0.6,0.4
21173,0,1.0,0.0
21174,0,0.6,0.4
21175,0,1.0,0.0
21176,0,0.6,0.4
21177,0,0.6,0.4
21178,0,1.0,0.0
21179,0,1.0,0.0
21180,0,1.0,0.0
21181,1,0.2,0.8
21182,1,0.0,1.0
21183,0,0.8,0.2
21184,1,0.0,1.0
21185,1,0.2,0.8
21186,1,0.4,0.6
21187,0,0.6,0.4
21188,0,0.8,0.2
21189,0,0.6,0.4
21190,1,0.0,1.0
21191,1,0.0,1.0
21192,1,0.4,0.6
21193,1,0.2,0.8
21194,0,1.0,0.0
21195,1,0.0,1.0
21196,1,0.2,0.8
21197,1,0.2,0.8
21198,0,0.8,0.2
21199,0,0.6,0.4
21200,0,1.0,0.0
21201,1,0.4,0.6
21202,0,0.8,0.2
21203,0,0.8,0.2
21204,1,0.4,0.6
21205,0,1.0,0.0
21206,0,0.6,0.4
21207,0,1.0,0.0
21208,0,1.0,0.0
21209,1,0.4,0.6
21210,0,0.8,0.2
21211,0,0.6,0.4
21212,0,0.6,0.4
21213,0,0.8,0.2
21214,0,0.6,0.4
21215,0,1.0,0.0
21216,0,1.0,0.0
21217,0,1.0,0.0
21218,0,0.8,0.2
21219,1,0.4,0.6
21220,0,1.0,0.0
21221,0,1.0,0.0
21222,1,0.0,1.0
21223,0,1.0,0.0
21224,0,0.8,0.2
21225,0,0.6,0.4
21226,0,1.0,0.0
21227,1,0.4,0.6
21228,0,1.0,0.0
21229,0,1.0,0.0
21230,0,1.0,0.0
21231,0,0.6,0.4
21232,0,1.0,0.0
21233,0,0.6,0.4
21234,0,0.8,0.2
21235,0,1.0,0.0
21236,0,1.0,0.0
21237,1,0.0,1.0
21238,1,0.0,1.0
21239,0,0.6,0.4
21240,0,0.6,0.4
21241,0,1.0,0.0
21242,1,0.4,0.6
21243,1,0.2,0.8
21244,0,1.0,0.0
21245,0,0.8,0.2
21246,0,0.6,0.4
21247,1,0.2,0.8
21248,1,0.0,1.0
21249,0,0.6,0.4
21250,1,0.0,1.0
21251,0,0.8,0.2
21252,1,0.4,0.6
21253,1,0.2,0.8
21254,1,0.0,1.0
21255,1,0.4,0.6
21256,0,0.8,0.2
21257,0,0.6,0.4
21258,1,0.2,0.8
21259,0,1.0,0.0
21260,1,0.4,0.6
21261,0,0.6,0.4
21262,0,0.6,0.4
21263,0,0.8,0.2
21264,1,0.0,1.0
21265,0,1.0,0.0
21266,1,0.4,0.6
21267,0,1.0,0.0
21268,0,1.0,0.0
21269,1,0.4,0.6
21270,1,0.2,0.8
21271,0,0.8,0.2
21272,0,1.0,0.0
21273,0,1.0,0.0
21274,1,0.0,1.0
21275,0,1.0,0.0
21276,1,0.4,0.6
21277,1,0.2,0.8
21278,0,1.0,0.0
21279,1,0.2,0.8
21280,0,0.6,0.4
21281,0,0.8,0.2
21282,0,0.6,0.4
21283,0,0.6,0.4
21284,0,1.0,0.0
21285,0,0.8,0.2
21286,1,0.2,0.8
21287,1,0.2,0.8
21288,1,0.0,1.0
21289,0,0.8,0.2
21290,0,0.8,0.2
21291,0,0.6,0.4
21292,1,0.4,0.6
21293,0,0.6,0.4
21294,0,0.6,0.4
21295,0,1.0,0.0
21296,0,1.0,0.0
21297,1,0.0,1.0
21298,1,0.0,1.0
21299,1,0.0,1.0
21300,1,0.2,0.8
21301,0,0.8,0.2
21302,0,1.0,0.0
21303,1,0.4,0.6
21304,1,0.2,0.8
21305,1,0.2,0.8
21306,1,0.0,1.0
21307,0,0.8,0.2
21308,0,0.8,0.2
21309,0,0.6,0.4
21310,1,0.4,0.6
21311,1,0.2,0.8
21312,1,0.4,0.6
21313,0,0.8,0.2
21314,0,1.0,0.0
21315,1,0.0,1.0
21316,0,0.6,0.4
21317,0,0.8,0.2
21318,0,0.8,0.2
21319,0,1.0,0.0
21320,0,0.6,0.4
21321,0,0.6,0.4
21322,1,0.0,1.0
21323,1,0.2,0.8
21324,1,0.4,0.6
21325,1,0.2,0.8
21326,0,1.0,0.0
21327,0,0.8,0.2
21328,1,0.0,1.0
21329,1,0.4,0.6
21330,1,0.0,1.0
21331,1,0.0,1.0
21332,0,0.6,0.4
21333,0,0.8,0.2
21334,1,0.0,1.0
21335,0,1.0,0.0
21336,1,0.2,0.8
21337,1,0.0,1.0
21338,1,0.2,0.8
21339,0,0.6,0.4
21340,0,0.6,0.4
21341,1,0.0,1.0
21342,0,0.8,0.2
21343,1,0.4,0.6
21344,0,1.0,0.0
21345,1,0.0,1.0
21346,0,1.0,0.0
21347,0,1.0,0.0
21348,1,0.2,0.8
21349,0,1.0,0.0
21350,0,0.8,0.2
21351,1,0.4,0.6
21352,0,0.6,0.4
21353,1,0.0,1.0
21354,1,0.0,1.0
21355,0,0.8,0.2
21356,0,0.6,0.4
21357,1,0.4,0.6
21358,0,0.6,0.4
21359,1,0.2,0.8
21360,0,1.0,0.0
21361,1,0.0,1.0
21362,0,0.6,0.4
21363,0,0.6,0.4
21364,1,0.0,1.0
21365,1,0.2,0.8
21366,1,0.2,0.8
21367,1,0.0,1.0
21368,1,0.2,0.8
21369,0,0.8,0.2
21370,1,0.4,0.6
21371,0,1.0,0.0
21372,1,0.0,1.0
21373,1,0.0,1.0
21374,0,0.6,0.4
21375,0,1.0,0.0
21376,1,0.0,1.0
21377,0,0.8,0.2
21378,1,0.4,0.6
21379,0,0.6,0.4
21380,0,0.8,0.2
21381,0,1.0,0.0
21382,1,0.2,0.8
21383,1,0.2,0.8
21384,0,1.0,0.0
21385,1,0.2,0.8
21386,1,0.0,1.0
21387,1,0.4,0.6
21388,0,1.0,0.0
21389,1,0.0,1.0
21390,1,0.0,1.0
21391,1,0.0,1.0
21392,0,1.0,0.0
21393,0,1.0,0.0
21394,0,0.8,0.2
21395,0,1.0,0.0
21396,1,0.4,0.6
21397,1,0.2,0.8
21398,1,0.2,0.8
21399,0,0.8,0.2
21400,1,0.4,0.6
21401,1,0.2,0.8
21402,1,0.4,0.6
21403,1,0.2,0.8
21404,0,1.0,0.0
21405,1,0.4,0.6
21406,0,1.0,0.0
21407,1,0.0,1.0
21408,0,1.0,0.0
21409,1,0.0,1.0
21410,1,0.0,1.0
21411,1,0.0,1.0
21412,0,0.8,0.2
21413,0,1.0,0.0
21414,0,1.0,0.0
21415,1,0.0,1.0
21416,0,0.6,0.4
21417,0,0.6,0.4
21418,0,0.8,0.2
21419,1,0.4,0.6
21420,1,0.4,0.6
21421,0,1.0,0.0
21422,1,0.0,1.0
21423,0,1.0,0.0
21424,0,1.0,0.0
21425,1,0.0,1.0
21426,1,0.0,1.0
21427,0,0.6,0.4
21428,1,0.0,1.0
21429,0,0.6,0.4
21430,1,0.4,0.6
21431,1,0.4,0.6
21432,0,0.6,0.4
21433,0,0.6,0.4
21434,0,0.6,0.4
21435,0,0.6,0.4
21436,1,0.4,0.6
21437,1,0.0,1.0
21438,0,1.0,0.0
21439,1,0.0,1.0
21440,0,1.0,0.0
21441,1,0.2,0.8
21442,1,0.4,0.6
21443,1,0.4,0.6
21444,0,0.6,0.4
21445,0,0.6,0.4
21446,1,0.0,1.0
21447,0,0.8,0.2
21448,0,1.0,0.0
21449,0,0.6,0.4
21450,0,0.6,0.4
21451,1,0.2,0.8
21452,0,0.6,0.4
21453,1,0.2,0.8
21454,0,0.8,0.2
21455,0,0.6,0.4
21456,0,1.0,0.0
21457,0,0.6,0.4
21458,0,0.8,0.2
21459,0,0.8,0.2
21460,1,0.0,1.0
21461,1,0.4,0.6
21462,1,0.4,0.6
21463,1,0.2,0.8
21464,0,0.8,0.2
21465,0,0.8,0.2
21466,0,1.0,0.0
21467,0,1.0,0.0
21468,1,0.4,0.6
21469,0,1.0,0.0
21470,0,0.6,0.4
21471,1,0.0,1.0
21472,1,0.2,0.8
21473,1,0.0,1.0
21474,0,1.0,0.0
21475,1,0.2,0.8
21476,1,0.0,1.0
21477,1,0.0,1.0
21478,0,0.6,0.4
21479,1,0.4,0.6
21480,0,0.6,0.4
21481,0,0.8,0.2
21482,0,0.6,0.4
21483,1,0.0,1.0
21484,1,0.4,0.6
21485,0,1.0,0.0
21486,0,0.6,0.4
21487,1,0.2,0.8
21488,1,0.0,1.0
21489,1,0.4,0.6
21490,1,0.2,0.8
21491,0,0.6,0.4
21492,0,0.6,0.4
21493,1,0.0,1.0
21494,0,1.0,0.0
21495,1,0.2,0.8
21496,1,0.0,1.0
21497,1,0.2,0.8
21498,1,0.0,1.0
21499,1,0.4,0.6
21500,1,0.0,1.0
21501,0,1.0,0.0
21502,0,0.6,0.4
21503,0,0.6,0.4
21504,1,0.4,0.6
21505,1,0.0,1.0
21506,1,0.2,0.8
21507,0,0.6,0.4
21508,0,0.6,0.4
21509,0,0.6,0.4
21510,0,1.0,0.0
21511,1,0.0,1.0
21512,0,1.0,0.0
21513,1,0.4,0.6
21514,0,0.8,0.2
21515,0,1.0,0.0
21516,1,0.2,0.8
21517,1,0.0,1.0
21518,0,0.8,0.2
21519,0,1.0,0.0
21520,1,0.4,0.6
21521,1,0.4,0.6
21522,0,1.0,0.0
21523,1,0.4,0.6
21524,0,0.6,0.4
21525,0,1.0,0.0
21526,1,0.2,0.8
21527,1,0.4,0.6
21528,0,0.8,0.2
21529,0,0.8,0.2
21530,1,0.2,0.8
21531,0,0.8,0.2
21532,0,1.0,0.0
21533,0,1.0,0.0
21534,0,0.8,0.2
21535,1,0.4,0.6
21536,0,1.0,0.0
21537,1,0.0,1.0
21538,1,0.0,1.0
21539,0,0.8,0.2
21540,0,0.6,0.4
21541,1,0.0,1.0
21542,0,0.6,0.4
21543,0,0.8,0.2
21544,0,0.8,0.2
21545,0,0.6,0.4
21546,0,0.6,0.4
21547,0,0.6,0.4
21548,0,0.8,0.2
21549,0,0.8,0.2
21550,1,0.0,1.0
21551,1,0.0,1.0
21552,0,1.0,0.0
21553,1,0.2,0.8
21554,0,0.6,0.4
21555,1,0.4,0.6
21556,1,0.2,0.8
21557,0,0.8,0.2
21558,1,0.4,0.6
21559,1,0.2,0.8
21560,0,0.6,0.4
21561,0,1.0,0.0
21562,0,0.6,0.4
21563,0,1.0,0.0
21564,1,0.2,0.8
21565,1,0.0,1.0
21566,0,1.0,0.0
21567,0,0.6,0.4
21568,1,0.4,0.6
21569,1,0.4,0.6
21570,1,0.2,0.8
21571,1,0.2,0.8
21572,0,0.6,0.4
21573,1,0.0,1.0
21574,0,0.8,0.2
21575,0,0.8,0.2
21576,0,1.0,0.0
21577,0,0.8,0.2
21578,1,0.0,1.0
21579,1,0.4,0.6
21580,1,0.0,1.0
21581,1,0.0,1.0
21582,1,0.2,0.8
21583,1,0.2,0.8
21584,1,0.2,0.8
21585,1,0.0,1.0
21586,1,0.4,0.6
21587,0,0.6,0.4
21588,1,0.2,0.8
21589,0,1.0,0.0
21590,0,1.0,0.0
21591,1,0.0,1.0
21592,0,0.6,0.4
21593,1,0.2,0.8
21594,1,0.0,1.0
21595,0,1.0,0.0
21596,0,1.0,0.0
21597,1,0.2,0.8
21598,0,1.0,0.0
21599,1,0.2,0.8
21600,1,0.4,0.6
21601,0,0.6,0.4
21602,0,0.6,0.4
21603,1,0.0,1.0
21604,0,0.6,0.4
21605,0,1.0,0.0
21606,0,0.6,0.4
21607,1,0.2,0.8
21608,1,0.2,0.8
21609,1,0.0,1.0
21610,1,0.0,1.0
21611,1,0.4,0.6
21612,1,0.2,0.8
21613,0,0.8,0.2
21614,0,0.6,0.4
21615,1,0.4,0.6
21616,0,0.6,0.4
21617,0,0.8,0.2
21618,1,0.0,1.0
21619,0,1.0,0.0
21620,0,1.0,0.0
21621,1,0.4,0.6
21622,0,0.6,0.4
21623,1,0.2,0.8
21624,1,0.2,0.8
21625,0,1.0,0.0
21626,1,0.0,1.0
21627,1,0.0,1.0
21628,1,0.4,0.6
21629,1,0.0,1.0
21630,0,1.0,0.0
21631,0,0.8,0.2
21632,0,0.8,0.2
21633,1,0.2,0.8
21634,1,0.4,0.6
21635,1,0.0,1.0
21636,1,0.4,0.6
21637,1,0.2,0.8
21638,1,0.0,1.0
21639,1,0.0,1.0
21640,1,0.4,0.6
21641,1,0.0,1.0
21642,0,1.0,0.0
21643,0,1.0,0.0
21644,0,1.0,0.0
21645,1,0.0,1.0
21646,0,0.6,0.4
21647,0,1.0,0.0
21648,0,1.0,0.0
21649,1,0.0,1.0
21650,1,0.0,1.0
21651,1,0.4,0.6
21652,0,0.8,0.2
21653,0,1.0,0.0
21654,1,0.0,1.0
21655,1,0.0,1.0
21656,0,0.8,0.2
21657,1,0.0,1.0
21658,1,0.0,1.0
21659,1,0.0,1.0
21660,0,0.8,0.2
21661,1,0.0,1.0
21662,0,1.0,0.0
21663,1,0.0,1.0
21664,1,0.4,0.6
21665,1,0.0,1.0
21666,1,0.0,1.0
21667,1,0.0,1.0
21668,0,0.8,0.2
21669,1,0.4,0.6
21670,0,0.8,0.2
21671,1,0.2,0.8
21672,0,0.8,0.2
21673,1,0.2,0.8
21674,1,0.0,1.0
21675,1,0.2,0.8
21676,0,1.0,0.0
21677,1,0.0,1.0
21678,1,0.2,0.8
21679,0,0.8,0.2
21680,1,0.4,0.6
21681,1,0.0,1.0
21682,1,0.4,0.6
21683,1,0.0,1.0
21684,0,0.6,0.4
21685,1,0.4,0.6
21686,1,0.0,1.0
21687,1,0.0,1.0
21688,1,0.0,1.0
21689,1,0.4,0.6
21690,1,0.0,1.0
21691,0,0.6,0.4
21692,0,0.6,0.4
21693,0,1.0,0.0
21694,0,0.8,0.2
21695,0,0.6,0.4
21696,0,1.0,0.0
21697,0,1.0,0.0
21698,0,0.6,0.4
21699,1,0.2,0.8
21700,0,1.0,0.0
21701,0,1.0,0.0
21702,0,1.0,0.0
21703,0,1.0,0.0
21704,1,0.2,0.8
21705,1,0.2,0.8
21706,0,1.0,0.0
21707,1,0.0,1.0
21708,0,0.6,0.4
21709,1,0.2,0.8
21710,0,1.0,0.0
21711,1,0.0,1.0
21712,1,0.0,1.0
21713,1,0.2,0.8
21714,1,0.0,1.0
21715,1,0.4,0.6
21716,1,0.2,0.8
21717,0,1.0,0.0
21718,0,0.6,0.4
21719,0,1.0,0.0
21720,0,1.0,0.0
21721,0,0.8,0.2
21722,1,0.2,0.8
21723,0,1.0,0.0
21724,0,0.6,0.4
21725,0,0.8,0.2
21726,1,0.4,0.6
21727,1,0.0,1.0
21728,1,0.2,0.8
21729,1,0.0,1.0
21730,1,0.2,0.8
21731,0,1.0,0.0
21732,1,0.2,0.8
21733,1,0.4,0.6
21734,0,1.0,0.0
21735,1,0.0,1.0
21736,0,1.0,0.0
21737,0,0.6,0.4
21738,1,0.0,1.0
21739,0,0.6,0.4
21740,1,0.0,1.0
21741,1,0.2,0.8
21742,1,0.0,1.0
21743,1,0.4,0.6
21744,1,0.0,1.0
21745,0,0.8,0.2
21746,1,0.0,1.0
21747,1,0.0,1.0
21748,1,0.0,1.0
21749,1,0.0,1.0
21750,0,0.8,0.2
21751,0,1.0,0.0
21752,0,1.0,0.0
21753,1,0.2,0.8
21754,1,0.2,0.8
21755,0,1.0,0.0
21756,1,0.0,1.0
21757,1,0.0,1.0
21758,0,0.6,0.4
21759,0,1.0,0.0
21760,1,0.4,0.6
21761,0,1.0,0.0
21762,1,0.0,1.0
21763,1,0.4,0.6
21764,0,1.0,0.0
21765,1,0.2,0.8
21766,1,0.0,1.0
21767,1,0.4,0.6
21768,0,1.0,0.0
21769,0,0.6,0.4
21770,0,1.0,0.0
21771,0,0.8,0.2
21772,0,1.0,0.0
21773,1,0.2,0.8
21774,1,0.2,0.8
21775,0,0.8,0.2
21776,1,0.4,0.6
21777,0,1.0,0.0
21778,1,0.0,1.0
21779,0,0.8,0.2
21780,0,1.0,0.0
21781,0,1.0,0.0
21782,1,0.0,1.0
21783,0,0.6,0.4
21784,1,0.4,0.6
21785,1,0.0,1.0
21786,1,0.4,0.6
21787,0,0.8,0.2
21788,1,0.0,1.0
21789,1,0.0,1.0
21790,1,0.0,1.0
21791,0,0.8,0.2
21792,1,0.4,0.6
21793,1,0.4,0.6
21794,1,0.2,0.8
21795,0,1.0,0.0
21796,1,0.4,0.6
21797,0,1.0,0.0
21798,1,0.4,0.6
21799,0,1.0,0.0
21800,0,0.8,0.2
21801,1,0.0,1.0
21802,1,0.4,0.6
21803,1,0.4,0.6
21804,0,0.6,0.4
21805,0,1.0,0.0
21806,0,0.6,0.4
21807,1,0.2,0.8
21808,1,0.4,0.6
21809,1,0.0,1.0
21810,1,0.0,1.0
21811,1,0.0,1.0
21812,0,1.0,0.0
21813,1,0.0,1.0
21814,1,0.2,0.8
21815,0,1.0,0.0
21816,1,0.0,1.0
21817,0,0.8,0.2
21818,1,0.4,0.6
21819,1,0.4,0.6
21820,0,1.0,0.0
21821,1,0.0,1.0
21822,1,0.2,0.8
21823,0,1.0,0.0
21824,0,1.0,0.0
21825,1,0.4,0.6
21826,1,0.4,0.6
21827,1,0.2,0.8
21828,1,0.2,0.8
21829,1,0.0,1.0
21830,1,0.0,1.0
21831,1,0.4,0.6
21832,0,0.8,0.2
21833,0,1.0,0.0
21834,1,0.0,1.0
21835,1,0.2,0.8
21836,0,0.8,0.2
21837,1,0.0,1.0
21838,1,0.0,1.0
21839,1,0.0,1.0
21840,1,0.0,1.0
21841,1,0.2,0.8
21842,0,1.0,0.0
21843,0,0.6,0.4
21844,1,0.2,0.8
21845,0,0.6,0.4
21846,0,0.8,0.2
21847,1,0.4,0.6
21848,1,0.0,1.0
21849,1,0.2,0.8
21850,1,0.0,1.0
21851,0,1.0,0.0
21852,1,0.2,0.8
21853,1,0.0,1.0
21854,1,0.0,1.0
21855,1,0.4,0.6
21856,0,1.0,0.0
21857,1,0.2,0.8
21858,0,1.0,0.0
21859,0,1.0,0.0
21860,0,1.0,0.0
21861,1,0.2,0.8
21862,1,0.0,1.0
21863,1,0.0,1.0
21864,0,1.0,0.0
21865,1,0.0,1.0
21866,0,0.6,0.4
21867,0,1.0,0.0
21868,0,0.8,0.2
21869,1,0.4,0.6
21870,1,0.0,1.0
21871,0,1.0,0.0
21872,0,0.6,0.4
21873,1,0.0,1.0
21874,1,0.0,1.0
21875,1,0.0,1.0
21876,0,0.8,0.2
21877,0,0.8,0.2
21878,1,0.0,1.0
21879,0,0.6,0.4
21880,0,0.6,0.4
21881,1,0.0,1.0
21882,1,0.2,0.8
21883,0,0.6,0.4
21884,0,0.8,0.2
21885,1,0.2,0.8
21886,0,0.8,0.2
21887,0,0.6,0.4
21888,0,0.6,0.4
21889,0,1.0,0.0
21890,1,0.0,1.0
21891,0,0.8,0.2
21892,1,0.0,1.0
21893,0,0.8,0.2
21894,0,1.0,0.0
21895,0,1.0,0.0
21896,1,0.4,0.6
21897,0,0.8,0.2
21898,1,0.4,0.6
21899,0,0.8,0.2
21900,0,1.0,0.0
21901,1,0.2,0.8
21902,1,0.4,0.6
21903,1,0.0,1.0
21904,0,0.6,0.4
21905,1,0.4,0.6
21906,0,0.6,0.4
21907,0,0.6,0.4
21908,0,0.6,0.4
21909,0,1.0,0.0
21910,0,0.6,0.4
21911,0,0.6,0.4
21912,0,1.0,0.0
21913,0,1.0,0.0
21914,1,0.4,0.6
21915,1,0.0,1.0
21916,1,0.4,0.6
21917,1,0.2,0.8
21918,0,1.0,0.0
21919,0,1.0,0.0
21920,0,0.6,0.4
21921,0,1.0,0.0
21922,0,1.0,0.0
21923,0,0.6,0.4
21924,0,1.0,0.0
21925,0,0.6,0.4
21926,0,0.8,0.2
21927,1,0.2,0.8
21928,1,0.0,1.0
21929,1,0.0,1.0
21930,0,0.6,0.4
21931,0,0.6,0.4
21932,1,0.0,1.0
21933,0,1.0,0.0
21934,1,0.0,1.0
21935,0,0.8,0.2
21936,1,0.4,0.6
21937,1,0.0,1.0
21938,1,0.4,0.6
21939,1,0.4,0.6
21940,1,0.4,0.6
21941,0,1.0,0.0
21942,0,0.8,0.2
21943,1,0.0,1.0
21944,1,0.0,1.0
21945,1,0.2,0.8
21946,1,0.4,0.6
21947,0,0.6,0.4
21948,0,1.0,0.0
21949,0,0.6,0.4
21950,1,0.2,0.8
21951,1,0.0,1.0
21952,1,0.0,1.0
21953,1,0.2,0.8
21954,0,0.8,0.2
21955,1,0.0,1.0
21956,1,0.2,0.8
21957,0,0.6,0.4
21958,0,0.6,0.4
21959,1,0.4,0.6
21960,1,0.2,0.8
21961,0,1.0,0.0
21962,0,1.0,0.0
21963,1,0.4,0.6
21964,1,0.0,1.0
21965,1,0.2,0.8
21966,1,0.2,0.8
21967,0,1.0,0.0
21968,1,0.0,1.0
21969,1,0.0,1.0
21970,0,1.0,0.0
21971,1,0.0,1.0
21972,0,1.0,0.0
21973,0,1.0,0.0
21974,1,0.0,1.0
21975,1,0.0,1.0
21976,0,1.0,0.0
21977,0,0.8,0.2
21978,1,0.2,0.8
21979,0,1.0,0.0
21980,0,1.0,0.0
21981,1,0.4,0.6
21982,0,0.8,0.2
21983,0,0.6,0.4
21984,1,0.2,0.8
21985,1,0.2,0.8
21986,0,0.8,0.2
21987,1,0.4,0.6
21988,1,0.2,0.8
21989,0,0.6,0.4
21990,1,0.4,0.6
21991,0,1.0,0.0
21992,1,0.2,0.8
21993,1,0.0,1.0
21994,1,0.4,0.6
21995,1,0.4,0.6
21996,0,1.0,0.0
21997,1,0.4,0.6
21998,0,1.0,0.0
21999,0,1.0,0.0
22000,0,0.6,0.4
22001,1,0.0,1.0
22002,1,0.4,0.6
22003,1,0.4,0.6
22004,1,0.0,1.0
22005,1,0.0,1.0
22006,1,0.0,1.0
22007,0,0.6,0.4
22008,0,0.8,0.2
22009,1,0.4,0.6
22010,1,0.4,0.6
22011,0,0.6,0.4
22012,1,0.2,0.8
22013,0,1.0,0.0
22014,0,0.6,0.4
22015,0,1.0,0.0
22016,0,0.8,0.2
22017,0,1.0,0.0
22018,0,1.0,0.0
22019,1,0.0,1.0
22020,1,0.4,0.6
22021,1,0.2,0.8
22022,1,0.4,0.6
22023,1,0.0,1.0
22024,1,0.4,0.6
22025,1,0.0,1.0
22026,1,0.0,1.0
22027,1,0.0,1.0
22028,0,1.0,0.0
22029,0,0.6,0.4
22030,1,0.2,0.8
22031,1,0.2,0.8
22032,0,0.8,0.2
22033,1,0.0,1.0
22034,0,0.8,0.2
22035,0,0.8,0.2
22036,0,1.0,0.0
22037,0,0.8,0.2
22038,1,0.4,0.6
22039,0,1.0,0.0
22040,0,1.0,0.0
22041,1,0.4,0.6
22042,1,0.0,1.0
22043,1,0.2,0.8
22044,0,1.0,0.0
22045,1,0.4,0.6
22046,1,0.0,1.0
22047,0,0.8,0.2
22048,0,0.8,0.2
22049,1,0.0,1.0
22050,1,0.0,1.0
22051,0,0.8,0.2
22052,0,1.0,0.0
22053,1,0.0,1.0
22054,1,0.4,0.6
22055,1,0.4,0.6
22056,1,0.4,0.6
22057,0,0.8,0.2
22058,0,0.6,0.4
22059,1,0.0,1.0
22060,0,0.8,0.2
22061,0,0.6,0.4
22062,1,0.2,0.8
22063,0,1.0,0.0
22064,0,0.8,0.2
22065,1,0.0,1.0
22066,1,0.4,0.6
22067,0,0.8,0.2
22068,0,0.8,0.2
22069,1,0.0,1.0
22070,1,0.0,1.0
22071,1,0.0,1.0
22072,0,0.6,0.4
22073,0,0.6,0.4
22074,1,0.2,0.8
22075,1,0.2,0.8
22076,0,1.0,0.0
22077,1,0.2,0.8
22078,0,1.0,0.0
22079,0,1.0,0.0
22080,1,0.0,1.0
22081,1,0.0,1.0
22082,0,1.0,0.0
22083,0,1.0,0.0
22084,0,1.0,0.0
22085,0,0.6,0.4
22086,0,0.6,0.4
22087,1,0.0,1.0
22088,0,0.8,0.2
22089,1,0.4,0.6
22090,1,0.0,1.0
22091,0,1.0,0.0
22092,1,0.0,1.0
22093,1,0.0,1.0
22094,1,0.2,0.8
22095,0,0.8,0.2
22096,1,0.4,0.6
22097,0,1.0,0.0
22098,0,1.0,0.0
22099,0,0.8,0.2
22100,0,0.8,0.2
22101,0,0.8,0.2
22102,1,0.0,1.0
22103,0,0.6,0.4
22104,1,0.0,1.0
22105,1,0.2,0.8
22106,0,1.0,0.0
22107,0,0.6,0.4
22108,1,0.2,0.8
22109,0,1.0,0.0
22110,1,0.4,0.6
22111,1,0.2,0.8
22112,1,0.0,1.0
22113,1,0.0,1.0
22114,0,0.8,0.2
22115,1,0.0,1.0
22116,0,1.0,0.0
22117,0,1.0,0.0
22118,0,0.6,0.4
22119,0,1.0,0.0
22120,1,0.2,0.8
22121,1,0.2,0.8
22122,1,0.0,1.0
22123,0,1.0,0.0
22124,0,0.8,0.2
22125,1,0.4,0.6
22126,1,0.4,0.6
22127,1,0.0,1.0
22128,1,0.4,0.6
22129,0,1.0,0.0
22130,1,0.4,0.6
22131,1,0.0,1.0
22132,0,0.8,0.2
22133,1,0.0,1.0
22134,0,1.0,0.0
22135,0,0.8,0.2
22136,0,0.8,0.2
22137,1,0.4,0.6
22138,1,0.2,0.8
22139,0,0.6,0.4
22140,0,1.0,0.0
22141,0,0.8,0.2
22142,1,0.2,0.8
22143,0,0.8,0.2
22144,1,0.0,1.0
22145,0,1.0,0.0
22146,1,0.4,0.6
22147,1,0.2,0.8
22148,0,0.6,0.4
22149,1,0.2,0.8
22150,0,0.8,0.2
22151,0,0.6,0.4
22152,1,0.4,0.6
22153,0,1.0,0.0
22154,1,0.2,0.8
22155,0,0.8,0.2
22156,0,0.8,0.2
22157,0,0.6,0.4
22158,1,0.0,1.0
22159,0,0.6,0.4
22160,1,0.2,0.8
22161,1,0.0,1.0
22162,0,0.8,0.2
22163,1,0.4,0.6
22164,0,1.0,0.0
22165,1,0.2,0.8
22166,1,0.2,0.8
22167,0,0.8,0.2
22168,1,0.4,0.6
22169,1,0.0,1.0
22170,0,1.0,0.0
22171,1,0.4,0.6
22172,0,0.6,0.4
22173,0,0.8,0.2
22174,1,0.2,0.8
22175,0,1.0,0.0
22176,0,1.0,0.0
22177,1,0.2,0.8
22178,1,0.4,0.6
22179,0,1.0,0.0
22180,0,0.6,0.4
22181,1,0.0,1.0
22182,0,0.8,0.2
22183,0,1.0,0.0
22184,1,0.0,1.0
22185,1,0.0,1.0
22186,1,0.4,0.6
22187,0,1.0,0.0
22188,0,0.8,0.2
22189,0,0.8,0.2
22190,1,0.2,0.8
22191,0,0.8,0.2
22192,1,0.4,0.6
22193,1,0.2,0.8
22194,0,0.8,0.2
22195,1,0.0,1.0
22196,0,0.6,0.4
22197,1,0.0,1.0
22198,1,0.0,1.0
22199,0,1.0,0.0
22200,0,1.0,0.0
22201,0,0.6,0.4
22202,0,0.6,0.4
22203,1,0.2,0.8
22204,1,0.2,0.8
22205,0,1.0,0.0
22206,1,0.4,0.6
22207,0,1.0,0.0
22208,1,0.4,0.6
22209,1,0.2,0.8
22210,0,0.6,0.4
22211,1,0.4,0.6
22212,1,0.4,0.6
22213,1,0.2,0.8
22214,0,0.6,0.4
22215,0,1.0,0.0
22216,0,1.0,0.0
22217,1,0.2,0.8
22218,0,0.8,0.2
22219,1,0.0,1.0
22220,0,0.8,0.2
22221,0,0.6,0.4
22222,0,0.8,0.2
22223,1,0.4,0.6
22224,0,0.8,0.2
22225,1,0.0,1.0
22226,0,1.0,0.0
22227,0,1.0,0.0
22228,1,0.2,0.8
22229,1,0.4,0.6
22230,1,0.0,1.0
22231,1,0.2,0.8
22232,0,1.0,0.0
22233,0,0.8,0.2
22234,1,0.2,0.8
22235,0,0.6,0.4
22236,0,0.6,0.4
22237,0,0.8,0.2
22238,1,0.0,1.0
22239,1,0.0,1.0
22240,1,0.4,0.6
22241,0,1.0,0.0
22242,0,0.8,0.2
22243,0,1.0,0.0
22244,1,0.0,1.0
22245,1,0.4,0.6
22246,1,0.4,0.6
22247,0,1.0,0.0
22248,1,0.4,0.6
22249,0,1.0,0.0
22250,1,0.4,0.6
22251,0,1.0,0.0
22252,0,0.6,0.4
22253,1,0.2,0.8
22254,0,1.0,0.0
22255,0,0.6,0.4
22256,1,0.0,1.0
22257,1,0.0,1.0
22258,1,0.0,1.0
22259,1,0.0,1.0
22260,1,0.0,1.0
22261,0,0.6,0.4
22262,0,0.6,0.4
22263,1,0.4,0.6
22264,1,0.2,0.8
22265,0,0.6,0.4
22266,1,0.2,0.8
22267,0,0.6,0.4
22268,1,0.4,0.6
22269,0,1.0,0.0
22270,0,0.6,0.4
22271,0,0.6,0.4
22272,0,0.6,0.4
22273,1,0.2,0.8
22274,0,1.0,0.0
22275,1,0.0,1.0
22276,1,0.0,1.0
22277,0,0.6,0.4
22278,1,0.2,0.8
22279,1,0.2,0.8
22280,0,1.0,0.0
22281,0,0.8,0.2
22282,1,0.2,0.8
22283,1,0.2,0.8
22284,0,1.0,0.0
22285,0,0.6,0.4
22286,1,0.4,0.6
22287,0,0.8,0.2
22288,0,0.6,0.4
22289,1,0.0,1.0
22290,0,1.0,0.0
22291,0,1.0,0.0
22292,1,0.4,0.6
22293,1,0.4,0.6
22294,0,0.8,0.2
22295,1,0.0,1.0
22296,1,0.2,0.8
22297,0,0.8,0.2
22298,1,0.2,0.8
22299,0,0.6,0.4
22300,1,0.0,1.0
22301,1,0.2,0.8
22302,0,0.8,0.2
22303,0,0.6,0.4
22304,0,0.8,0.2
22305,1,0.0,1.0
22306,1,0.2,0.8
22307,1,0.2,0.8
22308,0,0.6,0.4
22309,0,0.6,0.4
22310,0,0.6,0.4
22311,1,0.4,0.6
22312,0,0.6,0.4
22313,1,0.0,1.0
22314,1,0.0,1.0
22315,1,0.0,1.0
22316,1,0.0,1.0
22317,0,0.8,0.2
22318,0,1.0,0.0
22319,1,0.4,0.6
22320,0,0.8,0.2
22321,1,0.0,1.0
22322,1,0.2,0.8
22323,1,0.0,1.0
22324,0,1.0,0.0
22325,1,0.4,0.6
22326,1,0.2,0.8
22327,0,1.0,0.0
22328,0,0.8,0.2
22329,1,0.4,0.6
22330,1,0.0,1.0
22331,1,0.4,0.6
22332,0,0.8,0.2
22333,1,0.2,0.8
22334,0,0.6,0.4
22335,0,0.8,0.2
22336,1,0.4,0.6
22337,0,0.8,0.2
22338,1,0.2,0.8
22339,1,0.4,0.6
22340,0,1.0,0.0
22341,0,1.0,0.0
22342,1,0.0,1.0
22343,0,0.8,0.2
22344,1,0.2,0.8
22345,0,0.6,0.4
22346,1,0.4,0.6
22347,1,0.2,0.8
22348,1,0.4,0.6
22349,0,0.6,0.4
22350,1,0.2,0.8
22351,0,1.0,0.0
22352,1,0.0,1.0
22353,1,0.0,1.0
22354,1,0.4,0.6
22355,0,1.0,0.0
22356,1,0.0,1.0
22357,1,0.0,1.0
22358,1,0.2,0.8
22359,0,0.6,0.4
22360,0,0.6,0.4
22361,0,0.6,0.4
22362,0,0.6,0.4
22363,0,1.0,0.0
22364,1,0.0,1.0
22365,1,0.0,1.0
22366,0,0.6,0.4
22367,0,0.6,0.4
22368,0,0.8,0.2
22369,0,0.8,0.2
22370,1,0.2,0.8
22371,1,0.2,0.8
22372,1,0.4,0.6
22373,1,0.4,0.6
22374,0,1.0,0.0
22375,0,0.6,0.4
22376,0,0.8,0.2
22377,0,0.8,0.2
22378,1,0.2,0.8
22379,0,1.0,0.0
22380,0,1.0,0.0
22381,0,0.6,0.4
22382,1,0.2,0.8
22383,1,0.0,1.0
22384,1,0.2,0.8
22385,1,0.0,1.0
22386,1,0.4,0.6
22387,1,0.2,0.8
22388,0,1.0,0.0
22389,0,0.8,0.2
22390,1,0.4,0.6
22391,1,0.2,0.8
22392,0,1.0,0.0
22393,1,0.4,0.6
22394,0,1.0,0.0
22395,1,0.2,0.8
22396,0,0.6,0.4
22397,1,0.4,0.6
22398,0,1.0,0.0
22399,1,0.0,1.0
22400,0,0.6,0.4
22401,1,0.4,0.6
22402,0,1.0,0.0
22403,1,0.2,0.8
22404,0,1.0,0.0
22405,1,0.0,1.0
22406,1,0.0,1.0
22407,1,0.0,1.0
22408,0,0.8,0.2
22409,1,0.4,0.6
22410,0,1.0,0.0
22411,0,0.6,0.4
22412,0,0.6,0.4
22413,0,1.0,0.0
22414,1,0.2,0.8
22415,1,0.2,0.8
22416,0,0.8,0.2
22417,1,0.4,0.6
22418,1,0.2,0.8
22419,0,0.6,0.4
22420,0,1.0,0.0
22421,0,1.0,0.0
22422,0,1.0,0.0
22423,0,1.0,0.0
22424,0,0.6,0.4
22425,1,0.0,1.0
22426,0,1.0,0.0
22427,1,0.2,0.8
22428,1,0.2,0.8
22429,0,0.6,0.4
22430,0,1.0,0.0
22431,1,0.4,0.6
22432,1,0.0,1.0
22433,1,0.4,0.6
22434,1,0.4,0.6
22435,1,0.2,0.8
22436,0,0.6,0.4
22437,0,0.6,0.4
22438,0,0.6,0.4
22439,1,0.4,0.6
22440,1,0.2,0.8
22441,1,0.2,0.8
22442,1,0.0,1.0
22443,0,1.0,0.0
22444,1,0.2,0.8
22445,0,1.0,0.0
22446,0,0.8,0.2
22447,0,0.8,0.2
22448,0,0.6,0.4
22449,1,0.2,0.8
22450,1,0.4,0.6
22451,1,0.0,1.0
22452,0,1.0,0.0
22453,1,0.0,1.0
22454,1,0.0,1.0
22455,1,0.0,1.0
22456,1,0.2,0.8
22457,0,0.6,0.4
22458,1,0.2,0.8
22459,0,0.8,0.2
22460,0,1.0,0.0
22461,1,0.0,1.0
22462,0,1.0,0.0
22463,0,0.8,0.2
22464,1,0.4,0.6
22465,1,0.4,0.6
22466,0,0.6,0.4
22467,1,0.4,0.6
22468,0,1.0,0.0
22469,0,1.0,0.0
22470,0,0.8,0.2
22471,1,0.2,0.8
22472,1,0.2,0.8
22473,1,0.0,1.0
22474,0,1.0,0.0
22475,1,0.0,1.0
22476,0,0.6,0.4
22477,1,0.4,0.6
22478,1,0.0,1.0
22479,0,1.0,0.0
22480,1,0.0,1.0
22481,1,0.0,1.0
22482,1,0.0,1.0
22483,0,0.6,0.4
22484,0,1.0,0.0
22485,0,1.0,0.0
22486,1,0.2,0.8
22487,0,0.6,0.4
22488,0,1.0,0.0
22489,0,0.6,0.4
22490,0,1.0,0.0
22491,0,0.6,0.4
22492,0,0.8,0.2
22493,0,1.0,0.0
22494,0,0.6,0.4
22495,0,1.0,0.0
22496,0,0.8,0.2
22497,0,1.0,0.0
22498,0,0.8,0.2
22499,0,0.6,0.4
22500,1,0.4,0.6
22501,0,0.8,0.2
22502,1,0.0,1.0
22503,1,0.4,0.6
22504,0,1.0,0.0
22505,0,1.0,0.0
22506,1,0.0,1.0
22507,1,0.0,1.0
22508,1,0.2,0.8
22509,1,0.4,0.6
22510,1,0.2,0.8
22511,0,1.0,0.0
22512,0,0.6,0.4
22513,0,0.8,0.2
22514,0,0.6,0.4
22515,1,0.2,0.8
22516,0,0.6,0.4
22517,1,0.4,0.6
22518,1,0.2,0.8
22519,1,0.0,1.0
22520,1,0.4,0.6
22521,1,0.4,0.6
22522,1,0.0,1.0
22523,0,0.8,0.2
22524,1,0.0,1.0
22525,0,1.0,0.0
22526,1,0.0,1.0
22527,1,0.0,1.0
22528,0,1.0,0.0
22529,1,0.2,0.8
22530,1,0.0,1.0
22531,1,0.2,0.8
22532,1,0.4,0.6
22533,1,0.4,0.6
22534,1,0.4,0.6
22535,0,1.0,0.0
22536,0,1.0,0.0
22537,0,0.8,0.2
22538,1,0.2,0.8
22539,1,0.2,0.8
22540,0,1.0,0.0
22541,0,0.6,0.4
22542,1,0.2,0.8
22543,1,0.2,0.8
22544,1,0.2,0.8
22545,0,0.8,0.2
22546,0,1.0,0.0
22547,1,0.4,0.6
22548,1,0.4,0.6
22549,0,0.6,0.4
22550,0,1.0,0.0
22551,0,1.0,0.0
22552,0,1.0,0.0
22553,1,0.2,0.8
22554,1,0.0,1.0
22555,0,1.0,0.0
22556,1,0.0,1.0
22557,1,0.0,1.0
22558,0,0.6,0.4
22559,1,0.4,0.6
22560,0,0.6,0.4
22561,0,1.0,0.0
22562,0,0.6,0.4
22563,1,0.4,0.6
22564,1,0.4,0.6
22565,0,0.8,0.2
22566,0,1.0,0.0
22567,1,0.4,0.6
22568,1,0.2,0.8
22569,0,0.8,0.2
22570,0,0.8,0.2
22571,1,0.0,1.0
22572,1,0.2,0.8
22573,1,0.2,0.8
22574,1,0.0,1.0
22575,0,0.8,0.2
22576,1,0.4,0.6
22577,0,0.8,0.2
22578,1,0.4,0.6
22579,1,0.0,1.0
22580,0,1.0,0.0
22581,0,1.0,0.0
22582,1,0.2,0.8
22583,1,0.4,0.6
22584,0,1.0,0.0
22585,1,0.0,1.0
22586,0,1.0,0.0
22587,1,0.0,1.0
22588,0,1.0,0.0
22589,1,0.0,1.0
22590,0,1.0,0.0
22591,0,0.6,0.4
22592,0,1.0,0.0
22593,0,1.0,0.0
22594,0,0.8,0.2
22595,0,1.0,0.0
22596,0,1.0,0.0
22597,1,0.4,0.6
22598,1,0.4,0.6
22599,1,0.4,0.6
22600,1,0.0,1.0
22601,1,0.2,0.8
22602,0,1.0,0.0
22603,1,0.0,1.0
22604,1,0.4,0.6
22605,0,0.8,0.2
22606,1,0.4,0.6
22607,0,1.0,0.0
22608,0,0.6,0.4
22609,0,1.0,0.0
22610,1,0.2,0.8
22611,1,0.0,1.0
22612,0,1.0,0.0
22613,1,0.0,1.0
22614,1,0.0,1.0
22615,1,0.0,1.0
22616,0,0.8,0.2
22617,0,0.8,0.2
22618,1,0.0,1.0
22619,0,0.8,0.2
22620,0,1.0,0.0
22621,0,0.6,0.4
22622,1,0.4,0.6
22623,0,0.8,0.2
22624,0,0.8,0.2
22625,1,0.0,1.0
22626,0,0.6,0.4
22627,0,1.0,0.0
22628,1,0.0,1.0
22629,1,0.4,0.6
22630,1,0.2,0.8
22631,1,0.4,0.6
22632,0,0.6,0.4
22633,0,1.0,0.0
22634,0,0.6,0.4
22635,0,0.6,0.4
22636,1,0.0,1.0
22637,0,0.6,0.4
22638,0,1.0,0.0
22639,1,0.2,0.8
22640,1,0.0,1.0
22641,0,1.0,0.0
22642,0,1.0,0.0
22643,0,0.6,0.4
22644,1,0.4,0.6
22645,1,0.4,0.6
22646,0,0.8,0.2
22647,1,0.0,1.0
22648,1,0.0,1.0
22649,1,0.2,0.8
22650,1,0.2,0.8
22651,1,0.0,1.0
22652,0,0.6,0.4
22653,1,0.0,1.0
22654,1,0.0,1.0
22655,1,0.0,1.0
22656,0,1.0,0.0
22657,1,0.0,1.0
22658,0,0.6,0.4
22659,0,1.0,0.0
22660,0,0.6,0.4
22661,1,0.0,1.0
22662,1,0.0,1.0
22663,1,0.0,1.0
22664,1,0.4,0.6
22665,1,0.4,0.6
22666,1,0.0,1.0
22667,1,0.2,0.8
22668,0,0.8,0.2
22669,1,0.4,0.6
22670,1,0.0,1.0
22671,0,0.8,0.2
22672,0,0.8,0.2
22673,1,0.4,0.6
22674,1,0.0,1.0
22675,1,0.4,0.6
22676,1,0.2,0.8
22677,0,0.6,0.4
22678,0,0.6,0.4
22679,1,0.2,0.8
22680,1,0.4,0.6
22681,1,0.0,1.0
22682,1,0.0,1.0
22683,0,0.8,0.2
22684,1,0.2,0.8
22685,0,0.6,0.4
22686,0,0.6,0.4
22687,0,0.8,0.2
22688,1,0.2,0.8
22689,0,0.8,0.2
22690,1,0.2,0.8
22691,0,0.6,0.4
22692,1,0.0,1.0
22693,0,0.6,0.4
22694,1,0.0,1.0
22695,0,1.0,0.0
22696,0,0.6,0.4
22697,1,0.0,1.0
22698,1,0.2,0.8
22699,0,0.6,0.4
22700,0,0.8,0.2
22701,1,0.4,0.6
22702,0,0.8,0.2
22703,1,0.2,0.8
22704,1,0.4,0.6
22705,1,0.4,0.6
22706,1,0.4,0.6
22707,0,0.6,0.4
22708,1,0.0,1.0
22709,1,0.0,1.0
22710,1,0.4,0.6
22711,0,0.6,0.4
22712,0,0.8,0.2
22713,1,0.4,0.6
22714,0,0.6,0.4
22715,0,1.0,0.0
22716,1,0.2,0.8
22717,0,1.0,0.0
22718,0,0.6,0.4
22719,0,0.6,0.4
22720,0,0.8,0.2
22721,0,1.0,0.0
22722,0,0.6,0.4
22723,1,0.2,0.8
22724,0,1.0,0.0
22725,0,0.8,0.2
22726,0,1.0,0.0
22727,1,0.2,0.8
22728,0,0.6,0.4
22729,1,0.0,1.0
22730,1,0.0,1.0
22731,1,0.0,1.0
22732,1,0.0,1.0
22733,1,0.4,0.6
22734,1,0.2,0.8
22735,0,1.0,0.0
22736,1,0.2,0.8
22737,1,0.0,1.0
22738,0,0.8,0.2
22739,1,0.4,0.6
22740,0,1.0,0.0
22741,1,0.0,1.0
22742,0,1.0,0.0
22743,0,0.8,0.2
22744,0,1.0,0.0
22745,0,0.6,0.4
22746,0,0.6,0.4
22747,0,0.6,0.4
22748,1,0.4,0.6
22749,0,0.6,0.4
22750,0,0.6,0.4
22751,0,1.0,0.0
22752,0,0.8,0.2
22753,1,0.0,1.0
22754,1,0.4,0.6
22755,1,0.2,0.8
22756,0,0.8,0.2
22757,0,1.0,0.0
22758,0,0.6,0.4
22759,1,0.0,1.0
22760,1,0.4,0.6
22761,1,0.0,1.0
22762,1,0.4,0.6
22763,0,1.0,0.0
22764,0,0.8,0.2
22765,0,0.8,0.2
22766,0,1.0,0.0
22767,0,0.6,0.4
22768,0,0.8,0.2
22769,1,0.2,0.8
22770,1,0.0,1.0
22771,1,0.2,0.8
22772,1,0.0,1.0
22773,0,1.0,0.0
22774,1,0.2,0.8
22775,0,1.0,0.0
22776,0,0.8,0.2
22777,1,0.2,0.8
22778,0,1.0,0.0
22779,1,0.2,0.8
22780,0,0.6,0.4
22781,0,1.0,0.0
22782,1,0.2,0.8
22783,1,0.2,0.8
22784,1,0.0,1.0
22785,0,0.8,0.2
22786,0,0.6,0.4
22787,1,0.4,0.6
22788,0,0.6,0.4
22789,1,0.0,1.0
22790,1,0.4,0.6
22791,0,0.6,0.4
22792,1,0.0,1.0
22793,1,0.4,0.6
22794,0,1.0,0.0
22795,1,0.4,0.6
22796,1,0.0,1.0
22797,0,1.0,0.0
22798,0,0.8,0.2
22799,1,0.0,1.0
22800,0,0.6,0.4
22801,1,0.0,1.0
22802,1,0.4,0.6
22803,1,0.0,1.0
22804,0,0.6,0.4
22805,1,0.0,1.0
22806,0,0.6,0.4
22807,0,0.6,0.4
22808,1,0.2,0.8
22809,1,0.0,1.0
22810,0,1.0,0.0
22811,0,0.8,0.2
22812,0,1.0,0.0
22813,1,0.2,0.8
22814,0,1.0,0.0
22815,0,0.6,0.4
22816,0,1.0,0.0
22817,0,0.8,0.2
22818,1,0.0,1.0
22819,1,0.2,0.8
22820,0,1.0,0.0
22821,1,0.4,0.6
22822,1,0.0,1.0
22823,0,1.0,0.0
22824,1,0.0,1.0
22825,0,0.8,0.2
22826,0,1.0,0.0
22827,1,0.2,0.8
22828,0,0.8,0.2
22829,1,0.2,0.8
22830,0,1.0,0.0
22831,1,0.2,0.8
22832,0,0.8,0.2
22833,0,0.6,0.4
22834,1,0.0,1.0
22835,1,0.0,1.0
22836,1,0.2,0.8
22837,1,0.2,0.8
22838,1,0.0,1.0
22839,1,0.2,0.8
22840,1,0.2,0.8
22841,0,0.8,0.2
22842,1,0.0,1.0
22843,1,0.0,1.0
22844,1,0.0,1.0
22845,0,1.0,0.0
22846,1,0.0,1.0
22847,0,0.6,0.4
22848,1,0.4,0.6
22849,1,0.2,0.8
22850,1,0.4,0.6
22851,0,1.0,0.0
22852,1,0.2,0.8
22853,0,0.6,0.4
22854,1,0.0,1.0
22855,1,0.0,1.0
22856,0,0.8,0.2
22857,0,0.8,0.2
22858,0,0.8,0.2
22859,1,0.4,0.6
22860,0,1.0,0.0
22861,1,0.2,0.8
22862,0,0.6,0.4
22863,1,0.4,0.6
22864,1,0.4,0.6
22865,0,1.0,0.0
22866,1,0.2,0.8
22867,0,0.6,0.4
22868,1,0.0,1.0
22869,0,1.0,0.0
22870,0,0.8,0.2
22871,1,0.2,0.8
22872,0,1.0,0.0
22873,0,1.0,0.0
22874,0,0.6,0.4
22875,1,0.4,0.6
22876,1,0.0,1.0
22877,1,0.0,1.0
22878,0,1.0,0.0
22879,0,0.8,0.2
22880,1,0.0,1.0
22881,0,1.0,0.0
22882,0,0.8,0.2
22883,0,1.0,0.0
22884,1,0.4,0.6
22885,1,0.2,0.8
22886,0,1.0,0.0
22887,1,0.2,0.8
22888,0,1.0,0.0
22889,0,1.0,0.0
22890,1,0.4,0.6
22891,0,0.6,0.4
22892,0,0.6,0.4
22893,1,0.4,0.6
22894,1,0.2,0.8
22895,1,0.0,1.0
22896,0,1.0,0.0
22897,1,0.0,1.0
22898,0,0.8,0.2
22899,0,0.6,0.4
22900,1,0.0,1.0
22901,0,0.6,0.4
22902,1,0.2,0.8
22903,1,0.2,0.8
22904,0,1.0,0.0
22905,1,0.0,1.0
22906,0,0.6,0.4
22907,1,0.4,0.6
22908,0,0.8,0.2
22909,1,0.2,0.8
22910,1,0.0,1.0
22911,0,0.6,0.4
22912,1,0.0,1.0
22913,0,0.6,0.4
22914,1,0.4,0.6
22915,0,0.6,0.4
22916,0,1.0,0.0
22917,1,0.0,1.0
22918,0,1.0,0.0
22919,1,0.0,1.0
22920,1,0.4,0.6
22921,0,0.6,0.4
22922,0,0.8,0.2
22923,1,0.2,0.8
22924,1,0.4,0.6
22925,1,0.0,1.0
22926,0,0.8,0.2
22927,1,0.2,0.8
22928,1,0.2,0.8
22929,0,0.8,0.2
22930,1,0.0,1.0
22931,0,0.8,0.2
22932,1,0.2,0.8
22933,1,0.4,0.6
22934,1,0.4,0.6
22935,1,0.0,1.0
22936,1,0.2,0.8
22937,1,0.0,1.0
22938,1,0.4,0.6
22939,0,1.0,0.0
22940,0,1.0,0.0
22941,0,0.6,0.4
22942,1,0.0,1.0
22943,1,0.0,1.0
22944,0,1.0,0.0
22945,1,0.0,1.0
22946,1,0.4,0.6
22947,0,0.6,0.4
22948,1,0.2,0.8
22949,1,0.0,1.0
22950,1,0.0,1.0
22951,1,0.4,0.6
22952,0,0.6,0.4
22953,0,1.0,0.0
22954,1,0.4,0.6
22955,0,0.8,0.2
22956,1,0.0,1.0
22957,0,0.6,0.4
22958,0,0.6,0.4
22959,1,0.0,1.0
22960,1,0.2,0.8
22961,0,1.0,0.0
22962,0,1.0,0.0
22963,1,0.2,0.8
22964,1,0.4,0.6
22965,1,0.2,0.8
22966,1,0.2,0.8
22967,0,1.0,0.0
22968,0,0.8,0.2
22969,0,1.0,0.0
22970,1,0.0,1.0
22971,0,0.6,0.4
22972,1,0.4,0.6
22973,1,0.0,1.0
22974,1,0.2,0.8
22975,0,0.8,0.2
22976,0,1.0,0.0
22977,0,1.0,0.0
22978,0,0.6,0.4
22979,0,0.8,0.2
22980,0,0.6,0.4
22981,0,0.8,0.2
22982,0,0.8,0.2
22983,1,0.0,1.0
22984,0,0.8,0.2
22985,1,0.4,0.6
22986,1,0.0,1.0
22987,1,0.0,1.0
22988,1,0.2,0.8
22989,1,0.2,0.8
22990,1,0.4,0.6
22991,1,0.0,1.0
22992,0,1.0,0.0
22993,0,0.6,0.4
22994,0,0.8,0.2
22995,1,0.0,1.0
22996,1,0.0,1.0
22997,1,0.0,1.0
22998,1,0.2,0.8
22999,1,0.0,1.0
23000,1,0.4,0.6
23001,0,0.8,0.2
23002,0,0.6,0.4
23003,1,0.0,1.0
23004,0,1.0,0.0
23005,1,0.0,1.0
23006,1,0.4,0.6
23007,1,0.0,1.0
23008,0,1.0,0.0
23009,0,0.6,0.4
23010,0,1.0,0.0
23011,1,0.0,1.0
23012,0,0.8,0.2
23013,1,0.2,0.8
23014,1,0.2,0.8
23015,1,0.2,0.8
23016,1,0.0,1.0
23017,0,1.0,0.0
23018,0,1.0,0.0
23019,0,1.0,0.0
23020,0,1.0,0.0
23021,1,0.2,0.8
23022,1,0.2,0.8
23023,0,1.0,0.0
23024,1,0.0,1.0
23025,0,1.0,0.0
23026,1,0.0,1.0
23027,0,0.6,0.4
23028,0,0.8,0.2
23029,0,0.6,0.4
23030,0,1.0,0.0
23031,0,1.0,0.0
23032,1,0.2,0.8
23033,0,0.6,0.4
23034,0,0.6,0.4
23035,1,0.0,1.0
23036,1,0.0,1.0
23037,1,0.2,0.8
23038,0,0.8,0.2
23039,0,1.0,0.0
23040,1,0.4,0.6
23041,1,0.4,0.6
23042,1,0.0,1.0
23043,1,0.0,1.0
23044,1,0.4,0.6
23045,0,1.0,0.0
23046,1,0.4,0.6
23047,0,1.0,0.0
23048,1,0.2,0.8
23049,0,0.8,0.2
23050,1,0.0,1.0
23051,1,0.4,0.6
23052,0,0.6,0.4
23053,0,1.0,0.0
23054,1,0.4,0.6
23055,1,0.0,1.0
23056,1,0.4,0.6
23057,1,0.0,1.0
23058,1,0.0,1.0
23059,0,1.0,0.0
23060,0,1.0,0.0
23061,0,1.0,0.0
23062,0,0.6,0.4
23063,0,1.0,0.0
23064,1,0.0,1.0
23065,1,0.2,0.8
23066,1,0.4,0.6
23067,0,0.8,0.2
23068,0,0.6,0.4
23069,0,0.8,0.2
23070,0,0.8,0.2
23071,1,0.2,0.8
23072,1,0.0,1.0
23073,0,1.0,0.0
23074,0,1.0,0.0
23075,1,0.4,0.6
23076,1,0.4,0.6
23077,0,0.8,0.2
23078,0,0.8,0.2
23079,0,1.0,0.0
23080,0,1.0,0.0
23081,1,0.4,0.6
23082,0,1.0,0.0
23083,1,0.0,1.0
23084,0,1.0,0.0
23085,0,0.6,0.4
23086,1,0.0,1.0
23087,0,0.6,0.4
23088,0,1.0,0.0
23089,1,0.0,1.0
23090,0,1.0,0.0
23091,1,0.2,0.8
23092,0,1.0,0.0
23093,0,1.0,0.0
23094,1,0.4,0.6
23095,0,0.6,0.4
23096,1,0.2,0.8
23097,0,1.0,0.0
23098,0,0.6,0.4
23099,0,1.0,0.0
23100,0,1.0,0.0
23101,1,0.0,1.0
23102,0,0.8,0.2
23103,0,1.0,0.0
23104,0,0.8,0.2
23105,0,1.0,0.0
23106,0,0.8,0.2
23107,1,0.4,0.6
23108,1,0.0,1.0
23109,1,0.0,1.0
23110,1,0.2,0.8
23111,0,0.8,0.2
23112,0,0.6,0.4
23113,1,0.4,0.6
23114,1,0.0,1.0
23115,1,0.4,0.6
23116,0,0.8,0.2
23117,0,1.0,0.0
23118,1,0.0,1.0
23119,1,0.0,1.0
23120,0,0.8,0.2
23121,1,0.2,0.8
23122,1,0.2,0.8
23123,1,0.0,1.0
23124,0,1.0,0.0
23125,1,0.4,0.6
23126,0,0.6,0.4
23127,0,0.8,0.2
23128,1,0.0,1.0
23129,1,0.2,0.8
23130,1,0.0,1.0
23131,1,0.2,0.8
23132,0,0.8,0.2
23133,0,1.0,0.0
23134,1,0.4,0.6
23135,1,0.2,0.8
23136,1,0.0,1.0
23137,0,0.6,0.4
23138,1,0.2,0.8
23139,0,0.8,0.2
23140,1,0.0,1.0
23141,0,1.0,0.0
23142,0,1.0,0.0
23143,1,0.0,1.0
23144,0,1.0,0.0
23145,1,0.2,0.8
23146,0,0.8,0.2
23147,0,1.0,0.0
23148,0,0.8,0.2
23149,0,1.0,0.0
23150,1,0.0,1.0
23151,0,0.8,0.2
23152,1,0.2,0.8
23153,0,0.8,0.2
23154,1,0.4,0.6
23155,0,1.0,0.0
23156,1,0.0,1.0
23157,1,0.2,0.8
23158,0,0.8,0.2
23159,1,0.2,0.8
23160,0,1.0,0.0
23161,0,0.6,0.4
23162,0,0.8,0.2
23163,1,0.0,1.0
23164,0,1.0,0.0
23165,1,0.4,0.6
23166,1,0.0,1.0
23167,1,0.2,0.8
23168,0,0.6,0.4
23169,0,0.6,0.4
23170,1,0.0,1.0
23171,1,0.2,0.8
23172,0,0.8,0.2
23173,0,1.0,0.0
23174,1,0.0,1.0
23175,0,0.6,0.4
23176,0,0.6,0.4
23177,0,0.8,0.2
23178,1,0.4,0.6
23179,0,0.6,0.4
23180,1,0.4,0.6
23181,0,0.8,0.2
23182,1,0.4,0.6
23183,1,0.0,1.0
23184,0,1.0,0.0
23185,0,0.6,0.4
23186,1,0.0,1.0
23187,1,0.4,0.6
23188,0,0.6,0.4
23189,1,0.0,1.0
23190,1,0.2,0.8
23191,0,0.6,0.4
23192,0,0.8,0.2
23193,1,0.0,1.0
23194,1,0.0,1.0
23195,1,0.4,0.6
23196,1,0.0,1.0
23197,1,0.4,0.6
23198,0,1.0,0.0
23199,1,0.4,0.6
23200,0,0.6,0.4
23201,0,1.0,0.0
23202,0,0.8,0.2
23203,0,0.6,0.4
23204,1,0.4,0.6
23205,1,0.0,1.0
23206,1,0.0,1.0
23207,0,0.8,0.2
23208,0,0.6,0.4
23209,1,0.4,0.6
23210,0,1.0,0.0
23211,1,0.2,0.8
23212,0,0.8,0.2
23213,1,0.0,1.0
23214,0,0.6,0.4
23215,0,1.0,0.0
23216,1,0.0,1.0
23217,0,0.8,0.2
23218,0,1.0,0.0
23219,0,1.0,0.0
23220,0,1.0,0.0
23221,1,0.2,0.8
23222,0,1.0,0.0
23223,1,0.2,0.8
23224,1,0.4,0.6
23225,1,0.4,0.6
23226,0,1.0,0.0
23227,0,0.8,0.2
23228,1,0.0,1.0
23229,0,0.6,0.4
23230,1,0.4,0.6
23231,1,0.0,1.0
23232,1,0.4,0.6
23233,0,1.0,0.0
23234,0,0.8,0.2
23235,1,0.4,0.6
23236,1,0.0,1.0
23237,0,0.6,0.4
23238,1,0.2,0.8
23239,0,1.0,0.0
23240,1,0.0,1.0
23241,1,0.0,1.0
23242,0,0.8,0.2
23243,1,0.4,0.6
23244,0,0.6,0.4
23245,1,0.0,1.0
23246,0,0.6,0.4
23247,1,0.0,1.0
23248,0,0.6,0.4
23249,1,0.0,1.0
23250,0,1.0,0.0
23251,1,0.4,0.6
23252,0,0.8,0.2
23253,1,0.2,0.8
23254,1,0.0,1.0
23255,1,0.0,1.0
23256,1,0.4,0.6
23257,0,0.6,0.4
23258,0,1.0,0.0
23259,0,0.8,0.2
23260,0,0.6,0.4
23261,0,0.6,0.4
23262,1,0.4,0.6
23263,1,0.4,0.6
23264,0,0.6,0.4
23265,1,0.0,1.0
23266,0,0.8,0.2
23267,0,0.6,0.4
23268,1,0.0,1.0
23269,0,0.6,0.4
23270,0,1.0,0.0
23271,0,0.8,0.2
23272,0,0.6,0.4
23273,1,0.2,0.8
23274,1,0.0,1.0
23275,0,1.0,0.0
23276,0,0.8,0.2
23277,1,0.0,1.0
23278,1,0.2,0.8
23279,0,0.6,0.4
23280,0,0.6,0.4
23281,1,0.2,0.8
23282,0,0.6,0.4
23283,1,0.0,1.0
23284,0,0.8,0.2
23285,1,0.2,0.8
23286,1,0.2,0.8
23287,0,0.6,0.4
23288,0,0.8,0.2
23289,1,0.4,0.6
23290,1,0.0,1.0
23291,0,0.6,0.4
23292,0,1.0,0.0
23293,1,0.4,0.6
23294,0,1.0,0.0
23295,1,0.0,1.0
23296,0,1.0,0.0
23297,1,0.4,0.6
23298,0,0.6,0.4
23299,1,0.2,0.8
23300,0,0.8,0.2
23301,1,0.0,1.0
23302,1,0.0,1.0
23303,0,0.6,0.4
23304,1,0.4,0.6
23305,1,0.0,1.0
23306,1,0.4,0.6
23307,1,0.4,0.6
23308,0,0.8,0.2
23309,0,1.0,0.0
23310,0,0.6,0.4
23311,0,0.6,0.4
23312,1,0.4,0.6
23313,1,0.0,1.0
23314,0,0.6,0.4
23315,0,1.0,0.0
23316,0,0.6,0.4
23317,0,1.0,0.0
23318,1,0.0,1.0
23319,0,1.0,0.0
23320,1,0.4,0.6
23321,1,0.4,0.6
23322,0,1.0,0.0
23323,1,0.4,0.6
23324,1,0.2,0.8
23325,1,0.4,0.6
23326,1,0.2,0.8
23327,0,0.8,0.2
23328,1,0.2,0.8
23329,1,0.2,0.8
23330,0,0.6,0.4
23331,1,0.0,1.0
23332,1,0.4,0.6
23333,0,0.8,0.2
23334,0,0.6,0.4
23335,1,0.2,0.8
23336,0,1.0,0.0
23337,0,1.0,0.0
23338,1,0.0,1.0
23339,1,0.0,1.0
23340,1,0.0,1.0
23341,0,0.6,0.4
23342,0,0.8,0.2
23343,0,0.6,0.4
23344,1,0.0,1.0
23345,1,0.0,1.0
23346,0,1.0,0.0
23347,1,0.0,1.0
23348,0,1.0,0.0
23349,1,0.2,0.8
23350,1,0.0,1.0
23351,1,0.4,0.6
23352,0,1.0,0.0
23353,1,0.4,0.6
23354,1,0.2,0.8
23355,1,0.0,1.0
23356,1,0.2,0.8
23357,1,0.0,1.0
23358,1,0.2,0.8
23359,1,0.4,0.6
23360,0,0.6,0.4
23361,0,0.6,0.4
23362,1,0.2,0.8
23363,1,0.0,1.0
23364,0,1.0,0.0
23365,0,1.0,0.0
23366,0,0.6,0.4
23367,1,0.0,1.0
23368,1,0.0,1.0
23369,1,0.2,0.8
23370,1,0.4,0.6
23371,0,1.0,0.0
23372,1,0.2,0.8
23373,1,0.0,1.0
23374,1,0.2,0.8
23375,1,0.0,1.0
23376,1,0.2,0.8
23377,0,0.8,0.2
23378,0,0.8,0.2
23379,1,0.0,1.0
23380,0,0.6,0.4
23381,1,0.0,1.0
23382,0,1.0,0.0
23383,1,0.0,1.0
23384,1,0.2,0.8
23385,1,0.0,1.0
23386,1,0.0,1.0
23387,0,1.0,0.0
23388,1,0.0,1.0
23389,0,0.6,0.4
23390,1,0.0,1.0
23391,1,0.2,0.8
23392,0,0.8,0.2
23393,1,0.2,0.8
23394,1,0.0,1.0
23395,1,0.2,0.8
23396,1,0.0,1.0
23397,1,0.2,0.8
23398,1,0.0,1.0
23399,1,0.4,0.6
23400,1,0.0,1.0
23401,0,1.0,0.0
23402,0,0.6,0.4
23403,1,0.0,1.0
23404,1,0.4,0.6
23405,0,1.0,0.0
23406,0,0.8,0.2
23407,1,0.4,0.6
23408,0,0.6,0.4
23409,1,0.0,1.0
23410,1,0.2,0.8
23411,0,0.6,0.4
23412,0,1.0,0.0
23413,0,1.0,0.0
23414,0,0.8,0.2
23415,1,0.0,1.0
23416,1,0.4,0.6
23417,0,1.0,0.0
23418,1,0.0,1.0
23419,0,1.0,0.0
23420,0,1.0,0.0
23421,0,0.6,0.4
23422,0,0.6,0.4
23423,1,0.0,1.0
23424,1,0.0,1.0
23425,1,0.0,1.0
23426,0,1.0,0.0
23427,1,0.4,0.6
23428,1,0.0,1.0
23429,1,0.0,1.0
23430,0,1.0,0.0
23431,1,0.2,0.8
23432,1,0.2,0.8
23433,0,0.8,0.2
23434,1,0.2,0.8
23435,0,1.0,0.0
23436,1,0.0,1.0
23437,1,0.2,0.8
23438,1,0.2,0.8
23439,0,1.0,0.0
23440,0,0.6,0.4
23441,0,1.0,0.0
23442,1,0.0,1.0
23443,0,0.6,0.4
23444,0,0.8,0.2
23445,1,0.2,0.8
23446,1,0.0,1.0
23447,0,0.6,0.4
23448,0,1.0,0.0
23449,0,0.8,0.2
23450,1,0.2,0.8
23451,1,0.4,0.6
23452,1,0.4,0.6
23453,1,0.0,1.0
23454,1,0.4,0.6
23455,0,0.6,0.4
23456,1,0.4,0.6
23457,1,0.0,1.0
23458,1,0.4,0.6
23459,1,0.0,1.0
23460,1,0.4,0.6
23461,1,0.4,0.6
23462,1,0.4,0.6
23463,1,0.0,1.0
23464,1,0.2,0.8
23465,1,0.0,1.0
23466,0,0.8,0.2
23467,1,0.2,0.8
23468,1,0.4,0.6
23469,0,1.0,0.0
23470,0,0.8,0.2
23471,1,0.4,0.6
23472,1,0.2,0.8
23473,1,0.2,0.8
23474,0,0.8,0.2
23475,1,0.4,0.6
23476,1,0.4,0.6
23477,1,0.2,0.8
23478,0,0.8,0.2
23479,0,0.8,0.2
23480,1,0.4,0.6
23481,1,0.2,0.8
23482,1,0.4,0.6
23483,0,1.0,0.0
23484,0,0.6,0.4
23485,1,0.4,0.6
23486,0,0.8,0.2
23487,0,0.6,0.4
23488,1,0.2,0.8
23489,0,0.6,0.4
23490,0,1.0,0.0
23491,0,1.0,0.0
23492,1,0.0,1.0
23493,0,0.6,0.4
23494,1,0.0,1.0
23495,1,0.0,1.0
23496,1,0.0,1.0
23497,0,0.8,0.2
23498,0,0.8,0.2
23499,0,0.6,0.4
23500,0,0.6,0.4
23501,1,0.2,0.8
23502,0,0.8,0.2
23503,1,0.2,0.8
23504,0,0.8,0.2
23505,1,0.2,0.8
23506,1,0.2,0.8
23507,1,0.4,0.6
23508,0,1.0,0.0
23509,1,0.0,1.0
23510,0,1.0,0.0
23511,1,0.4,0.6
23512,0,0.6,0.4
23513,1,0.4,0.6
23514,0,0.6,0.4
23515,0,1.0,0.0
23516,0,1.0,0.0
23517,1,0.4,0.6
23518,0,0.6,0.4
23519,0,0.8,0.2
23520,0,0.6,0.4
23521,1,0.0,1.0
23522,1,0.2,0.8
23523,1,0.2,0.8
23524,1,0.2,0.8
23525,1,0.0,1.0
23526,0,0.6,0.4
23527,0,0.6,0.4
23528,1,0.2,0.8
23529,1,0.0,1.0
23530,0,0.6,0.4
23531,0,0.6,0.4
23532,0,0.8,0.2
23533,0,0.6,0.4
23534,0,0.6,0.4
23535,1,0.4,0.6
23536,1,0.4,0.6
23537,0,0.6,0.4
23538,1,0.0,1.0
23539,0,0.8,0.2
23540,1,0.0,1.0
23541,1,0.4,0.6
23542,0,1.0,0.0
23543,0,1.0,0.0
23544,0,1.0,0.0
23545,0,0.6,0.4
23546,0,0.6,0.4
23547,0,0.6,0.4
23548,1,0.4,0.6
23549,1,0.4,0.6
23550,1,0.0,1.0
23551,1,0.0,1.0
23552,1,0.2,0.8
23553,1,0.0,1.0
23554,0,0.8,0.2
23555,0,0.6,0.4
23556,0,1.0,0.0
23557,1,0.2,0.8
23558,1,0.4,0.6
23559,1,0.4,0.6
23560,0,1.0,0.0
23561,0,1.0,0.0
23562,0,0.8,0.2
23563,0,1.0,0.0
23564,0,0.8,0.2
23565,1,0.4,0.6
23566,1,0.0,1.0
23567,0,1.0,0.0
23568,1,0.4,0.6
23569,1,0.0,1.0
23570,0,1.0,0.0
23571,0,0.8,0.2
23572,1,0.0,1.0
23573,1,0.0,1.0
23574,1,0.2,0.8
23575,1,0.0,1.0
23576,1,0.4,0.6
23577,0,0.8,0.2
23578,0,0.6,0.4
23579,1,0.4,0.6
23580,0,1.0,0.0
23581,1,0.4,0.6
23582,1,0.4,0.6
23583,0,0.6,0.4
23584,0,0.6,0.4
23585,0,0.6,0.4
23586,1,0.2,0.8
23587,0,1.0,0.0
23588,1,0.4,0.6
23589,1,0.0,1.0
23590,0,0.6,0.4
23591,1,0.4,0.6
23592,0,1.0,0.0
23593,1,0.2,0.8
23594,1,0.2,0.8
23595,1,0.0,1.0
23596,0,1.0,0.0
23597,0,1.0,0.0
23598,0,1.0,0.0
23599,1,0.0,1.0
23600,0,0.8,0.2
23601,1,0.4,0.6
23602,1,0.0,1.0
23603,0,1.0,0.0
23604,1,0.0,1.0
23605,0,1.0,0.0
23606,0,0.6,0.4
23607,0,1.0,0.0
23608,0,1.0,0.0
23609,0,1.0,0.0
23610,1,0.2,0.8
23611,0,0.8,0.2
23612,0,0.8,0.2
23613,1,0.4,0.6
23614,1,0.0,1.0
23615,1,0.2,0.8
23616,1,0.4,0.6
23617,1,0.4,0.6
23618,0,0.8,0.2
23619,0,0.6,0.4
23620,1,0.0,1.0
23621,1,0.0,1.0
23622,0,0.6,0.4
23623,0,0.6,0.4
23624,0,1.0,0.0
23625,1,0.4,0.6
23626,1,0.4,0.6
23627,0,0.8,0.2
23628,0,1.0,0.0
23629,1,0.0,1.0
23630,0,1.0,0.0
23631,1,0.4,0.6
23632,0,0.8,0.2
23633,0,1.0,0.0
23634,0,1.0,0.0
23635,1,0.2,0.8
23636,0,1.0,0.0
23637,0,1.0,0.0
23638,0,0.6,0.4
23639,0,0.6,0.4
23640,1,0.4,0.6
23641,0,0.8,0.2
23642,1,0.0,1.0
23643,1,0.4,0.6
23644,0,0.6,0.4
23645,1,0.0,1.0
23646,1,0.0,1.0
23647,0,1.0,0.0
23648,1,0.2,0.8
23649,1,0.0,1.0
23650,0,0.6,0.4
23651,0,0.8,0.2
23652,0,1.0,0.0
23653,1,0.0,1.0
23654,1,0.0,1.0
23655,0,0.6,0.4
23656,0,1.0,0.0
23657,1,0.2,0.8
23658,0,1.0,0.0
23659,0,0.8,0.2
23660,0,0.6,0.4
23661,1,0.0,1.0
23662,0,0.6,0.4
23663,0,0.8,0.2
23664,0,1.0,0.0
23665,0,0.8,0.2
23666,1,0.0,1.0
23667,0,1.0,0.0
23668,0,1.0,0.0
23669,1,0.4,0.6
23670,1,0.4,0.6
23671,1,0.0,1.0
23672,0,1.0,0.0
23673,0,0.6,0.4
23674,0,0.8,0.2
23675,0,0.6,0.4
23676,1,0.0,1.0
23677,1,0.4,0.6
23678,1,0.0,1.0
23679,1,0.2,0.8
23680,1,0.2,0.8
23681,0,1.0,0.0
23682,0,0.6,0.4
23683,0,1.0,0.0
23684,1,0.0,1.0
23685,0,0.6,0.4
23686,1,0.0,1.0
23687,1,0.0,1.0
23688,1,0.0,1.0
23689,1,0.0,1.0
23690,0,1.0,0.0
23691,0,0.8,0.2
23692,1,0.0,1.0
23693,0,0.6,0.4
23694,0,1.0,0.0
23695,0,1.0,0.0
23696,0,1.0,0.0
23697,0,1.0,0.0
23698,0,1.0,0.0
23699,0,1.0,0.0
23700,1,0.0,1.0
23701,0,0.8,0.2
23702,1,0.2,0.8
23703,1,0.0,1.0
23704,1,0.0,1.0
23705,1,0.0,1.0
23706,1,0.0,1.0
23707,1,0.0,1.0
23708,0,1.0,0.0
23709,0,0.6,0.4
23710,0,1.0,0.0
23711,1,0.0,1.0
23712,0,0.6,0.4
23713,1,0.0,1.0
23714,1,0.2,0.8
23715,0,1.0,0.0
23716,1,0.0,1.0
23717,0,0.6,0.4
23718,1,0.0,1.0
23719,1,0.4,0.6
23720,0,0.8,0.2
23721,1,0.2,0.8
23722,1,0.2,0.8
23723,0,0.6,0.4
23724,1,0.0,1.0
23725,0,1.0,0.0
23726,0,0.6,0.4
23727,0,0.8,0.2
23728,1,0.2,0.8
23729,0,0.8,0.2
23730,0,0.6,0.4
23731,0,0.8,0.2
23732,0,0.6,0.4
23733,1,0.0,1.0
23734,1,0.0,1.0
23735,0,0.6,0.4
23736,1,0.2,0.8
23737,0,0.6,0.4
23738,1,0.0,1.0
23739,1,0.4,0.6
23740,0,0.6,0.4
23741,1,0.4,0.6
23742,1,0.4,0.6
23743,1,0.2,0.8
23744,0,0.8,0.2
23745,1,0.4,0.6
23746,0,0.6,0.4
23747,0,0.6,0.4
23748,0,0.6,0.4
23749,0,0.8,0.2
23750,1,0.4,0.6
23751,1,0.0,1.0
23752,0,1.0,0.0
23753,1,0.2,0.8
23754,0,0.6,0.4
23755,0,1.0,0.0
23756,0,1.0,0.0
23757,1,0.4,0.6
23758,1,0.0,1.0
23759,1,0.2,0.8
23760,0,1.0,0.0
23761,1,0.4,0.6
23762,0,1.0,0.0
23763,0,0.6,0.4
23764,1,0.0,1.0
23765,1,0.0,1.0
23766,1,0.0,1.0
23767,1,0.4,0.6
23768,0,0.6,0.4
23769,1,0.2,0.8
23770,1,0.4,0.6
23771,0,0.6,0.4
23772,0,1.0,0.0
23773,0,0.8,0.2
23774,1,0.0,1.0
23775,0,0.6,0.4
23776,0,1.0,0.0
23777,0,0.8,0.2
23778,1,0.0,1.0
23779,0,0.6,0.4
23780,0,1.0,0.0
23781,1,0.4,0.6
23782,0,1.0,0.0
23783,0,0.6,0.4
23784,1,0.2,0.8
23785,1,0.4,0.6
23786,0,0.6,0.4
23787,1,0.4,0.6
23788,0,0.8,0.2
23789,0,0.6,0.4
23790,0,1.0,0.0
23791,1,0.4,0.6
23792,0,1.0,0.0
23793,0,1.0,0.0
23794,1,0.4,0.6
23795,1,0.4,0.6
23796,0,0.6,0.4
23797,0,1.0,0.0
23798,1,0.0,1.0
23799,0,1.0,0.0
