id,keras_tuner_best
20800,-0.077941015
20801,1.2339711
20802,1.0687987
20803,0.37392703
20804,1.3950858
20805,0.9273359
20806,0.04672996
20807,0.8450423
20808,1.0204943
20809,1.4911755
20810,0.76285666
20811,0.8360418
20812,0.95504814
20813,0.7229478
20814,0.5351545
20815,-0.013693137
20816,-0.030853374
20817,-0.051725358
20818,0.54780614
20819,0.2275076
20820,0.4479798
20821,1.246203
20822,0.39731085
20823,1.6281073
20824,1.5559566
20825,0.19620784
20826,1.2886486
20827,-0.071788505
20828,0.29289606
20829,0.6908689
20830,-0.10553255
20831,1.249316
20832,0.10972943
20833,-0.13981368
20834,0.93028986
20835,0.049720235
20836,-0.08790427
20837,0.7014354
20838,0.98234206
20839,-0.18563706
20840,-0.06557474
20841,-0.017559757
20842,1.3184041
20843,0.14676777
20844,-0.1585846
20845,1.4825326
20846,-0.061900876
20847,-0.12553619
20848,1.3306459
20849,0.45126346
20850,0.12249487
20851,0.6409377
20852,-0.08861731
20853,0.750838
20854,0.9733398
20855,0.19594502
20856,1.5529237
20857,-0.05163087
20858,0.10317046
20859,0.018335816
20860,1.021354
20861,0.9808979
20862,1.0897837
20863,0.3830343
20864,0.69096845
20865,1.2458596
20866,1.0152758
20867,1.518923
20868,1.1761085
20869,-0.10316082
20870,0.1449545
20871,0.26272348
20872,1.111855
20873,0.20991534
20874,-0.06954849
20875,0.3932579
20876,0.20253354
20877,-0.17452991
20878,0.08484535
20879,-0.105496354
20880,0.032052506
20881,0.87085974
20882,0.030952692
20883,1.1513132
20884,0.7587435
20885,1.2436274
20886,0.07132628
20887,-0.07106969
20888,0.3263813
20889,0.11223316
20890,1.3478092
20891,-0.02187292
20892,-0.0050262753
20893,0.2103928
20894,1.3140839
20895,-0.23956177
20896,0.050242886
20897,0.043348595
20898,0.9390859
20899,1.0529875
20900,0.017287988
20901,0.9906563
20902,0.31996197
20903,0.4016294
20904,0.047649294
20905,-0.06129998
20906,0.95331067
20907,0.10661847
20908,1.8250022
20909,0.9535072
20910,0.5459653
20911,0.39276537
20912,0.21273813
20913,0.31932345
20914,-0.05245763
20915,-0.16165961
20916,-0.0064192098
20917,0.7935415
20918,0.19278614
20919,1.3798394
20920,0.8246153
20921,0.047815762
20922,0.48047388
20923,-0.020591708
20924,0.19413917
20925,0.28239447
20926,1.0556691
20927,0.1628632
20928,0.82318324
20929,0.11020712
20930,0.8437513
20931,-0.09353181
20932,1.248594
20933,-0.12326845
20934,0.59597635
20935,0.050474904
20936,-0.038583025
20937,0.82737345
20938,1.0019717
20939,0.5990586
20940,1.3785721
20941,0.2509931
20942,1.3285406
20943,1.2003407
20944,1.1587931
20945,-0.006299278
20946,1.527518
20947,1.187182
20948,-0.0017355699
20949,0.5887597
20950,1.1291406
20951,0.30983108
20952,0.042781346
20953,1.0496271
20954,-0.098858394
20955,0.4481246
20956,-0.09833356
20957,0.7523537
20958,0.13213213
20959,1.3748933
20960,0.96471506
20961,0.79860926
20962,1.0343089
20963,1.3542191
20964,-0.049128667
20965,1.5503515
20966,0.051438168
20967,0.6399395
20968,1.442653
20969,-0.048041694
20970,-0.060015403
20971,-0.005810922
20972,-0.21274999
20973,0.3239593
20974,0.14825055
20975,0.041467078
20976,0.20021424
20977,0.20844708
20978,0.25571662
20979,-0.16312498
20980,-0.09441148
20981,0.06772954
20982,0.30697754
20983,1.1210425
20984,0.08768625
20985,1.1501952
20986,0.71340936
20987,0.25587457
20988,0.9269318
20989,0.3433717
20990,1.0000895
20991,0.096005514
20992,0.12958008
20993,-0.034736097
20994,1.5223489
20995,1.4760772
20996,0.47416484
20997,0.3272222
20998,1.6977472
20999,0.2497966
21000,-0.029423142
21001,1.3747016
21002,-0.13631305
21003,1.5214648
21004,1.3808501
21005,1.2601709
21006,1.3293539
21007,0.6659936
21008,0.00024429895
21009,-0.027142799
21010,-0.21604298
21011,1.0600172
21012,0.50543106
21013,-0.12742226
21014,0.7482141
21015,1.1619856
21016,0.67028534
21017,-0.23416516
21018,0.024368623
21019,1.5468037
21020,0.011227408
21021,0.7211259
21022,0.28430206
21023,-0.15259992
21024,0.3038701
21025,1.5865146
21026,0.7299512
21027,1.525344
21028,0.018223923
21029,-0.06071747
21030,0.0014812611
21031,0.012952367
21032,0.6649468
21033,0.35527176
21034,1.4469826
21035,0.025913954
21036,0.96137863
21037,0.95002
21038,-0.044235647
21039,0.19085401
21040,0.746506
21041,1.4556804
21042,-0.042327054
21043,1.4988979
21044,1.6556396
21045,-0.16127957
21046,0.40831003
21047,1.0471845
21048,0.13778603
21049,0.2645407
21050,0.44912326
21051,1.5776937
21052,1.188474
21053,-0.12825656
21054,1.5109755
21055,-0.029624058
21056,0.06445582
21057,0.64456767
21058,0.9424278
21059,0.6454299
21060,-0.058009468
21061,1.1479626
21062,0.69514346
21063,0.018822009
21064,0.9793454
21065,1.5996476
21066,0.5365736
21067,1.553113
21068,0.32388833
21069,0.6073634
21070,0.08415406
21071,0.21755245
21072,0.93821704
21073,1.4386508
21074,0.07788187
21075,0.121682175
21076,-0.11949787
21077,-0.18738285
21078,-0.06619688
21079,0.62655157
21080,0.12682272
21081,1.647624
21082,0.010545166
21083,1.3984051
21084,0.7180852
21085,-0.0043235775
21086,-0.04122088
21087,1.140913
21088,-0.07063321
21089,0.27995116
21090,0.49740252
21091,0.48946115
21092,-0.09542623
21093,0.504431
21094,1.1113393
21095,0.7089013
21096,1.1261632
21097,-0.008988606
21098,1.1995214
21099,0.12098299
21100,0.051775087
21101,-0.19513853
21102,0.7210088
21103,1.1522442
21104,1.3307021
21105,0.14936763
21106,0.94856215
21107,0.46937332
21108,0.032384053
21109,0.26502657
21110,-0.14392911
21111,0.41203296
21112,0.89796704
21113,0.27393577
21114,0.20552135
21115,0.8212267
21116,-0.12996957
21117,0.13115197
21118,-0.1071061
21119,0.38876072
21120,-0.14801419
21121,0.12103348
21122,0.43341184
21123,0.5001083
21124,-0.04867474
21125,0.4210268
21126,1.2539665
21127,0.003569616
21128,0.025018036
21129,1.3860506
21130,0.95505196
21131,-0.20190893
21132,0.9491194
21133,0.9127624
21134,0.5900574
21135,1.1419275
21136,0.9945305
21137,-0.037072174
21138,0.010210754
21139,-0.13714927
21140,0.7757089
21141,0.2122502
21142,0.78511924
21143,-0.026863666
21144,1.4378583
21145,-0.11936916
21146,-0.03497836
21147,1.1991711
21148,-0.107104756
21149,0.7795788
21150,0.38022104
21151,0.3576495
21152,0.6700208
21153,0.6374532
21154,-0.12830114
21155,0.6428518
21156,0.87850124
21157,0.70835143
21158,-0.035765953
21159,-0.02063484
21160,0.42684498
21161,0.27736357
21162,0.6771741
21163,1.3133562
21164,0.81759363
21165,0.33984306
21166,1.6321135
21167,0.8797105
21168,-0.0036380794
21169,0.22057489
21170,-0.06897925
21171,0.42719585
21172,0.011562357
21173,-0.06761121
21174,0.92381984
21175,-0.040402487
21176,0.17898066
21177,0.86586875
21178,-0.016423909
21179,-0.022887183
21180,0.23718153
21181,0.85422045
21182,1.1447853
21183,0.07681715
21184,1.1087701
21185,0.6268393
21186,0.3700348
21187,0.9307763
21188,0.19146842
21189,0.1041815
21190,1.0815798
21191,1.3860663
21192,0.3795285
21193,0.58354264
21194,-0.20536539
21195,0.48617172
21196,1.012657
21197,0.040719166
21198,0.030518766
21199,0.28406107
21200,-0.23283297
21201,-0.029366983
21202,0.0047744606
21203,0.14560843
21204,0.54157585
21205,0.060075156
21206,-0.08009479
21207,0.8586654
21208,-0.07437337
21209,-0.043194108
21210,0.6140952
21211,0.060011074
21212,0.12593184
21213,0.27648973
21214,0.43444902
21215,-0.05209843
21216,0.026679765
21217,-0.20099674
21218,0.30827928
21219,0.07862311
21220,0.00039002113
21221,-0.18144345
21222,0.7154199
21223,-0.06859339
21224,0.2213194
21225,1.284838
21226,-0.012566505
21227,1.3397572
21228,-0.021193428
21229,-0.14674698
21230,-0.1470517
21231,0.48038906
21232,0.13725801
21233,0.3268537
21234,-0.1081175
21235,0.022259193
21236,0.07825919
21237,1.372463
21238,0.36113685
21239,0.26891622
21240,0.7947901
21241,0.06423953
21242,1.3461031
21243,-0.087711334
21244,-0.14851111
21245,0.8641428
21246,-0.090565205
21247,1.1469795
21248,-0.07435513
21249,-0.12034502
21250,0.9393576
21251,0.64533263
21252,-0.09246438
21253,0.87426823
21254,-0.015113635
21255,0.06719915
21256,0.17061372
21257,-0.04785829
21258,1.2100401
21259,-0.011656018
21260,-0.08333787
21261,-0.22991413
21262,0.043001033
21263,0.0068231877
21264,0.010485018
21265,0.43278855
21266,0.4566613
21267,-0.07521766
21268,0.0311315
21269,-0.00445736
21270,1.0567763
21271,0.03151672
21272,-0.12857099
21273,0.3347112
21274,0.30543295
21275,-0.01694181
21276,0.5522826
21277,1.7281903
21278,0.21847191
21279,0.7258209
21280,0.5064451
21281,0.31593508
21282,0.4413013
21283,-0.045715883
21284,-0.071486995
21285,-0.037602223
21286,0.7522932
21287,0.7188718
21288,1.0717523
21289,0.01608751
21290,-0.122009836
21291,0.16751324
21292,0.09121093
21293,1.1819614
21294,-0.020336257
21295,0.03137522
21296,0.13852943
21297,1.0863876
21298,0.48245108
21299,1.6238867
21300,0.8037192
21301,0.101049714
21302,-0.23691511
21303,0.3877049
21304,0.091267124
21305,0.64790916
21306,-0.17869118
21307,0.021918459
21308,-0.12998396
21309,0.35105765
21310,0.7026806
21311,0.82581764
21312,0.4047267
21313,-0.020485407
21314,-0.19534276
21315,1.2134633
21316,0.22887918
21317,-0.15404542
21318,-0.08251899
21319,0.16198124
21320,0.27478567
21321,0.11498248
21322,1.4075356
21323,0.5557254
21324,-0.009456871
21325,1.0855496
21326,-0.105462216
21327,0.07649301
21328,1.2189974
21329,0.1054079
21330,1.5767696
21331,1.2378507
21332,0.2200618
21333,0.56568396
21334,1.3215209
21335,-0.03276784
21336,0.8964968
21337,-0.07530796
21338,0.29255503
21339,0.6639229
21340,1.5924598
21341,1.0684813
21342,0.9455884
21343,0.31314036
21344,-0.19359624
21345,1.744213
21346,-0.1038406
21347,-0.08958648
21348,0.3269496
21349,0.011545381
21350,0.08791512
21351,0.8035945
21352,0.09198042
21353,0.51473844
21354,0.8670433
21355,0.06146168
21356,0.15196826
21357,0.22136948
21358,0.0034173615
21359,0.52025384
21360,-0.017115941
21361,1.3000422
21362,0.06673306
21363,-0.040421255
21364,1.7359353
21365,0.6440717
21366,0.17155223
21367,1.1753657
21368,0.6250455
21369,-0.11184793
21370,0.9536297
21371,-0.06649158
21372,0.53725606
21373,0.85692817
21374,0.05380206
21375,-0.17246659
21376,-0.15946844
21377,1.7501693
21378,0.004699355
21379,-0.037538156
21380,0.19604567
21381,-0.15651365
21382,0.85991716
21383,0.8850891
21384,-0.02037598
21385,0.9011928
21386,1.4115429
21387,1.0176398
21388,0.09487151
21389,1.5559566
21390,1.3754797
21391,0.81387985
21392,0.29676035
21393,0.32267785
21394,0.43879536
21395,0.04182664
21396,-0.113591604
21397,-0.038736433
21398,-0.014775908
21399,-0.089322686
21400,0.43540168
21401,0.1809881
21402,1.3345965
21403,1.0890001
21404,0.1571706
21405,0.050589994
21406,-0.0475635
21407,1.0335311
21408,-0.03859304
21409,0.20795928
21410,0.8801228
21411,1.4232438
21412,0.09345731
21413,-0.0034357775
21414,0.043987602
21415,1.5559566
21416,0.65704054
21417,0.1014168
21418,0.11470593
21419,1.0586619
21420,1.0487057
21421,0.3196167
21422,0.5800033
21423,-0.10492977
21424,-0.021592816
21425,0.07166778
21426,1.5559566
21427,0.43764916
21428,1.4360191
21429,-0.07574683
21430,-0.028860519
21431,1.7027196
21432,0.008798445
21433,-0.0736836
21434,0.10198794
21435,0.16837536
21436,-0.09375089
21437,1.2294464
21438,-0.050456308
21439,1.2242125
21440,0.12931928
21441,1.7530278
21442,0.78929186
21443,0.7166967
21444,-0.056724817
21445,0.79946864
21446,1.5278373
21447,-0.04541237
21448,1.2968031
21449,0.18617876
21450,0.19191967
21451,0.47049767
21452,-0.08445084
21453,0.7242814
21454,-0.13782221
21455,0.82192326
21456,0.40620518
21457,0.825208
21458,0.12281083
21459,-0.041722797
21460,0.557767
21461,0.6127959
21462,0.17293741
21463,0.75061095
21464,0.14667045
21465,-0.14628062
21466,0.37111846
21467,0.12157077
21468,1.1175231
21469,-0.07558711
21470,0.109151386
21471,0.77695644
21472,0.12548527
21473,-0.10670888
21474,-0.101469584
21475,-0.0053691026
21476,1.0353922
21477,0.7849063
21478,0.02874027
21479,0.13189194
21480,0.56108654
21481,-0.027169565
21482,1.2512841
21483,0.14233048
21484,-0.029530441
21485,0.96465355
21486,-0.029388724
21487,1.347365
21488,0.99241817
21489,-0.06711139
21490,0.6934163
21491,-0.050099805
21492,1.0655426
21493,0.85654
21494,-0.106519364
21495,-0.0966546
21496,1.5559566
21497,0.54341525
21498,1.4774426
21499,0.09096855
21500,0.08543888
21501,0.15301517
21502,-0.063695006
21503,1.0916735
21504,0.71160346
21505,0.98805296
21506,1.4922187
21507,0.026053827
21508,0.021820853
21509,0.113959804
21510,0.19316703
21511,1.3874745
21512,-0.116536655
21513,0.37680906
21514,-0.13022436
21515,0.5634774
21516,1.3132563
21517,1.5559566
21518,-0.19317815
21519,0.17405674
21520,1.0018908
21521,-0.1303837
21522,0.41453654
21523,0.8654215
21524,0.75486207
21525,-0.013363076
21526,0.04376349
21527,0.14408651
21528,0.6037966
21529,0.17792529
21530,0.09949689
21531,0.115701474
21532,0.25348112
21533,0.10868402
21534,0.27786985
21535,0.094935596
21536,-0.0126614515
21537,0.5880422
21538,1.3923858
21539,0.05004666
21540,1.1836958
21541,0.43447095
21542,0.00092533603
21543,-0.029451491
21544,0.7131779
21545,-0.064429395
21546,0.26058635
21547,-0.018280396
21548,0.65227515
21549,-0.033478267
21550,1.5432255
21551,1.4302566
21552,1.3451816
21553,0.822014
21554,-0.055258073
21555,0.3922316
21556,0.44848266
21557,-0.073210046
21558,0.66007596
21559,1.0485191
21560,0.27582425
21561,-0.05780556
21562,-0.019189289
21563,-0.16060534
21564,1.9068165
21565,0.88599616
21566,-0.01834025
21567,1.0402613
21568,0.29395315
21569,-0.14001109
21570,0.6201826
21571,1.4183971
21572,-0.15177554
21573,0.2729927
21574,-0.00706424
21575,0.32532674
21576,0.010890195
21577,1.0148064
21578,1.5559566
21579,0.21198466
21580,1.0951676
21581,0.7428006
21582,0.80151254
21583,1.2499843
21584,0.9535072
21585,1.3269958
21586,0.17648657
21587,0.027180884
21588,-0.03901957
21589,-0.15747471
21590,-0.023152595
21591,0.827455
21592,-0.09817716
21593,0.3154828
21594,1.5343645
21595,-0.075706005
21596,0.10507054
21597,1.137937
21598,-0.06948017
21599,0.71117896
21600,0.06701414
21601,0.24981135
21602,0.3300076
21603,0.21719237
21604,0.38687044
21605,-0.10153339
21606,0.14717744
21607,0.38880146
21608,0.41013092
21609,1.205529
21610,1.5561
21611,0.86308295
21612,0.96850246
21613,-0.08722463
21614,0.86767703
21615,0.12642603
21616,0.0041355137
21617,0.06723786
21618,0.9121154
21619,0.023036195
21620,-0.18526469
21621,1.1203678
21622,-0.13076268
21623,0.2694295
21624,0.7570526
21625,0.12226011
21626,0.07785156
21627,1.5348403
21628,0.88291913
21629,1.512428
21630,0.20216633
21631,0.59494644
21632,-0.0030556526
21633,0.9774758
21634,-0.111774765
21635,1.5559566
21636,-0.08279913
21637,1.1106368
21638,0.17427108
21639,1.8542402
21640,1.0393895
21641,1.044658
21642,-0.051488914
21643,-0.13787499
21644,-0.022169081
21645,1.1208819
21646,0.22869256
21647,0.108335815
21648,0.053694606
21649,0.9595951
21650,1.7852547
21651,0.5440749
21652,0.7797168
21653,-0.1179814
21654,1.3820179
21655,-0.08137833
21656,0.13205144
21657,0.6283263
21658,1.2998284
21659,0.63612795
21660,-0.14802395
21661,1.0002866
21662,-0.095159546
21663,0.9723741
21664,-0.030893972
21665,1.0965866
21666,1.1288288
21667,0.85860896
21668,1.5286181
21669,0.036155522
21670,1.0245413
21671,0.069884144
21672,-0.13048066
21673,0.8463183
21674,0.7683074
21675,0.3009589
21676,0.4335482
21677,0.78402066
21678,1.3950701
21679,0.02650596
21680,0.3035581
21681,0.93333477
21682,0.23883691
21683,1.647624
21684,1.726062
21685,0.65015393
21686,1.7550288
21687,1.3346059
21688,0.42374238
21689,1.2691318
21690,0.94342345
21691,-0.09793157
21692,1.0238558
21693,0.68952906
21694,0.21579562
21695,0.43978453
21696,-0.021730056
21697,-0.098519795
21698,-0.12166562
21699,0.9521505
21700,1.247293
21701,-0.15007904
21702,-0.032667138
21703,0.70701474
21704,0.21792229
21705,1.1179131
21706,-0.07153631
21707,1.4577248
21708,0.21004483
21709,0.7319419
21710,-0.024527734
21711,-0.03255759
21712,1.4359004
21713,1.0818638
21714,1.6474063
21715,0.33319137
21716,0.07019654
21717,-0.22424406
21718,0.41242984
21719,-0.16565561
21720,0.39409986
21721,1.3071219
21722,0.84699994
21723,0.7304005
21724,-0.042263173
21725,0.42768213
21726,0.5296236
21727,0.16374198
21728,0.30306637
21729,0.9169708
21730,0.6659635
21731,-0.16810285
21732,1.5083122
21733,1.0011029
21734,-0.0540426
21735,0.16048686
21736,-0.11859829
21737,0.21746686
21738,0.8605117
21739,0.084383614
21740,1.4616122
21741,1.0265151
21742,0.98594826
21743,1.0499395
21744,0.59676754
21745,0.2782073
21746,1.2594318
21747,1.2179071
21748,1.0423969
21749,1.1184665
21750,1.1065034
21751,0.8326647
21752,-0.08480915
21753,0.72320396
21754,0.29420978
21755,0.24948631
21756,1.4639405
21757,1.553991
21758,0.11594589
21759,0.047017373
21760,1.2782804
21761,-0.06820198
21762,1.426162
21763,0.6295362
21764,-0.005341118
21765,0.91380155
21766,0.64752823
21767,-0.13572791
21768,-0.14695443
21769,0.7366005
21770,-0.15248881
21771,0.027715197
21772,0.10400421
21773,-0.15929289
21774,0.18626276
21775,0.57383865
21776,-0.0015441012
21777,-0.030654693
21778,1.5559566
21779,-0.08543152
21780,0.26531583
21781,0.21829973
21782,1.1659254
21783,0.849452
21784,0.7343723
21785,0.75085366
21786,0.19296993
21787,-0.087916106
21788,-0.085972436
21789,0.9908858
21790,1.5081472
21791,-0.0073616
21792,-0.12710916
21793,0.08741746
21794,0.44253868
21795,0.10009421
21796,0.57992786
21797,-0.0029858742
21798,0.72316694
21799,-0.075200394
21800,-0.0015200395
21801,0.38124427
21802,0.5138535
21803,0.8492357
21804,0.41827676
21805,-0.15049538
21806,0.34874558
21807,0.9892805
21808,1.3028737
21809,1.4944506
21810,0.8862328
21811,0.76818943
21812,-0.0585813
21813,0.31464428
21814,0.92795724
21815,-0.18720964
21816,1.418357
21817,0.09488559
21818,0.8583672
21819,0.20283782
21820,-0.09393593
21821,1.9109836
21822,0.1185016
21823,-0.2205872
21824,0.9476686
21825,-0.039796494
21826,0.48776653
21827,1.2020546
21828,1.4599695
21829,0.78612393
21830,1.5011348
21831,1.1470611
21832,1.0841222
21833,0.9450703
21834,1.0080454
21835,1.2492026
21836,-0.027003875
21837,1.676679
21838,0.08858598
21839,1.527518
21840,1.6779816
21841,1.257216
21842,-0.064918
21843,0.012799766
21844,0.74552524
21845,-0.11998773
21846,-0.0954908
21847,0.97568506
21848,1.5640627
21849,1.2560635
21850,0.70038295
21851,0.5967908
21852,0.30665812
21853,1.6841102
21854,1.5394504
21855,0.678539
21856,0.12663943
21857,0.86327344
21858,-0.1172209
21859,0.090450056
21860,0.0022418909
21861,0.6801262
21862,0.8800391
21863,0.6674844
21864,-0.032703057
21865,1.1930549
21866,0.47099978
21867,-0.06840444
21868,0.23618078
21869,1.048723
21870,1.0836599
21871,-0.13241388
21872,-0.05683639
21873,0.60121137
21874,1.7157942
21875,0.8267875
21876,-0.13769454
21877,-0.072841294
21878,1.1300632
21879,0.76400447
21880,-0.063043326
21881,1.1782473
21882,0.67495906
21883,-0.015630448
21884,0.40311486
21885,-0.023222258
21886,0.09836542
21887,-0.062303722
21888,1.3308722
21889,0.05171068
21890,0.86222494
21891,-0.014581045
21892,0.010739455
21893,0.10378666
21894,-0.098491035
21895,1.3007879
21896,0.4454119
21897,0.15532255
21898,-0.038478866
21899,0.7757932
21900,-0.028606074
21901,0.70939845
21902,1.2283827
21903,1.5725896
21904,0.21576749
21905,0.9401193
21906,1.061012
21907,0.2557953
21908,0.45331624
21909,-0.18127126
21910,0.597012
21911,0.0648591
21912,-0.11485357
21913,0.1132927
21914,0.49356154
21915,1.2252419
21916,0.45786232
21917,-0.072206005
21918,-0.20907316
21919,-0.060709648
21920,-0.029212916
21921,-0.15052041
21922,-0.07059869
21923,0.50554144
21924,0.4612447
21925,0.12195484
21926,-0.111514755
21927,1.6380581
21928,0.8801581
21929,1.4749
21930,1.4181802
21931,1.1598277
21932,1.451597
21933,1.1135097
21934,1.5559566
21935,-0.046440877
21936,0.95306057
21937,0.6202874
21938,0.67005515
21939,1.3482145
21940,1.2308695
21941,-0.08314833
21942,0.08205999
21943,1.3058687
21944,1.6556364
21945,1.022473
21946,0.6138419
21947,1.0812196
21948,0.01950619
21949,0.47824773
21950,1.2820226
21951,1.4819667
21952,0.26274475
21953,-0.05124381
21954,1.1641265
21955,1.5456195
21956,0.10702377
21957,1.5058169
21958,-0.09884227
21959,-0.09557818
21960,0.5082828
21961,-0.016192315
21962,-0.020697085
21963,0.28176558
21964,-0.05480873
21965,1.2184318
21966,0.9011752
21967,0.023071902
21968,1.1630415
21969,0.21388695
21970,-0.11113232
21971,0.65671456
21972,-0.1084697
21973,-0.024983415
21974,0.73872346
21975,0.43809557
21976,0.4869237
21977,0.059648167
21978,0.85894907
21979,0.057423003
21980,0.19171381
21981,1.3743895
21982,-0.12867625
21983,0.04875783
21984,1.1352799
21985,0.9541824
21986,-0.05535721
21987,0.65645355
21988,-0.11497565
21989,-0.13805303
21990,1.1922728
21991,-0.107893266
21992,1.282601
21993,1.0560204
21994,1.116616
21995,0.4892879
21996,0.24596982
21997,0.13794908
21998,0.30294356
21999,0.1984875
22000,1.0334033
22001,1.3639348
22002,0.9581143
22003,1.252478
22004,1.033941
22005,1.1049274
22006,0.52651656
22007,0.026220854
22008,0.20932345
22009,-0.05033637
22010,-0.078792416
22011,0.47202834
22012,0.16574554
22013,0.06627216
22014,-0.013509514
22015,-0.21822195
22016,0.36869267
22017,-0.03412979
22018,-0.046447583
22019,1.4916465
22020,1.0238417
22021,0.4636289
22022,-0.03689734
22023,1.3841763
22024,-0.06825667
22025,-0.04518856
22026,1.4244593
22027,0.92059517
22028,-0.14680484
22029,0.46028695
22030,0.86174214
22031,0.43983585
22032,-0.0700332
22033,1.2829412
22034,0.8924243
22035,0.11574289
22036,-0.04605233
22037,-0.09209222
22038,0.92657286
22039,-0.011137864
22040,-0.25595117
22041,1.3163553
22042,1.5491865
22043,0.23879142
22044,0.1173156
22045,1.0554729
22046,0.9800818
22047,-0.1193661
22048,0.5881755
22049,1.3637346
22050,0.09076553
22051,-0.06292668
22052,-0.10476043
22053,0.09792417
22054,0.12168749
22055,1.1071454
22056,1.1085806
22057,0.46934935
22058,0.80282795
22059,1.4183023
22060,0.14015865
22061,0.81542146
22062,0.43858334
22063,0.07862856
22064,-0.044757687
22065,1.2328762
22066,1.2190129
22067,-0.023623263
22068,-0.100480355
22069,1.5190275
22070,0.8011401
22071,1.527518
22072,0.07948008
22073,-0.050857715
22074,1.0439798
22075,-0.056969352
22076,-0.06547684
22077,0.032192685
22078,0.08665792
22079,-0.053516537
22080,0.5349031
22081,0.8390234
22082,0.41012853
22083,0.1502685
22084,-0.0276916
22085,0.83868104
22086,1.670782
22087,0.9579271
22088,0.15526207
22089,1.2531722
22090,0.9992258
22091,0.07424178
22092,0.9475527
22093,1.5992271
22094,0.55821425
22095,0.18196163
22096,0.7942849
22097,-0.014328757
22098,0.36860237
22099,-0.066142954
22100,0.28896323
22101,0.08751771
22102,1.3027507
22103,-0.010245113
22104,1.382326
22105,-0.0041901115
22106,-0.13495126
22107,0.09447941
22108,0.4119094
22109,-0.050969154
22110,0.8754344
22111,1.1283227
22112,1.3078935
22113,1.1400907
22114,0.08971823
22115,0.8073833
22116,-0.11804446
22117,-0.05333016
22118,-0.043694474
22119,0.24922848
22120,1.046081
22121,1.1605209
22122,1.9371535
22123,1.7162552
22124,0.4533136
22125,-0.11448061
22126,0.7144009
22127,1.0724396
22128,0.27240235
22129,-0.107335635
22130,0.95903146
22131,1.0838516
22132,0.06661226
22133,1.3742561
22134,-0.12092409
22135,0.14874502
22136,-0.18242233
22137,-0.038062245
22138,-0.029497785
22139,-0.10179088
22140,-0.2624542
22141,0.31329152
22142,1.2171782
22143,0.1970037
22144,1.3504394
22145,0.40197602
22146,0.21278723
22147,1.1960199
22148,0.12014464
22149,0.5202517
22150,0.23401253
22151,-0.012943869
22152,1.1586773
22153,-0.12775968
22154,-0.09594811
22155,1.0671806
22156,0.115152344
22157,0.98484045
22158,0.8584166
22159,0.39290562
22160,0.33191156
22161,0.8159032
22162,0.28450552
22163,0.13587499
22164,0.1310487
22165,1.3577002
22166,1.2656025
22167,-0.13579205
22168,1.1357687
22169,1.6544788
22170,0.10847363
22171,-0.17467225
22172,1.0481695
22173,-0.064933404
22174,1.282997
22175,-0.098485924
22176,-0.18132237
22177,-0.056184903
22178,1.3292667
22179,-0.053765006
22180,-0.010011902
22181,-0.027576162
22182,0.3245384
22183,0.46711364
22184,1.2982959
22185,0.6448356
22186,0.5453113
22187,-0.051748917
22188,-0.05962395
22189,0.83800095
22190,0.41306797
22191,-0.04106147
22192,1.1476519
22193,0.85689986
22194,-0.10384367
22195,0.9788951
22196,0.13446249
22197,1.4416276
22198,1.5996517
22199,0.053732544
22200,-0.12634768
22201,-0.030936727
22202,0.13251123
22203,0.80681664
22204,1.0344056
22205,0.0381107
22206,0.4038101
22207,-0.13235988
22208,0.374553
22209,0.6958058
22210,-0.040562868
22211,1.0433371
22212,1.3397204
22213,1.5265768
22214,0.72467333
22215,0.1705465
22216,-0.10435646
22217,0.6001503
22218,0.3420228
22219,1.5247918
22220,0.22047263
22221,0.71150154
22222,1.0162001
22223,-0.0966006
22224,0.6931474
22225,1.2049103
22226,-0.08767472
22227,0.120098196
22228,1.0066828
22229,0.6579703
22230,1.1137867
22231,1.3892739
22232,0.09628237
22233,0.10803926
22234,0.3111121
22235,0.012807202
22236,1.1121398
22237,1.5450475
22238,1.5512366
22239,0.96562517
22240,-0.07182634
22241,-0.05081682
22242,1.2083154
22243,-0.06872327
22244,1.0948586
22245,0.6838949
22246,0.37319922
22247,0.12111421
22248,0.9764794
22249,-0.16748962
22250,0.7213485
22251,0.012549328
22252,0.31068262
22253,0.10726483
22254,0.2796105
22255,-0.091002524
22256,1.2004302
22257,-0.010348005
22258,0.20552453
22259,1.1077698
22260,0.74914795
22261,-0.12763178
22262,0.18740605
22263,0.54047996
22264,1.1000822
22265,0.85319996
22266,0.066790104
22267,0.16067964
22268,0.50705516
22269,0.78878796
22270,-0.12303195
22271,-0.0669885
22272,0.4546916
22273,1.481663
22274,-0.08674699
22275,0.5519416
22276,0.9593416
22277,0.12857452
22278,0.7140133
22279,0.6692384
22280,-0.24505338
22281,0.11533945
22282,0.46206218
22283,0.77936155
22284,0.02563848
22285,0.7690214
22286,1.1145259
22287,-0.05790393
22288,0.12673557
22289,1.3023497
22290,0.0935414
22291,-0.081796385
22292,-0.121618904
22293,-0.010229668
22294,-0.10105916
22295,1.2059448
22296,0.2731152
22297,-0.12320597
22298,0.22576226
22299,1.6360775
22300,1.2674705
22301,1.5993739
22302,-0.12654692
22303,-0.017125735
22304,0.58660764
22305,1.4342567
22306,0.812564
22307,0.63206035
22308,-0.12623608
22309,0.05365599
22310,-0.013469847
22311,-0.046491556
22312,0.19686885
22313,0.40966558
22314,1.5106863
22315,1.0474048
22316,0.40444428
22317,0.16255742
22318,0.05579796
22319,0.6533475
22320,0.4324287
22321,1.6772486
22322,0.62638265
22323,1.3302926
22324,0.05706806
22325,0.70034236
22326,1.1415917
22327,-0.15258631
22328,1.1187183
22329,1.2457103
22330,1.1120396
22331,0.20571758
22332,0.17461151
22333,0.939431
22334,1.2424386
22335,0.34642023
22336,0.7912064
22337,-0.049623385
22338,0.85068697
22339,-0.020429505
22340,0.25182948
22341,0.10399289
22342,1.4741231
22343,0.0052141063
22344,0.088542216
22345,0.044165682
22346,0.15045582
22347,0.96459615
22348,0.33572787
22349,-0.12923856
22350,1.3878541
22351,-0.2413801
22352,1.2091336
22353,1.527518
22354,1.1376836
22355,0.12277833
22356,0.82439125
22357,0.63134515
22358,0.34426138
22359,0.89149
22360,1.0790731
22361,-0.10820369
22362,0.21486863
22363,0.3584141
22364,0.8825366
22365,0.6123673
22366,0.82618046
22367,-0.09794641
22368,-0.060275316
22369,-0.12266896
22370,1.263076
22371,1.24581
22372,0.99236965
22373,0.11362189
22374,-0.10181845
22375,-0.11544811
22376,0.08235977
22377,0.8179982
22378,0.1637156
22379,1.2339374
22380,0.22725254
22381,1.0324948
22382,1.2716291
22383,1.2577598
22384,0.39158386
22385,1.3815701
22386,0.72804296
22387,1.3545392
22388,-0.21280713
22389,0.5872701
22390,-0.00553382
22391,0.17110473
22392,-0.20044006
22393,0.86073977
22394,0.066291325
22395,0.8981937
22396,-0.015743969
22397,0.8832522
22398,0.10856124
22399,1.4777396
22400,0.25180385
22401,0.61026794
22402,0.017275084
22403,0.9633249
22404,0.2207093
22405,1.0686146
22406,0.8995647
22407,1.4591838
22408,-0.06651639
22409,0.074732825
22410,-0.1414527
22411,0.57130224
22412,0.27123696
22413,-0.04651846
22414,1.3888824
22415,1.1320531
22416,-0.02659084
22417,0.8457852
22418,0.83243364
22419,0.90982896
22420,-0.044321947
22421,-0.13580051
22422,0.04711563
22423,-0.18424623
22424,0.042364158
22425,0.4995531
22426,0.06355966
22427,0.987644
22428,0.4975066
22429,-0.031606793
22430,0.16443709
22431,1.0811496
22432,1.1846561
22433,0.92303973
22434,1.4128458
22435,0.92702764
22436,0.014757447
22437,0.00079740025
22438,1.2715325
22439,-0.0037050378
22440,0.8180147
22441,1.4965996
22442,1.5131149
22443,0.11459386
22444,0.56748766
22445,0.021006994
22446,0.24311316
22447,0.8318221
22448,0.7417714
22449,1.1308361
22450,0.9896685
22451,1.5239881
22452,0.013987597
22453,0.062345892
22454,0.25717917
22455,1.4101108
22456,0.64538664
22457,-0.05304406
22458,0.20971861
22459,0.4761233
22460,0.11477345
22461,0.42661417
22462,0.105069876
22463,0.45140028
22464,-0.012295445
22465,0.9064279
22466,0.43357158
22467,1.0154344
22468,-0.065425776
22469,-0.064101495
22470,-0.0011692364
22471,1.5059308
22472,0.59290916
22473,0.43623403
22474,0.06918987
22475,0.63767475
22476,0.743998
22477,1.3618634
22478,1.5612932
22479,0.18019411
22480,1.5556942
22481,0.19116578
22482,1.1307489
22483,0.06363062
22484,-0.009776829
22485,0.014038522
22486,1.5373887
22487,0.0032168701
22488,-0.20102628
22489,0.45305517
22490,-0.05576858
22491,1.6357565
22492,-0.08310681
22493,0.023216251
22494,0.3153224
22495,-0.12211693
22496,-0.016824665
22497,0.056125306
22498,0.97820693
22499,-0.0688852
22500,0.3299578
22501,0.024559658
22502,1.1030163
22503,0.62816656
22504,-0.21001391
22505,0.13555549
22506,0.95836014
22507,1.1177456
22508,0.5655951
22509,0.10257112
22510,1.3380734
22511,-0.10764613
22512,0.54589444
22513,-0.052255265
22514,1.1403812
22515,-0.023561371
22516,0.43920285
22517,0.6843085
22518,-0.06765419
22519,1.5559566
22520,-0.10378417
22521,1.1410154
22522,1.5657831
22523,0.080762826
22524,1.3240303
22525,-0.010367041
22526,-0.032647744
22527,1.122673
22528,0.23615696
22529,0.7278642
22530,0.57091576
22531,0.11371388
22532,0.74735564
22533,0.5804022
22534,0.4838849
22535,-0.13788737
22536,-0.051868804
22537,0.4914848
22538,1.2618136
22539,0.08669912
22540,-0.18752402
22541,0.69356453
22542,0.034449875
22543,0.13787207
22544,1.396123
22545,0.046879355
22546,0.18096338
22547,1.5317732
22548,-0.09008263
22549,0.848093
22550,-0.09488415
22551,0.05974973
22552,-0.043942757
22553,-0.094421074
22554,1.2143914
22555,-0.124535225
22556,0.11561841
22557,1.2911344
22558,0.14240266
22559,1.0176398
22560,0.08954364
22561,0.12523466
22562,1.0495683
22563,1.4296477
22564,1.4121374
22565,-0.13241422
22566,-0.07443997
22567,-0.109549426
22568,0.8939467
22569,0.09816872
22570,-0.023558164
22571,1.0336931
22572,1.2411169
22573,1.4192638
22574,1.418424
22575,1.047637
22576,0.89396375
22577,-0.035178363
22578,1.1355475
22579,1.5559566
22580,0.17112988
22581,0.5545828
22582,1.2297589
22583,0.10766884
22584,-0.2518225
22585,1.2574363
22586,0.17094795
22587,1.1592296
22588,-0.12616843
22589,-0.06670428
22590,0.18190067
22591,1.5129069
22592,0.029465787
22593,0.08710457
22594,0.09082652
22595,0.28958532
22596,0.0838591
22597,0.80186355
22598,0.115698956
22599,0.25335047
22600,0.6719251
22601,0.85418886
22602,-0.015504492
22603,0.6393859
22604,0.37480253
22605,-0.10478269
22606,0.7827114
22607,0.010535529
22608,0.14219722
22609,0.07173977
22610,0.9342947
22611,1.3090205
22612,0.09726749
22613,1.703214
22614,1.3803835
22615,1.0479267
22616,0.27262834
22617,0.17850624
22618,0.50319284
22619,1.3318193
22620,0.04063623
22621,0.81649315
22622,0.7313128
22623,0.12607774
22624,-0.03701289
22625,1.5259248
22626,0.11139899
22627,-0.1832757
22628,1.3341694
22629,0.23303159
22630,0.9675538
22631,-0.01687914
22632,1.0352367
22633,-0.17967695
22634,0.20249344
22635,-0.072066925
22636,1.1337886
22637,0.60335916
22638,0.6743226
22639,0.21254233
22640,0.13859862
22641,-0.0039719846
22642,1.0352609
22643,-0.1190869
22644,-0.09151278
22645,1.58567
22646,0.15446499
22647,1.5559566
22648,0.47578257
22649,0.8600949
22650,0.7540997
22651,1.5886494
22652,0.18136741
22653,1.481673
22654,0.74333364
22655,1.1347191
22656,-0.07686778
22657,0.9234767
22658,0.19139998
22659,-0.06143085
22660,-0.026838494
22661,1.3488951
22662,1.8340786
22663,0.82267725
22664,0.13019463
22665,0.35245904
22666,1.4199442
22667,-0.06526869
22668,0.0031896494
22669,1.1731728
22670,-0.02920665
22671,0.93261
22672,0.5696004
22673,0.73701566
22674,0.34510627
22675,0.36009935
22676,1.1427627
22677,0.552786
22678,0.016539136
22679,0.083438955
22680,-0.10943899
22681,0.6253417
22682,-0.016860811
22683,-0.17945068
22684,1.0399126
22685,-0.10489453
22686,0.2810577
22687,0.10440863
22688,0.33820227
22689,0.6132415
22690,0.24508965
22691,0.36542448
22692,1.417551
22693,0.09338527
22694,0.17139839
22695,0.09419942
22696,1.0521723
22697,0.47599733
22698,0.7187469
22699,0.39726883
22700,0.3314493
22701,1.0967057
22702,-0.09145296
22703,-0.056471407
22704,0.035931334
22705,0.42334008
22706,0.11387055
22707,0.7234661
22708,0.9871232
22709,0.50606734
22710,0.14127412
22711,0.14412995
22712,0.13792716
22713,1.2560269
22714,0.8005784
22715,0.24233954
22716,0.96682996
22717,-0.12477509
22718,0.22555467
22719,0.5049972
22720,0.122750066
22721,-0.23657891
22722,0.9259932
22723,-0.014479315
22724,-0.077312954
22725,-0.13035992
22726,0.027330033
22727,-0.06600201
22728,-0.11602738
22729,1.443279
22730,0.79222023
22731,-0.0627745
22732,1.0227538
22733,1.1797204
22734,1.0000974
22735,-0.039526574
22736,1.4299166
22737,0.4642929
22738,0.02590378
22739,0.14659189
22740,-0.030392515
22741,1.647624
22742,-0.13822854
22743,0.29830348
22744,-0.03251251
22745,1.3072877
22746,1.2474061
22747,0.44490594
22748,0.0056631733
22749,0.6167034
22750,0.95590186
22751,-0.0653318
22752,-0.07117267
22753,1.0505079
22754,0.32326695
22755,1.1278319
22756,0.47685766
22757,-0.14002699
22758,1.2376219
22759,1.4755335
22760,0.066888265
22761,1.3593311
22762,0.38132522
22763,0.0934667
22764,-0.0825904
22765,0.36951202
22766,0.3624488
22767,-0.07657261
22768,0.22971934
22769,0.6584197
22770,0.15411206
22771,-0.08692118
22772,1.4472151
22773,0.009021586
22774,0.40475804
22775,-0.034054697
22776,0.22084837
22777,0.92483383
22778,-0.16084248
22779,0.95469075
22780,1.1260455
22781,-0.0941719
22782,0.8524567
22783,0.36384955
22784,0.8936864
22785,0.22357865
22786,-0.009773677
22787,-0.00773724
22788,0.30475515
22789,1.4219153
22790,0.82123274
22791,0.069096014
22792,1.4976425
22793,0.45013526
22794,0.19015402
22795,1.3996044
22796,1.3979864
22797,0.069859914
22798,-0.03314673
22799,0.97024596
22800,0.26126486
22801,1.310742
22802,0.7070401
22803,1.3789576
22804,0.050774124
22805,0.41159922
22806,1.0945411
22807,-0.1031866
22808,0.4126576
22809,1.4600414
22810,-0.07507674
22811,0.30869943
22812,-0.18944292
22813,1.2958792
22814,-0.08769176
22815,0.509287
22816,0.10350542
22817,-0.020625172
22818,1.5559566
22819,0.3164128
22820,0.48923254
22821,1.0783479
22822,0.42699078
22823,-0.013656041
22824,1.2123078
22825,0.0398395
22826,-0.07960862
22827,1.0005404
22828,0.66291785
22829,0.756892
22830,-0.03863862
22831,0.95754284
22832,-0.10334133
22833,0.069872096
22834,0.0036150105
22835,-0.031858407
22836,0.5478476
22837,0.836416
22838,0.8085091
22839,1.2178624
22840,1.2785729
22841,1.0974202
22842,1.0803502
22843,0.82385963
22844,1.3625828
22845,0.07016785
22846,1.3071134
22847,0.52089965
22848,-0.07261321
22849,0.19841495
22850,0.22002468
22851,-0.035215653
22852,1.3939351
22853,0.42122704
22854,1.5579997
22855,0.10688078
22856,0.11444528
22857,0.05181215
22858,0.12258713
22859,-0.013321871
22860,0.10505266
22861,0.80151254
22862,0.46945053
22863,0.5473488
22864,0.091883406
22865,0.119059965
22866,0.45886812
22867,0.70405865
22868,0.70303285
22869,-0.1110485
22870,0.5977985
22871,0.6001503
22872,-0.07611498
22873,-0.2081061
22874,-0.16129541
22875,0.43169457
22876,0.5798464
22877,0.054675005
22878,-0.13451034
22879,1.3254396
22880,1.2787836
22881,0.083390385
22882,0.4667167
22883,-0.076439045
22884,0.8324338
22885,0.02046261
22886,0.134858
22887,0.10123605
22888,0.24845308
22889,0.022981424
22890,1.0821704
22891,1.3821139
22892,0.6497179
22893,-0.06828484
22894,1.1068945
22895,1.4106774
22896,0.14469834
22897,0.9104291
22898,-0.10015357
22899,0.47182658
22900,0.65131795
22901,0.12563336
22902,0.3892351
22903,0.25524285
22904,0.12031566
22905,0.3678802
22906,0.18378893
22907,1.3014684
22908,1.2192115
22909,0.004386464
22910,1.0700971
22911,0.42478845
22912,0.24668072
22913,0.65764785
22914,1.4010962
22915,-0.050345443
22916,-0.038353905
22917,1.7259227
22918,-0.120245464
22919,1.2038249
22920,0.84298885
22921,0.7866814
22922,0.23902294
22923,0.86158454
22924,-0.10134042
22925,1.2874354
22926,1.1495248
22927,1.3727827
22928,0.635466
22929,0.61595356
22930,1.400575
22931,0.34331313
22932,0.9429928
22933,0.44573814
22934,1.2126353
22935,0.95831156
22936,0.91338515
22937,0.4721954
22938,0.9257295
22939,0.06113361
22940,0.21043149
22941,-0.013979921
22942,0.805364
22943,0.83961713
22944,0.0458315
22945,1.647624
22946,0.22058487
22947,-0.08743429
22948,1.3958251
22949,1.5559566
22950,0.36104584
22951,1.2668889
22952,0.0011082422
22953,-0.11921544
22954,0.88924223
22955,-0.14637944
22956,1.224586
22957,-0.067791104
22958,0.12654017
22959,1.5433307
22960,1.3614562
22961,0.63194627
22962,-0.14531103
22963,0.06396613
22964,0.041384324
22965,1.0102606
22966,1.0553138
22967,-0.22392869
22968,0.03688988
22969,-0.108882464
22970,1.4636765
22971,0.043361343
22972,0.72373956
22973,1.4486252
22974,0.68782187
22975,-0.05710738
22976,-0.025173092
22977,0.039131965
22978,-0.09857976
22979,0.026970778
22980,0.81842315
22981,0.22134936
22982,0.6773761
22983,1.1364015
22984,-0.10213918
22985,-0.16909097
22986,1.1991904
22987,0.61913943
22988,0.1618448
22989,1.4824005
22990,0.8723794
22991,0.49594033
22992,-0.07209136
22993,-0.061739825
22994,0.86155874
22995,1.3310395
22996,1.5251286
22997,1.4931825
22998,0.60484195
22999,1.0195646
23000,-0.09332699
23001,0.15845127
23002,0.33799827
23003,0.98583627
23004,0.88950646
23005,1.0704172
23006,0.91326773
23007,0.9502871
23008,-0.18749155
23009,0.15899484
23010,0.091198154
23011,0.73137367
23012,1.865566
23013,0.17695984
23014,1.0808903
23015,1.3733
23016,0.9562572
23017,-0.056413926
23018,0.124004886
23019,0.08943633
23020,-0.02797457
23021,1.4962902
23022,-0.0007260032
23023,-0.24432108
23024,1.1632764
23025,0.08672607
23026,1.5301548
23027,0.14952496
23028,0.13435365
23029,0.12562996
23030,-0.0005169548
23031,0.13978328
23032,0.9025614
23033,0.14770485
23034,0.07628831
23035,0.4533718
23036,1.4257851
23037,1.0526634
23038,0.047902543
23039,0.037994653
23040,0.98277026
23041,0.19082156
23042,1.1763681
23043,-0.0144718345
23044,0.6839045
23045,0.4991612
23046,0.71072376
23047,0.12237962
23048,1.233915
23049,0.14661767
23050,-0.120988764
23051,1.1807811
23052,0.4858421
23053,0.20476112
23054,0.0031150226
23055,1.4388238
23056,1.0592968
23057,1.5559566
23058,1.5550736
23059,-0.09904558
23060,0.21994434
23061,-0.08207936
23062,-0.046018943
23063,0.14904888
23064,0.8420647
23065,1.3422974
23066,0.7479686
23067,0.08229915
23068,-0.0060174856
23069,-0.05692304
23070,0.9511396
23071,-0.11267764
23072,0.9573533
23073,1.7031182
23074,-0.045368053
23075,-0.019031009
23076,0.13870834
23077,-0.16701809
23078,0.20505801
23079,-0.11982269
23080,0.025737224
23081,1.0883601
23082,-0.13764119
23083,-0.06813203
23084,-0.11182045
23085,0.223202
23086,1.5864314
23087,0.42750502
23088,-0.030675633
23089,0.33065194
23090,-0.23482215
23091,1.4183267
23092,-0.1174356
23093,0.3052508
23094,-0.034323707
23095,0.26259187
23096,0.45062387
23097,-0.052650012
23098,1.6180547
23099,0.042750984
23100,0.07506301
23101,1.1569846
23102,0.047675245
23103,-0.11276891
23104,-0.109328546
23105,0.13934799
23106,0.40769732
23107,0.06423133
23108,1.4739298
23109,0.49329242
23110,-0.08514073
23111,0.15233444
23112,0.3573294
23113,0.25628936
23114,1.20671
23115,0.8433101
23116,0.15210576
23117,0.17719549
23118,1.2216557
23119,1.1792847
23120,-0.05366847
23121,1.5907286
23122,0.06892112
23123,0.6854351
23124,0.085228525
23125,-0.100509934
23126,-0.017622052
23127,-0.029843917
23128,1.9373026
23129,0.6247317
23130,1.2854426
23131,0.16919234
23132,0.45515126
23133,-0.030396292
23134,0.9375903
23135,1.0160425
23136,0.20673606
23137,1.4798926
23138,0.76673186
23139,0.20968422
23140,1.4243722
23141,0.20079523
23142,-0.04408957
23143,1.3796688
23144,0.18803303
23145,0.32280996
23146,-0.029748553
23147,0.042948887
23148,1.6342531
23149,-0.08266326
23150,0.1399555
23151,0.9493289
23152,0.6529315
23153,1.454604
23154,0.8761262
23155,-0.1302105
23156,1.4439764
23157,1.0879111
23158,0.031656317
23159,-0.04122848
23160,-0.09498486
23161,0.031896643
23162,0.025640827
23163,0.52992177
23164,0.089822166
23165,0.74535906
23166,0.2801188
23167,0.05814467
23168,0.9090409
23169,-0.04472655
23170,1.4818176
23171,0.19839552
23172,0.099618025
23173,-0.2018943
23174,0.33312252
23175,0.30416822
23176,0.68246615
23177,0.70179665
23178,0.5407386
23179,1.1789716
23180,-0.11971968
23181,-0.08402731
23182,-0.056204148
23183,0.62856036
23184,-0.12581322
23185,0.05094835
23186,0.93146354
23187,0.96251667
23188,0.7314649
23189,0.8698564
23190,0.6780659
23191,0.0582812
23192,0.0018288493
23193,0.54727006
23194,1.8435752
23195,0.009468915
23196,0.047850057
23197,0.06022048
23198,0.15557031
23199,0.07252514
23200,-0.033408426
23201,-0.07224844
23202,0.08037907
23203,0.15906611
23204,1.0386336
23205,-0.053090274
23206,1.2952496
23207,-0.08319022
23208,-0.07625067
23209,0.86229646
23210,0.15300709
23211,-0.11306568
23212,0.011954503
23213,1.4239434
23214,0.034410898
23215,0.17452882
23216,0.4370243
23217,0.79673856
23218,-0.14116476
23219,-0.029354556
23220,-0.14703158
23221,1.3472247
23222,0.21647868
23223,1.2237635
23224,0.41732863
23225,1.0176398
23226,0.2688507
23227,-0.00870504
23228,1.1853584
23229,1.8305174
23230,1.3397204
23231,0.2877928
23232,0.40220922
23233,0.20018491
23234,0.15677294
23235,0.40382135
23236,-0.16916868
23237,0.53024286
23238,0.89277995
23239,0.24834187
23240,1.169587
23241,0.38922656
23242,0.19173244
23243,0.70196503
23244,-0.07679003
23245,0.21203737
23246,0.70146066
23247,0.61759645
23248,0.8048369
23249,1.9173957
23250,-0.1403036
23251,0.031769346
23252,-0.07258719
23253,0.06381657
23254,0.43792862
23255,1.4707325
23256,-0.06015089
23257,0.08649387
23258,0.16440779
23259,0.28879884
23260,-0.04067477
23261,0.3849342
23262,0.8493691
23263,0.020363357
23264,1.2253234
23265,0.83035904
23266,-0.021026341
23267,0.6766346
23268,1.5559566
23269,0.045120165
23270,0.036999065
23271,0.04077827
23272,0.37873247
23273,1.2152475
23274,0.4479511
23275,-0.17371427
23276,0.13646223
23277,1.217286
23278,0.52764314
23279,-0.12916802
23280,1.116906
23281,0.2647211
23282,0.36517447
23283,0.7975919
23284,0.332614
23285,0.02328182
23286,1.0620497
23287,-0.105122514
23288,-0.020302592
23289,1.1779304
23290,0.6032975
23291,0.2876953
23292,-0.0239384
23293,0.81355524
23294,-0.069946095
23295,1.1599159
23296,0.21803862
23297,-0.024466956
23298,-0.053969294
23299,0.7466553
23300,0.24999925
23301,0.9662234
23302,1.4312549
23303,-0.08358796
23304,1.1671935
23305,1.4843681
23306,1.1860379
23307,0.75930357
23308,-0.08333716
23309,0.17589785
23310,0.028310232
23311,0.12946789
23312,0.5604132
23313,1.5554826
23314,0.66431916
23315,0.18773103
23316,0.8498904
23317,-0.10216158
23318,1.5449158
23319,0.13107745
23320,1.2465438
23321,-0.032208465
23322,-0.09468132
23323,0.15254295
23324,1.3745917
23325,1.2902998
23326,0.7771868
23327,0.79085475
23328,1.4048346
23329,0.45609277
23330,0.12209187
23331,0.8009846
23332,1.0304345
23333,0.032889534
23334,-0.058100663
23335,0.5360672
23336,-0.039677225
23337,-0.10114031
23338,1.5001038
23339,0.098564565
23340,-0.12118364
23341,0.00035643764
23342,0.3484894
23343,0.93189305
23344,1.2441777
23345,1.5559566
23346,0.14779395
23347,0.8481551
23348,-0.12306229
23349,0.31233636
23350,-0.058803923
23351,0.94854563
23352,0.3774222
23353,1.261678
23354,0.8213051
23355,0.94251055
23356,0.02470725
23357,1.3651706
23358,-0.044166245
23359,0.6838949
23360,0.06968684
23361,0.9616107
23362,0.6189594
23363,0.009698918
23364,0.16000362
23365,-0.07611888
23366,0.7329393
23367,0.8968792
23368,1.2770188
23369,1.000092
23370,-0.017487654
23371,0.099249944
23372,0.45135918
23373,1.233716
23374,0.4551946
23375,1.500386
23376,1.5504916
23377,-0.106147714
23378,0.17875063
23379,1.0068308
23380,1.2449447
23381,1.0513213
23382,0.42046824
23383,1.5559566
23384,-0.09106779
23385,1.5559566
23386,0.34170717
23387,0.20551132
23388,1.124253
23389,-0.15510875
23390,1.233799
23391,0.840037
23392,-0.0060970243
23393,0.6900969
23394,0.7750021
23395,0.076828994
23396,-0.1178763
23397,1.3718418
23398,0.76891845
23399,1.3204658
23400,1.2898444
23401,-0.10510572
23402,0.68116605
23403,1.5273851
23404,0.58196265
23405,0.021451127
23406,-0.012419792
23407,0.27395722
23408,0.91606843
23409,0.7998747
23410,1.3157767
23411,1.7752844
23412,-0.2139764
23413,-0.025214253
23414,0.20390683
23415,1.3962058
23416,-0.11759334
23417,0.14967631
23418,0.8692029
23419,0.34387138
23420,-0.14027779
23421,0.00690219
23422,1.069064
23423,1.3197125
23424,1.4081192
23425,1.2149342
23426,0.5268494
23427,0.06671926
23428,1.1812195
23429,1.3807772
23430,-0.049387172
23431,1.2839311
23432,0.6418254
23433,1.3305767
23434,1.0980452
23435,0.007917119
23436,1.4632764
23437,0.88266987
23438,0.054609116
23439,0.6886299
23440,1.4432026
23441,-0.06261478
23442,1.5572542
23443,0.62605256
23444,-0.04715746
23445,1.5312234
23446,0.9000177
23447,-0.06202405
23448,-0.11045992
23449,-0.008828646
23450,0.87413675
23451,0.01921669
23452,0.55688757
23453,0.25567865
23454,0.5823526
23455,-0.11686333
23456,1.1463485
23457,0.45693198
23458,0.082184575
23459,1.5794594
23460,1.6224712
23461,-0.040974773
23462,-0.10152473
23463,0.88524777
23464,0.94488597
23465,1.1243126
23466,-0.07499734
23467,0.9947386
23468,0.99334604
23469,-0.090031765
23470,0.025788069
23471,0.6677631
23472,0.8780157
23473,1.462046
23474,0.1667957
23475,0.41090223
23476,1.1467875
23477,0.5515612
23478,0.98759
23479,0.15426762
23480,1.1461469
23481,1.6436166
23482,1.2056453
23483,0.0017383136
23484,0.2637251
23485,1.0852429
23486,-0.043459788
23487,0.66042167
23488,0.75987977
23489,1.1448296
23490,0.18530047
23491,0.1079461
23492,0.2817099
23493,0.073757276
23494,1.0065795
23495,1.3637346
23496,0.8366399
23497,-0.051803105
23498,0.047638513
23499,0.19210887
23500,1.2868727
23501,-0.014506144
23502,0.71059054
23503,-0.096463814
23504,1.0598285
23505,0.59365946
23506,0.6759754
23507,0.2725409
23508,-0.08024052
23509,0.90351534
23510,-0.12130196
23511,0.9786859
23512,-0.071889564
23513,0.82818294
23514,0.119251415
23515,-0.21562307
23516,-0.122681
23517,0.7308633
23518,-0.21856233
23519,-0.19452083
23520,0.08829804
23521,1.0584648
23522,0.5550586
23523,1.324764
23524,0.27959275
23525,0.67556894
23526,-0.021700656
23527,-0.20487957
23528,0.8979567
23529,1.6746587
23530,0.056288704
23531,1.135312
23532,0.04055572
23533,0.64026064
23534,1.4204394
23535,-0.037731312
23536,1.1681983
23537,0.94274795
23538,-0.06893644
23539,-0.22186011
23540,0.16055825
23541,0.64892375
23542,-0.1102232
23543,-0.094358124
23544,0.18672203
23545,1.1982852
23546,-0.18983775
23547,-0.015490862
23548,0.83354324
23549,1.3611507
23550,0.32826638
23551,1.1922342
23552,1.3382808
23553,1.5597483
23554,-0.040777303
23555,0.7405387
23556,-0.026804997
23557,0.5918992
23558,1.3298209
23559,0.6526785
23560,-0.14082691
23561,-0.14988331
23562,0.28860712
23563,-0.20896696
23564,0.2863039
23565,0.9872657
23566,-0.10804231
23567,0.18598227
23568,0.993505
23569,0.9347267
23570,0.046453647
23571,0.040822353
23572,0.5311421
23573,0.22323231
23574,1.4054797
23575,1.4965234
23576,0.87516576
23577,-0.14063111
23578,0.2883555
23579,1.7025105
23580,-0.10419709
23581,0.07517298
23582,0.26272348
23583,0.10988221
23584,1.2077543
23585,0.055904448
23586,0.12574013
23587,0.28976095
23588,0.8090879
23589,0.37730435
23590,-0.035824463
23591,0.059197307
23592,-0.028230073
23593,0.7122459
23594,0.8813659
23595,1.2465641
23596,0.5664269
23597,-0.11118812
23598,-0.04076971
23599,1.0620046
23600,0.093433596
23601,0.9093911
23602,0.23806457
23603,-0.020304615
23604,1.3900188
23605,0.03940334
23606,-0.036230743
23607,-0.1970164
23608,-0.12759556
23609,-0.0034984816
23610,1.0570747
23611,-0.1225261
23612,-0.09648678
23613,0.08451669
23614,0.0876391
23615,0.5278179
23616,0.057161074
23617,0.76022696
23618,0.36552364
23619,1.5242566
23620,1.6203068
23621,1.0412636
23622,0.61763114
23623,-0.010536527
23624,-0.09589431
23625,0.12030968
23626,0.12399309
23627,0.9929262
23628,0.07176318
23629,-0.05131571
23630,0.40455094
23631,0.6926229
23632,0.17698711
23633,-0.06670408
23634,0.05827914
23635,0.728735
23636,-0.08261161
23637,0.11415088
23638,0.4557135
23639,-0.21531291
23640,0.38044015
23641,-0.055599824
23642,0.15361118
23643,0.44840598
23644,-0.044089943
23645,1.479348
23646,1.343309
23647,0.046433035
23648,1.0390214
23649,1.5559566
23650,0.017217297
23651,-0.12088133
23652,0.0570293
23653,1.5012547
23654,0.6626465
23655,0.3006377
23656,-0.16942635
23657,0.25613987
23658,-0.015394008
23659,-0.06970467
23660,0.28214243
23661,1.4523679
23662,0.8126708
23663,-0.14063606
23664,0.17654495
23665,0.07470855
23666,-0.0718796
23667,0.34995407
23668,0.079857185
23669,0.18115717
23670,0.90870106
23671,1.0159978
23672,0.33406565
23673,0.039134912
23674,-0.11128382
23675,0.77514315
23676,1.6255544
23677,0.92385733
23678,1.5559566
23679,0.42735666
23680,1.2028127
23681,0.099621385
23682,0.083869845
23683,-0.09271156
23684,1.3037027
23685,-0.113162465
23686,0.974809
23687,0.11642133
23688,1.4903356
23689,1.013165
23690,0.06229478
23691,-0.044717483
23692,1.5559566
23693,-0.03193357
23694,-0.09022138
23695,0.17116258
23696,-0.06598989
23697,-0.16542941
23698,-0.1014738
23699,0.053092025
23700,1.5559566
23701,-0.078162685
23702,1.1686416
23703,0.4106293
23704,1.3010266
23705,0.9832912
23706,0.8069119
23707,-0.027142042
23708,0.020987172
23709,0.31457636
23710,0.0081035625
23711,0.7737864
23712,0.6107888
23713,0.23713005
23714,0.64160675
23715,0.19809318
23716,1.3254938
23717,-0.09014546
23718,1.0266795
23719,1.1683886
23720,0.10960209
23721,0.97812855
23722,1.4788982
23723,0.4324923
23724,1.2707357
23725,0.12404597
23726,0.3347997
23727,1.7032448
23728,1.6445878
23729,0.0058611985
23730,0.03256929
23731,0.010670215
23732,-0.12316402
23733,1.3181704
23734,-0.15643147
23735,1.2874966
23736,1.2797294
23737,0.12933804
23738,-0.06265876
23739,-0.0748965
23740,0.019004308
23741,1.1336347
23742,1.5083612
23743,1.007936
23744,0.22462732
23745,0.5103847
23746,-0.008839102
23747,1.1796447
23748,1.3439438
23749,-0.15337953
23750,0.8347251
23751,1.5292225
23752,0.011063682
23753,0.05059713
23754,1.2267798
23755,0.08809646
23756,-0.16978377
23757,0.72812337
23758,0.64547473
23759,-0.043796614
23760,-0.0073483866
23761,1.2187496
23762,0.03347159
23763,0.11436174
23764,1.4222821
23765,1.4956422
23766,1.4258099
23767,0.30084532
23768,0.12354102
23769,1.3898026
23770,-0.046689577
23771,0.0157656
23772,-0.015155336
23773,-0.07620407
23774,1.8113984
23775,0.6421667
23776,-0.11836984
23777,-0.119936116
23778,1.1027274
23779,0.104368895
23780,-0.08952171
23781,-0.07227879
23782,0.35902464
23783,0.8104315
23784,1.056266
23785,0.15446739
23786,-0.21322897
23787,0.9707959
23788,0.34229648
23789,1.225732
23790,0.3266845
23791,1.0308324
23792,-0.034970842
23793,0.10964872
23794,0.26271823
23795,0.9562
23796,0.040166833
23797,0.081356086
23798,1.5559566
23799,0.35626942
23800,0.054795623
23801,0.06434908
23802,0.7216255
23803,0.056404464
23804,0.0010422822
23805,-0.15239869
23806,0.5390977
23807,-0.026916599
23808,-0.008510733
23809,-0.025782546
23810,0.059069533
23811,-0.05782824
23812,-0.05307933
23813,1.4607648
23814,1.0457994
23815,1.147924
23816,0.93352675
23817,0.35823783
23818,0.5505867
23819,0.9555541
23820,1.1787503
23821,1.1406274
23822,1.4779205
23823,1.184835
23824,0.55324453
23825,1.5738089
23826,0.071219355
23827,0.5813697
23828,1.5000697
23829,1.2051903
23830,0.57443625
23831,0.6900607
23832,-0.16604607
23833,-0.11260437
23834,1.1153921
23835,1.2056521
23836,1.6805128
23837,0.75848556
23838,-0.030306587
23839,0.04837245
23840,1.3484014
23841,1.2744148
23842,0.87468565
23843,1.6162016
23844,1.5385838
23845,0.22037728
23846,0.07709477
23847,1.4268987
23848,-0.014723739
23849,1.3443282
23850,-0.11316521
23851,0.5383921
23852,-0.05538404
23853,-0.085955754
23854,-0.024050353
23855,1.0574719
23856,0.22942293
23857,0.07664449
23858,-0.09907741
23859,1.0996395
23860,0.04197123
23861,0.023466736
23862,1.5531572
23863,1.4471071
23864,0.1912398
23865,1.0334209
23866,0.96924543
23867,0.0073816795
23868,0.94245076
23869,-0.062547415
23870,0.4845676
23871,-0.0512183
23872,1.2442211
23873,0.8588877
23874,0.4883519
23875,-0.21997567
23876,-0.08049313
23877,0.6168159
23878,0.9196366
23879,0.8783399
23880,-0.04132709
23881,1.020371
23882,1.0137421
23883,0.5382109
23884,0.6030854
23885,1.1876962
23886,0.2993298
23887,0.076230966
23888,0.28268027
23889,1.5525303
23890,1.5503515
23891,-0.027426722
23892,0.92966795
23893,0.7585056
23894,0.7293366
23895,-0.04690846
23896,0.8261504
23897,1.4917015
23898,0.07050807
23899,0.062449865
23900,-0.15976422
23901,-0.1357877
23902,0.15354799
23903,0.6034159
23904,-0.13112466
23905,-0.08486821
23906,0.909549
23907,1.4969813
23908,0.5572631
23909,0.80951095
23910,-0.10275043
23911,-0.03484384
23912,0.5106057
23913,0.87402886
23914,1.06464
23915,0.4845486
23916,0.15477034
23917,0.63315403
23918,0.4896124
23919,0.45922
23920,0.030021142
23921,0.669591
23922,-0.13538505
23923,1.5728918
23924,0.057078622
23925,0.9560008
23926,0.23211756
23927,1.025159
23928,1.5937592
23929,0.9558871
23930,0.2156793
23931,0.013419549
23932,0.13573916
23933,0.9316826
23934,-0.091677085
23935,0.17630991
23936,0.8091928
23937,0.34428182
23938,0.07242048
23939,1.0128398
23940,0.10468554
23941,-0.13971016
23942,0.68621343
23943,-0.17896628
23944,-0.08738292
23945,0.44362733
23946,1.3114924
23947,0.9261939
23948,1.3050526
23949,-0.17257243
23950,-0.1291484
23951,0.34725994
23952,0.45688093
23953,0.35020497
23954,0.9901677
23955,-0.13872752
23956,0.026354078
23957,0.09357086
23958,0.73635656
23959,0.8253806
23960,0.0701133
23961,0.70300317
23962,1.3401971
23963,0.6272163
23964,-0.0987281
23965,0.22480375
23966,0.017752513
23967,0.76118106
23968,0.5095976
23969,-0.1974826
23970,1.514974
23971,1.4352214
23972,0.23987173
23973,-0.096049555
23974,1.2336961
23975,0.09621079
23976,0.5125329
23977,0.70732087
23978,0.9039728
23979,0.038908362
23980,-0.06992062
23981,0.043389343
23982,0.7474614
23983,-0.16218288
23984,0.16210866
23985,0.84336084
23986,1.3751622
23987,1.076546
23988,1.4824209
23989,0.17693672
23990,0.21303825
23991,0.005937908
23992,-0.13270034
23993,1.2664093
23994,-0.15605585
23995,1.5890161
23996,1.2869457
23997,0.4982152
23998,0.346677
23999,-0.16800316
24000,0.07808014
24001,-0.08487805
24002,-0.14803869
24003,-0.0055921953
24004,0.4147739
24005,0.118265025
24006,0.021294028
24007,1.1084685
24008,1.5047396
24009,0.6919124
24010,0.39625648
24011,1.1299889
24012,-0.10951022
24013,0.7032772
24014,0.013185975
24015,0.7544417
24016,0.3972937
24017,1.4334278
24018,0.14835179
24019,0.12224457
24020,0.08450602
24021,1.2787757
24022,1.6394403
24023,1.5559566
24024,-0.031412967
24025,0.10644245
24026,0.127835
24027,0.73460525
24028,0.12933394
24029,-0.081434965
24030,0.20903441
24031,0.8423803
24032,0.5448121
24033,0.15726668
24034,0.12988083
24035,0.5686856
24036,1.2741703
24037,-0.03133329
24038,-0.05325342
24039,0.84501094
24040,-0.026106717
24041,0.8590077
24042,1.1211386
24043,0.84023863
24044,-0.12979013
24045,0.04907684
24046,-0.09385399
24047,0.23563248
24048,0.4473636
24049,1.1475165
24050,0.3318678
24051,1.3304243
24052,0.5269412
24053,-0.0012946334
24054,-0.08592457
24055,0.92297316
24056,0.51151156
24057,0.25940138
24058,0.41401172
24059,-0.08087907
24060,0.9488183
24061,1.4100248
24062,0.3884887
24063,-0.11373731
24064,0.48182243
24065,0.4346286
24066,0.083426766
24067,-0.08775722
24068,0.2096495
24069,1.5337445
24070,1.0696676
24071,-0.066600874
24072,-0.18625498
24073,0.39201614
24074,-0.21320161
24075,-0.0263127
24076,-0.083891615
24077,0.9481811
24078,0.03478315
24079,1.2293314
24080,0.66005445
24081,-0.057851136
24082,0.2845536
24083,1.3637346
24084,-0.24686867
24085,0.011742776
24086,0.22097309
24087,0.4935978
24088,-0.07460368
24089,-0.04996098
24090,1.6687696
24091,1.5503515
24092,-0.1833844
24093,-0.06755479
24094,1.419892
24095,0.027268725
24096,1.3372664
24097,0.11031632
24098,1.2883363
24099,-0.07345877
24100,0.20873794
24101,0.29523054
24102,0.0763146
24103,0.032630306
24104,0.075447686
24105,-0.05185101
24106,1.3896751
24107,0.3559266
24108,0.11706206
24109,1.1136538
24110,0.26170403
24111,1.7025105
24112,0.4581749
24113,-0.15961841
24114,0.12445265
24115,-0.04852871
24116,-0.11427795
24117,0.060694784
24118,0.4213503
24119,1.4189092
24120,-0.07571868
24121,-0.12124666
24122,0.7677255
24123,0.8928322
24124,0.6679597
24125,0.17250903
24126,1.3347373
24127,0.04942528
24128,1.5336832
24129,0.40021202
24130,0.69564563
24131,0.6980318
24132,0.03462598
24133,-0.02552913
24134,0.08361763
24135,0.7616384
24136,-0.067316286
24137,0.9193961
24138,0.75628394
24139,0.06083025
24140,0.30473378
24141,0.17704926
24142,-0.024646597
24143,0.7925715
24144,0.18087257
24145,0.23095584
24146,0.8476837
24147,0.54321945
24148,-0.16180395
24149,1.5704699
24150,1.0241935
24151,0.7219543
24152,0.35717845
24153,-0.025484314
24154,1.4485409
24155,0.2822
24156,0.6950664
24157,1.4307498
24158,0.41842744
24159,1.4484656
24160,1.5550736
24161,0.8720547
24162,-0.07570358
24163,0.002646152
24164,0.7130652
24165,-0.1173683
24166,0.21535923
24167,0.9508598
24168,0.099280365
24169,0.09975085
24170,1.4050342
24171,0.8492782
24172,-0.004409721
24173,-0.057400815
24174,0.44320932
24175,0.855963
24176,0.4741488
24177,1.3678437
24178,0.13155402
24179,0.13804333
24180,0.38657948
24181,0.3086517
24182,1.0153124
24183,0.46753174
24184,-0.12330585
24185,1.0964011
24186,1.5778129
24187,1.2038605
24188,0.25179338
24189,0.76511925
24190,1.5559566
24191,0.8653168
24192,-0.039050013
24193,-0.009710042
24194,0.15031692
24195,0.09750486
24196,0.6032159
24197,0.75103277
24198,-0.016577313
24199,-0.025889052
24200,1.1272596
24201,0.81409335
24202,-0.08222921
24203,0.03130566
24204,0.029552868
24205,0.006027758
24206,0.4310771
24207,-0.14908445
24208,-0.075029165
24209,1.3511906
24210,0.7503347
24211,0.81779546
24212,0.8416811
24213,-0.031806715
24214,0.5080424
24215,0.00055244006
24216,0.8867689
24217,0.3066474
24218,1.2485597
24219,0.07705616
24220,1.6627356
24221,0.8522448
24222,-0.09452494
24223,-0.1395495
24224,0.32368636
24225,-0.049762033
24226,0.3798266
24227,0.014724142
24228,-0.11473263
24229,0.22951174
24230,0.8473841
24231,1.527518
24232,0.2431348
24233,-0.15430367
24234,0.65255636
24235,-0.1185273
24236,0.5502334
24237,0.0160761
24238,-0.078929044
24239,-0.104818575
24240,0.9535072
24241,-0.08913374
24242,0.47540453
24243,0.8598478
24244,1.5381699
24245,0.04412049
24246,-0.12776838
24247,0.09798817
24248,0.29659826
24249,0.89836895
24250,0.13352604
24251,1.3390477
24252,0.1683843
24253,1.527518
24254,0.1567658
24255,-0.1882006
24256,0.19860019
24257,0.43735963
24258,0.31635034
24259,0.3431345
24260,0.7145469
24261,0.90725005
24262,1.5559566
24263,0.96192896
24264,0.94571126
24265,-0.042857796
24266,0.121153474
24267,1.3001438
24268,0.039075695
24269,0.026038803
24270,0.5250414
24271,0.88121045
24272,1.4168919
24273,0.17361295
24274,0.036914527
24275,0.9520979
24276,0.03710237
24277,1.130444
24278,1.3454396
24279,0.26481912
24280,0.03759967
24281,0.5750528
24282,-0.0837302
24283,1.3046751
24284,0.2251455
24285,-0.09359271
24286,1.1158819
24287,0.1218911
24288,0.39079764
24289,1.2385659
24290,0.8773299
24291,-0.1776851
24292,-0.059847035
24293,0.24156573
24294,0.14876978
24295,1.1140509
24296,1.2109185
24297,0.40678182
24298,0.9272885
24299,0.052250803
24300,-0.046141908
24301,0.49563786
24302,0.24516237
24303,0.26913744
24304,0.38926244
24305,0.04177723
24306,0.2849285
24307,0.87408525
24308,1.1358303
24309,0.15081275
24310,-0.0634927
24311,0.023911051
24312,0.80436593
24313,1.0643349
24314,-0.20965995
24315,1.5993967
24316,-0.17810681
24317,0.24068171
24318,1.0704579
24319,0.7737442
24320,1.0436535
24321,0.8289093
24322,0.9524332
24323,-0.0811794
24324,-0.048091866
24325,1.0405775
24326,1.3198019
24327,-0.21032822
24328,0.020652978
24329,1.2136066
24330,1.0221466
24331,1.2921269
24332,1.0117325
24333,1.4380603
24334,0.17374142
24335,0.16546111
24336,-0.032570004
24337,0.20104742
24338,1.0220013
24339,1.3368608
24340,-0.021488948
24341,1.4789237
24342,-0.07453216
24343,0.11933142
24344,1.5142016
24345,1.3104918
24346,0.024815697
24347,-0.24409443
24348,-0.0807774
24349,0.0775216
24350,0.38736787
24351,-0.1319929
24352,1.1302716
24353,-0.022990609
24354,-0.16088945
24355,0.60969055
24356,1.1370881
24357,0.49712348
24358,-0.030062376
24359,0.110066965
24360,-0.06942494
24361,0.95141417
24362,1.2245038
24363,1.453178
24364,1.3704718
24365,0.51910055
24366,1.3402535
24367,-0.0910622
24368,1.8598715
24369,1.2250867
24370,1.086636
24371,0.11677065
24372,1.6303005
24373,1.2038605
24374,-0.051488698
24375,0.14162244
24376,-0.03490167
24377,-0.039020337
24378,0.6203134
24379,-0.13342433
24380,0.06392699
24381,1.0530602
24382,-0.011789238
24383,-0.07985744
24384,0.58060205
24385,0.5294469
24386,-0.06331366
24387,-0.10696035
24388,0.011555329
24389,0.006354375
24390,0.10892211
24391,0.9638269
24392,0.050689593
24393,-0.033754423
24394,-0.011578394
24395,0.58378005
24396,1.5561
24397,0.23667958
24398,0.12461953
24399,0.004416503
24400,0.019002054
24401,0.009558883
24402,0.055623114
24403,-0.020521639
24404,1.388874
24405,0.16707763
24406,0.028776478
24407,1.3459945
24408,1.1985577
24409,0.63856554
24410,-0.14124967
24411,-0.17077062
24412,0.25084117
24413,1.5296884
24414,0.7482124
24415,0.042783573
24416,-0.16513741
24417,0.63249725
24418,1.3007734
24419,1.0402261
24420,0.3028517
24421,0.6067169
24422,-0.03273186
24423,0.69289786
24424,0.7577756
24425,1.331962
24426,0.8556056
24427,1.3691787
24428,1.6743759
24429,1.2082006
24430,-0.050914735
24431,0.29124185
24432,1.0914257
24433,-0.07493349
24434,1.2336714
24435,1.011534
24436,0.64343995
24437,-0.25104555
24438,0.32849702
24439,0.023350796
24440,-0.1535609
24441,-0.032842338
24442,0.13063589
24443,0.7958617
24444,1.5500156
24445,1.1120472
24446,0.04071008
24447,-0.021287868
24448,0.40640917
24449,1.5289947
24450,-0.09327304
24451,1.1474205
24452,-0.07087623
24453,0.85105395
24454,0.5532197
24455,-0.032319702
24456,-0.07489615
24457,0.8854157
24458,0.18716978
24459,0.0016041659
24460,0.8599472
24461,0.7155796
24462,1.1607525
24463,1.2787347
24464,0.084381804
24465,0.94791436
24466,1.1019329
24467,0.1721534
24468,0.36885393
24469,-0.12510283
24470,0.061886646
24471,0.010307785
24472,-0.0025615692
24473,0.20860672
24474,0.08991094
24475,0.23939823
24476,0.12056074
24477,1.6370955
24478,0.103956096
24479,-0.05372288
24480,0.0018871576
24481,0.427391
24482,0.12081148
24483,0.6979493
24484,0.74293905
24485,1.0992037
24486,1.1220769
24487,1.1878687
24488,-0.09724075
24489,-0.14559866
24490,1.0091538
24491,1.0557314
24492,-0.030677712
24493,-0.08240597
24494,-0.20009339
24495,0.47540778
24496,0.1979322
24497,-0.0845498
24498,-0.16447657
24499,-0.0821303
24500,0.10137792
24501,1.4945377
24502,0.14084136
24503,0.69896954
24504,0.88271576
24505,1.1275325
24506,0.47002912
24507,0.107930236
24508,-0.1138762
24509,-0.121544205
24510,0.7254413
24511,0.36459708
24512,0.8021729
24513,0.3404514
24514,1.3633405
24515,0.055075265
24516,1.1538272
24517,-0.07842778
24518,0.62428254
24519,1.4089961
24520,1.7094867
24521,1.221782
24522,0.24452128
24523,1.2193722
24524,1.2528106
24525,-0.1087131
24526,-0.013374796
24527,1.4257554
24528,-0.17398962
24529,0.13162276
24530,-0.06560089
24531,0.95726055
24532,0.9762248
24533,-0.18126327
24534,1.5027246
24535,1.1952764
24536,1.4396596
24537,-0.11121725
24538,0.84907544
24539,0.07011874
24540,-0.055802062
24541,-0.07733421
24542,1.0881561
24543,-0.21886203
24544,0.050569847
24545,0.13241528
24546,0.8986601
24547,-0.04831913
24548,-0.16777213
24549,0.78883904
24550,-0.036723502
24551,0.40269774
24552,0.9009825
24553,0.19224796
24554,0.16382214
24555,-0.182864
24556,1.6299614
24557,0.74201465
24558,0.073256925
24559,1.0367384
24560,1.4995143
24561,0.035269514
24562,1.1482961
24563,0.76285666
24564,0.39704186
24565,-0.016474469
24566,0.95308006
24567,1.0842619
24568,-0.11143155
24569,-0.050180256
24570,0.09035324
24571,1.3485299
24572,0.10529163
24573,1.0874654
24574,1.0097057
24575,0.34140745
24576,0.5327265
24577,0.05786635
24578,1.3312309
24579,0.8692029
24580,-0.08419588
24581,1.4283429
24582,0.11849062
24583,1.3609321
24584,1.5559566
24585,0.6957704
24586,1.1438231
24587,0.016745381
24588,0.6180289
24589,0.500003
24590,-0.17183036
24591,0.17467512
24592,-0.119838916
24593,0.026335528
24594,-0.11863541
24595,1.1987188
24596,0.54934573
24597,-0.20130673
24598,1.3637346
24599,-0.12768559
24600,0.13805337
24601,0.11994763
24602,1.0494286
24603,0.25153664
24604,0.17119157
24605,0.0850226
24606,0.6280869
24607,1.4342014
24608,-0.15643202
24609,0.83079934
24610,1.0051537
24611,1.3430157
24612,0.9639991
24613,1.4046402
24614,1.4139338
24615,0.66427547
24616,-0.08337909
24617,-0.07030683
24618,-0.13516821
24619,1.0547142
24620,-0.050958812
24621,0.142937
24622,0.2846474
24623,1.0585287
24624,-0.091188766
24625,0.16286826
24626,1.4514047
24627,-0.09709089
24628,0.041288875
24629,0.15313393
24630,0.68219423
24631,0.025436278
24632,0.0032587387
24633,0.88283676
24634,0.23595776
24635,0.96372545
24636,1.0565561
24637,1.2358856
24638,0.0021738764
24639,1.2543322
24640,1.2980381
24641,0.6661879
24642,1.3243351
24643,1.2227064
24644,1.4024613
24645,0.9196152
24646,0.36675265
24647,0.86263156
24648,0.98171395
24649,-0.03613232
24650,0.04405333
24651,-0.0023186188
24652,0.6423087
24653,0.5147524
24654,1.4289681
24655,1.375275
24656,0.6145165
24657,0.6021318
24658,1.4612111
24659,-0.17721428
24660,-0.06665383
24661,-0.1275701
24662,0.0955071
24663,1.1786946
24664,-0.06431943
24665,1.1651543
24666,1.0409178
24667,-0.15122406
24668,0.7667538
24669,-0.08932027
24670,1.2031722
24671,-0.17587736
24672,1.1852556
24673,0.6016356
24674,0.117915
24675,-0.11204588
24676,0.61987615
24677,0.38274106
24678,0.2187935
24679,-0.017028661
24680,0.2605262
24681,0.55378485
24682,1.4749928
24683,-0.105770685
24684,0.83144695
24685,-0.051336206
24686,1.0269917
24687,-0.03294
24688,0.9716525
24689,-0.095337674
24690,0.074159995
24691,1.3377719
24692,0.023670146
24693,0.6708191
24694,0.588838
24695,1.2845728
24696,1.2577662
24697,0.110070385
24698,0.4285007
24699,1.1555808
24700,0.63851994
24701,0.0032927953
24702,1.090607
24703,0.6241519
24704,-0.11172006
24705,-0.16811012
24706,0.2830432
24707,0.3157162
24708,0.26799613
24709,-0.17154172
24710,1.4516217
24711,0.78310347
24712,0.055316605
24713,0.06769473
24714,1.0361853
24715,0.35479593
24716,-0.19511919
24717,0.55627066
24718,1.0916845
24719,0.23678124
24720,-0.048829325
24721,0.008534024
24722,0.06344235
24723,-0.049349003
24724,0.28202534
24725,0.2975738
24726,0.96841425
24727,0.031588517
24728,1.0999397
24729,0.33994764
24730,0.70588744
24731,-0.051104657
24732,1.0357437
24733,0.22982147
24734,0.3143608
24735,0.87967026
24736,0.70259964
24737,0.8088831
24738,0.67412674
24739,0.14538243
24740,-0.003915416
24741,-0.0633194
24742,1.293679
24743,1.2875623
24744,-0.1215119
24745,1.5559566
24746,0.9323367
24747,0.026818208
24748,1.5199244
24749,0.17424063
24750,-0.024084726
24751,-0.12567359
24752,-0.12441861
24753,0.09971342
24754,0.9586294
24755,0.029604934
24756,-0.081460565
24757,1.2490581
24758,1.3481662
24759,0.9840152
24760,-0.0123356115
24761,1.6766634
24762,0.20793293
24763,1.2897801
24764,0.021695659
24765,-0.0388662
24766,-0.10475207
24767,-0.10798449
24768,0.05391874
24769,-0.020843575
24770,-0.10248151
24771,0.41299736
24772,-0.01592627
24773,0.24281605
24774,1.5503515
24775,-0.010129487
24776,0.43149877
24777,-0.047265515
24778,-0.0056213047
24779,0.59669924
24780,0.30706963
24781,1.5489515
24782,0.05630243
24783,-0.09930394
24784,0.08105687
24785,1.3848524
24786,0.01768988
24787,1.4513552
24788,0.8361727
24789,-0.030293157
24790,-0.040271834
24791,0.5925804
24792,0.30296552
24793,0.25274667
24794,1.4643713
24795,1.2576954
24796,0.070360854
24797,0.22363871
24798,0.0499788
24799,0.09402796
24800,0.092790924
24801,0.19383372
24802,0.007377116
24803,1.3078055
24804,1.4040599
24805,0.1207158
24806,1.1510292
24807,-0.08762817
24808,1.1069256
24809,-0.105562694
24810,1.490736
24811,-0.017102966
24812,0.8952798
24813,0.9510128
24814,-0.21334396
24815,0.8484071
24816,-0.09148795
24817,0.38653064
24818,0.58595735
24819,0.23553547
24820,1.1116604
24821,0.23543796
24822,1.2909707
24823,1.5559566
24824,0.46410534
24825,0.074735194
24826,0.3536764
24827,-0.10300759
24828,0.44975522
24829,-0.035359025
24830,0.7225522
24831,-0.080541745
24832,-0.030383239
24833,0.3581443
24834,-0.033238374
24835,0.8904815
24836,1.0263613
24837,0.094347306
24838,1.094433
24839,0.81664324
24840,0.6313668
24841,1.4295363
24842,1.1796595
24843,1.1116796
24844,1.282277
24845,-0.07613523
24846,-0.15485393
24847,1.0803502
24848,-0.06279974
24849,1.5772661
24850,-0.053609356
24851,-0.09583609
24852,1.4752156
24853,0.6407919
24854,-0.021104401
24855,0.3450291
24856,0.58935034
24857,-0.040694974
24858,-0.11285236
24859,-0.004554255
24860,0.2768164
24861,0.20952934
24862,0.17362648
24863,1.1907985
24864,0.40196344
24865,-0.039787896
24866,-0.06967284
24867,0.16823602
24868,0.6425809
24869,0.01785372
24870,0.8495477
24871,0.8867858
24872,-0.17151716
24873,1.1505486
24874,1.3106978
24875,-0.11987776
24876,0.9595061
24877,1.4941767
24878,1.0597874
24879,0.30310568
24880,0.9535072
24881,0.7084794
24882,-0.14849216
24883,1.3100456
24884,1.488905
24885,-0.209934
24886,0.03785697
24887,1.438398
24888,1.2798651
24889,0.037401
24890,-0.028283989
24891,0.5056712
24892,0.02944042
24893,0.45488572
24894,0.015355933
24895,0.32544142
24896,-0.060534716
24897,0.9910351
24898,-0.049537435
24899,0.17631176
24900,0.37000072
24901,-0.08407839
24902,0.45141274
24903,1.1351302
24904,0.7736261
24905,0.14576252
24906,0.8844171
24907,0.12987038
24908,0.18533596
24909,0.08146949
24910,0.9819886
24911,0.72507405
24912,0.40766698
24913,-0.109921955
24914,0.55618685
24915,0.44551814
24916,-0.0997377
24917,-0.055028223
24918,1.3087077
24919,1.1426978
24920,-0.013426686
24921,0.04066454
24922,-0.10001197
24923,1.5354589
24924,0.6426051
24925,1.4572138
24926,0.3991232
24927,-0.13675445
24928,1.2439065
24929,0.9342226
24930,1.5318818
24931,0.056859378
24932,0.16152464
24933,0.86502457
24934,0.1876337
24935,-0.1452779
24936,0.7109694
24937,0.4364507
24938,1.458076
24939,0.5179829
24940,0.01302751
24941,0.08129927
24942,0.37907863
24943,0.86072147
24944,1.5559566
24945,1.794082
24946,1.1896813
24947,0.049019117
24948,1.413237
24949,0.008676032
24950,1.2994262
24951,0.23604351
24952,-0.11069807
24953,-0.13915336
24954,0.5196514
24955,-0.11317427
24956,0.35847571
24957,0.15208489
24958,-0.09138471
24959,0.13086206
24960,1.0288132
24961,0.26602846
24962,0.48573098
24963,0.023683948
24964,0.30300522
24965,0.0854694
24966,0.7213485
24967,0.45610207
24968,0.3692534
24969,0.52250755
24970,0.8877647
24971,0.14750423
24972,1.1816465
24973,1.3467933
24974,-0.15320659
24975,0.47310615
24976,0.5720228
24977,-0.0803091
24978,1.533082
24979,-0.18526454
24980,-0.19274953
24981,-0.1571918
24982,0.4253506
24983,0.91399556
24984,1.5009695
24985,1.4120367
24986,1.3594389
24987,-0.24605048
24988,-0.08104546
24989,1.1838571
24990,0.9376524
24991,0.054458667
24992,-0.05805648
24993,1.276907
24994,-0.10090072
24995,0.27896196
24996,-0.036250666
24997,-0.124275796
24998,1.179238
24999,1.3213903
25000,0.15034504
25001,0.13261735
25002,1.6838585
25003,0.60522234
25004,1.000585
25005,-0.010637147
25006,0.26516095
25007,0.46251684
25008,1.09436
25009,0.7943569
25010,1.4507263
25011,1.3560106
25012,0.06094425
25013,0.0126832
25014,0.830399
25015,0.05260631
25016,-0.09630842
25017,1.5636569
25018,1.3103619
25019,-0.07904185
25020,1.2650387
25021,0.94655335
25022,1.4858584
25023,-0.060792737
25024,0.34405133
25025,1.3475715
25026,0.036714043
25027,1.5623883
25028,1.3430014
25029,-0.0067817178
25030,-0.035406224
25031,1.4376738
25032,-0.11171918
25033,-0.13853623
25034,0.030388642
25035,0.7529828
25036,-0.0797273
25037,-0.14967641
25038,1.103616
25039,0.84945166
25040,0.5024968
25041,0.015079724
25042,1.4662749
25043,0.44842023
25044,0.062424906
25045,1.2674844
25046,1.2051044
25047,0.5209006
25048,-0.024065902
25049,1.1475729
25050,1.1150581
25051,0.92159927
25052,-0.19121961
25053,0.05753073
25054,0.28949672
25055,1.1006348
25056,0.95871556
25057,1.2347019
25058,-0.048035853
25059,1.3653352
25060,-0.10624597
25061,1.4506466
25062,0.87685615
25063,0.016515682
25064,1.7210264
25065,1.7266753
25066,0.7877247
25067,1.2893687
25068,1.3615546
25069,1.2023047
25070,-0.12441722
25071,1.507709
25072,0.03139254
25073,-0.04927831
25074,1.1773663
25075,0.10149186
25076,-0.066850774
25077,1.286788
25078,0.54691875
25079,0.120310165
25080,-0.1153639
25081,1.2923508
25082,-0.10362611
25083,0.055813953
25084,1.4826047
25085,0.1681022
25086,1.3303186
25087,0.5337547
25088,0.94573295
25089,-0.09729228
25090,0.4919848
25091,-0.1401364
25092,0.3646904
25093,1.1368947
25094,0.70537585
25095,1.2191913
25096,1.2251943
25097,1.3637346
25098,0.6001769
25099,1.1908637
25100,0.39731
25101,1.031112
25102,0.67651355
25103,0.087539084
25104,1.5559566
25105,0.8530964
25106,0.27719656
25107,0.017639149
25108,0.8408726
25109,0.9535072
25110,0.09094497
25111,0.40047872
25112,-0.07885098
25113,0.14251463
25114,0.87463534
25115,-0.053957656
25116,0.47580355
25117,1.0701172
25118,0.9151386
25119,-0.13825937
25120,0.8513019
25121,0.63760287
25122,0.10937171
25123,0.9157663
25124,1.0752177
25125,0.7065847
25126,-0.07766526
25127,0.71097
25128,-0.009078959
25129,-0.07559011
25130,0.69789416
25131,1.5559566
25132,-0.04267758
25133,0.05186881
25134,1.5412586
25135,-0.19958828
25136,0.2724102
25137,1.1626598
25138,1.1638525
25139,1.030473
25140,1.4192837
25141,0.27824163
25142,-0.05980409
25143,1.5648729
25144,1.0664972
25145,1.4055938
25146,0.11847768
25147,0.20185529
25148,0.07801343
25149,0.78997785
25150,0.15208925
25151,0.7826602
25152,1.4842914
25153,-0.07113265
25154,0.7609666
25155,-0.12796347
25156,-0.15645508
25157,-0.118639745
25158,1.437898
25159,-0.098407246
25160,-0.09581414
25161,0.4734535
25162,0.62648
25163,0.1460034
25164,1.3544337
25165,-0.1843811
25166,-0.11419111
25167,0.1485218
25168,0.009153584
25169,1.0026687
25170,1.2700131
25171,-0.016132401
25172,0.4914101
25173,-0.08955742
25174,0.72408926
25175,0.07987524
25176,0.40731427
25177,1.4064547
25178,0.72773826
25179,0.41775128
25180,1.2416999
25181,1.438481
25182,0.8624129
25183,0.033882823
25184,0.9769875
25185,0.48928627
25186,0.580315
25187,-0.08951566
25188,0.7577002
25189,0.00015905313
25190,0.04921585
25191,1.3641441
25192,1.3766528
25193,-0.02068193
25194,1.5336832
25195,0.59117514
25196,0.022788625
25197,0.9026974
25198,1.2436342
25199,1.1631024
25200,0.16239312
25201,1.2216239
25202,1.5930539
25203,0.2339681
25204,1.4122449
25205,0.9622641
25206,-0.073772386
25207,0.089882575
25208,0.950852
25209,0.17469136
25210,0.7475403
25211,-0.24387455
25212,0.779527
25213,1.3284016
25214,1.2324797
25215,0.017105352
25216,0.0728509
25217,0.16110848
25218,1.0640216
25219,0.22726461
25220,0.023823803
25221,-0.025399437
25222,0.42909575
25223,0.32946283
25224,1.3751534
25225,0.23584616
25226,1.5457641
25227,-0.025087217
25228,0.05312018
25229,0.29059198
25230,0.3227897
25231,-0.07308186
25232,-0.048512876
25233,0.3282633
25234,0.57959193
25235,0.63860875
25236,1.2245787
25237,0.9167045
25238,1.1212778
25239,1.3876508
25240,1.462126
25241,-0.07466602
25242,-0.10128089
25243,1.1904578
25244,0.041807596
25245,-0.062307402
25246,1.3673345
25247,-0.041311868
25248,1.7698416
25249,0.006900469
25250,0.6921518
25251,0.5893846
25252,1.2766539
25253,0.2800888
25254,-0.07295809
25255,0.7367975
25256,1.5503515
25257,1.325445
25258,0.88327295
25259,0.03014617
25260,-0.12535594
25261,1.218369
25262,0.32299447
25263,0.3471594
25264,-0.14937785
25265,0.5603712
25266,0.77769387
25267,1.5747734
25268,-0.20739537
25269,0.5837961
25270,-0.20374474
25271,-0.18094511
25272,0.75919354
25273,0.65829575
25274,0.065884925
25275,0.77244043
25276,-0.14807294
25277,0.7273573
25278,0.99628556
25279,0.067671746
25280,1.2855637
25281,1.5890161
25282,1.6027635
25283,0.32669285
25284,0.85135615
25285,-0.069506854
25286,0.49585626
25287,0.35536706
25288,0.7039262
25289,0.16790333
25290,0.0850197
25291,1.5225409
25292,-0.1147015
25293,0.06836878
25294,-0.08808921
25295,0.084038906
25296,1.8475381
25297,0.82123274
25298,1.3333379
25299,1.4667788
25300,0.3687962
25301,0.026866522
25302,0.020797327
25303,-0.084595926
25304,0.002308052
25305,1.0395838
25306,0.038270276
25307,1.5685755
25308,0.737344
25309,-0.0010062065
25310,0.6132007
25311,-0.0007093232
25312,-0.046364114
25313,1.4219372
25314,0.9718851
25315,0.5198135
25316,0.29095644
25317,0.32664794
25318,0.70305437
25319,0.30164084
25320,0.013249277
25321,1.4845147
25322,-0.055410348
25323,1.1280162
25324,0.1564915
25325,0.14783844
25326,-0.008314269
25327,-0.029265339
25328,-0.12204548
25329,0.06303153
25330,0.5861456
25331,0.33804446
25332,1.393397
25333,0.11381294
25334,0.23299101
25335,0.906997
25336,0.15202512
25337,0.68120235
25338,0.09561689
25339,1.2703278
25340,-0.037084788
25341,1.3317016
25342,-0.24986595
25343,-0.15342715
25344,1.4635661
25345,0.9106398
25346,0.7970112
25347,1.1756837
25348,0.08451401
25349,0.557793
25350,1.4645281
25351,-0.050475992
25352,-0.15100758
25353,0.37599397
25354,1.1051687
25355,1.1366901
25356,-0.12769541
25357,0.1407679
25358,0.70207644
25359,1.1807907
25360,1.2286816
25361,1.3962666
25362,0.09258836
25363,0.9885892
25364,0.16546357
25365,0.16295694
25366,-0.05834707
25367,0.7694114
25368,-0.1971722
25369,-0.025221417
25370,-0.034537487
25371,0.60955966
25372,0.09070222
25373,1.2450842
25374,-0.1283867
25375,1.3820673
25376,0.44475898
25377,0.9257567
25378,0.13447508
25379,0.12193571
25380,1.0981599
25381,0.00867974
25382,0.9245335
25383,1.5151674
25384,1.0326265
25385,-0.15474972
25386,1.184738
25387,1.0139204
25388,-0.084178336
25389,0.3757727
25390,-0.19495146
25391,-0.12085042
25392,0.32056034
25393,1.1528784
25394,0.04022476
25395,1.1398076
25396,1.1821733
25397,0.894703
25398,-0.19412196
25399,0.23141961
25400,0.4746393
25401,1.34233
25402,0.49180233
25403,1.3346634
25404,1.3405795
25405,1.7140617
25406,0.81628364
25407,-0.071471445
25408,-0.09411941
25409,0.54830676
25410,1.0887017
25411,0.061621778
25412,0.069841884
25413,1.554233
25414,0.08077479
25415,1.0389628
25416,-0.006068742
25417,0.05228182
25418,-0.050006077
25419,0.1541647
25420,1.4487952
25421,0.95338804
25422,0.0684634
25423,-0.124256276
25424,1.8435752
25425,0.17619644
25426,1.1510397
25427,1.3095943
25428,1.3115054
25429,0.66109586
25430,1.5622404
25431,0.27631262
25432,-0.06965323
25433,0.015523003
25434,0.052923754
25435,1.1199722
25436,0.19057965
25437,1.2717746
25438,0.77301073
25439,0.09961921
25440,0.8639921
25441,-0.018612748
25442,0.31165376
25443,0.2886305
25444,0.041552164
25445,0.7808288
25446,-0.054700397
25447,1.4451201
25448,0.2610259
25449,0.05041395
25450,0.517783
25451,1.1075493
25452,0.045732804
25453,1.529019
25454,-0.14966308
25455,0.12911077
25456,0.36564445
25457,1.4112753
25458,0.27141687
25459,0.31608203
25460,-0.17159992
25461,0.89652216
25462,-0.05538241
25463,0.09264672
25464,0.78038985
25465,0.083348595
25466,1.5510055
25467,-0.09753557
25468,0.54881495
25469,0.26675692
25470,0.24441245
25471,1.4677209
25472,0.037493728
25473,-0.058516406
25474,0.09414133
25475,0.6373625
25476,-0.0058859494
25477,1.1210241
25478,-0.023610605
25479,-0.0888192
25480,1.3813448
25481,0.97054183
25482,1.5043149
25483,1.2952664
25484,-0.13971332
25485,1.2779533
25486,0.5679383
25487,0.9983599
25488,-0.04062803
25489,0.21477626
25490,-0.036274113
25491,0.675645
25492,1.1411752
25493,-0.050614394
25494,0.12498177
25495,0.71305734
25496,0.8695484
25497,0.95149034
25498,0.50740474
25499,0.2552056
25500,-0.09617238
25501,-0.08696924
25502,1.0973037
25503,1.5503515
25504,0.07190714
25505,0.86236185
25506,1.5091155
25507,0.95677805
25508,0.42986116
25509,0.115289584
25510,0.9548871
25511,1.5559566
25512,1.0576102
25513,0.4454119
25514,0.34309107
25515,0.08292508
25516,0.92169446
25517,0.1900598
25518,0.25612688
25519,0.8257509
25520,0.58129203
25521,-0.12049865
25522,0.6047375
25523,0.0037530214
25524,1.5619923
25525,0.02382354
25526,0.6272845
25527,-0.10567749
25528,-0.1107539
25529,0.10727998
25530,-0.09889688
25531,-0.11889204
25532,1.0917822
25533,0.10785743
25534,0.24206671
25535,0.7101776
25536,1.5559566
25537,0.006642122
25538,1.2578304
25539,-0.030863287
25540,-0.1682466
25541,1.446135
25542,0.03503757
25543,1.3552624
25544,1.3519776
25545,0.05036168
25546,1.4497929
25547,0.94576555
25548,0.38526335
25549,1.1573827
25550,0.0020025428
25551,1.6346558
25552,0.12264945
25553,-0.13534284
25554,0.04294825
25555,0.033347405
25556,1.7728112
25557,0.3394704
25558,1.4099379
25559,1.297284
25560,-0.04096637
25561,1.1977471
25562,0.68066627
25563,0.02480461
25564,0.0018077996
25565,0.36019835
25566,0.8618567
25567,-0.16499802
25568,1.7467115
25569,1.8522367
25570,1.5269291
25571,0.06884651
25572,1.508809
25573,1.0176586
25574,0.11708646
25575,0.2946185
25576,1.4707558
25577,0.49774745
25578,-0.17975667
25579,1.1969621
25580,-0.10040548
25581,1.3212105
25582,-0.04789962
25583,0.9420778
25584,1.0309603
25585,0.23933601
25586,0.018014826
25587,1.527518
25588,0.021400051
25589,-0.09229007
25590,0.21942441
25591,1.4477079
25592,0.06203886
25593,-0.13555573
25594,-0.1085025
25595,0.4454119
25596,-0.09864556
25597,1.1802635
25598,0.7955909
25599,0.22573929
25600,0.5406048
25601,1.1814213
25602,0.009748699
25603,1.187956
25604,0.15500721
25605,-0.0690963
25606,-0.20480792
25607,-0.04610862
25608,0.5623754
25609,1.5212357
25610,-0.1182081
25611,0.97687197
25612,0.6210292
25613,0.63781357
25614,0.4977761
25615,0.36706978
25616,0.22835617
25617,0.06712904
25618,0.30335224
25619,-0.009982942
25620,1.2459853
25621,0.26698202
25622,0.7503455
25623,1.2619603
25624,0.51543045
25625,1.4708396
25626,1.0354354
25627,1.3020955
25628,-0.011049559
25629,0.0024048686
25630,0.86204857
25631,0.26390868
25632,1.1685138
25633,1.5398884
25634,1.2862223
25635,1.1532325
25636,0.014295192
25637,0.03518784
25638,0.54412615
25639,1.5458819
25640,0.668209
25641,0.13748565
25642,-0.101195
25643,0.3377808
25644,0.42154402
25645,1.0903747
25646,0.13723497
25647,-0.058296353
25648,0.121162325
25649,0.8136515
25650,0.13177666
25651,0.20742925
25652,0.74562657
25653,1.2967612
25654,-0.15663368
25655,1.392023
25656,1.1149524
25657,0.041438565
25658,0.9229965
25659,-0.09274906
25660,0.03068408
25661,-0.2287356
25662,1.8054148
25663,0.83234364
25664,0.12339519
25665,-0.072017804
25666,1.4131554
25667,-0.028895805
25668,-0.09161219
25669,0.13199522
25670,-0.22684437
25671,0.23878613
25672,1.1355804
25673,1.0288717
25674,-0.0683035
25675,-0.16356413
25676,-0.078675516
25677,0.15945907
25678,0.8066701
25679,0.02777966
25680,0.29646665
25681,1.2215625
25682,1.3011868
25683,-0.030101715
25684,0.4092744
25685,1.4305608
25686,0.9882692
25687,0.5155645
25688,1.3261514
25689,-0.16056262
25690,0.04821553
25691,-0.052709572
25692,0.39319754
25693,0.5637027
25694,1.6171612
25695,0.8596298
25696,-0.11806045
25697,1.6612107
25698,-0.024876019
25699,1.5671436
25700,1.3915975
25701,-0.103328384
25702,1.3624066
25703,0.06914794
25704,-0.15896155
25705,0.31720686
25706,1.3370173
25707,0.11003545
25708,0.9596233
25709,1.3369622
25710,1.0384263
25711,1.1479822
25712,1.4165788
25713,0.27453682
25714,0.9819886
25715,0.9867602
25716,0.21956755
25717,0.9025041
25718,0.94845164
25719,0.19427669
25720,1.014865
25721,0.02008795
25722,0.05530684
25723,-0.016529756
25724,1.476327
25725,0.7148047
25726,1.0591763
25727,-0.05593776
25728,0.10896812
25729,0.24516673
25730,1.3783911
25731,1.4738314
25732,0.4852928
25733,-0.088532105
25734,0.88026035
25735,-0.06101489
25736,-0.21610726
25737,0.36898503
25738,0.087596685
25739,0.16804451
25740,0.6416608
25741,-0.08227262
25742,-0.00033316202
25743,1.6258488
25744,0.16847183
25745,0.16792731
25746,-0.04425869
25747,0.7348735
25748,-0.018592304
25749,0.37686294
25750,0.35483283
25751,1.3261843
25752,0.17223029
25753,1.6479464
25754,-0.013357205
25755,1.3937397
25756,1.1786268
25757,0.26414272
25758,0.028164376
25759,0.1325628
25760,-0.15554446
25761,1.543262
25762,1.7836032
25763,1.4897107
25764,1.1011178
25765,-0.079424806
25766,-0.08978542
25767,0.87894404
25768,1.4527651
25769,0.6617054
25770,-0.05208467
25771,0.11450938
25772,0.7587834
25773,0.086208574
25774,0.07186595
25775,0.039224867
25776,0.109040804
25777,-0.05685489
25778,-0.06274931
25779,-0.15454571
25780,0.8303562
25781,-0.061396457
25782,1.6105196
25783,1.5140413
25784,-0.047781892
25785,-0.038413174
25786,-0.12659886
25787,1.1535158
25788,0.94130796
25789,1.0668274
25790,-0.015928118
25791,1.0088903
25792,-0.07166017
25793,0.5227666
25794,-0.10170553
25795,0.133134
25796,-0.142529
25797,0.9280962
25798,-0.08367473
25799,1.3867424
25800,0.9540655
25801,-0.05141952
25802,0.47198385
25803,0.21749288
25804,-0.23807427
25805,0.12786922
25806,0.51347864
25807,0.9239896
25808,0.7699918
25809,-0.020854315
25810,0.8031393
25811,0.7763264
25812,0.025615409
25813,0.029209957
25814,1.1137267
25815,1.5559566
25816,-0.03171047
25817,1.3776131
25818,1.4294753
25819,0.1737967
25820,0.8774357
25821,-0.014963018
25822,1.2110485
25823,0.24099398
25824,0.78322154
25825,1.2057319
25826,1.0520196
25827,-0.07179445
25828,0.0831152
25829,-0.11637183
25830,0.19376104
25831,0.8194223
25832,0.35136726
25833,-0.022432556
25834,0.06081274
25835,-0.07123931
25836,0.7120105
25837,0.082888015
25838,-0.1873248
25839,-0.012270907
25840,-0.16648628
25841,0.06847547
25842,1.0629208
25843,1.234964
25844,1.1704723
25845,0.38246143
25846,1.2236909
25847,-0.15636298
25848,-0.08506242
25849,1.4897707
25850,1.0803835
25851,-0.109529056
25852,-0.055528574
25853,1.373007
25854,0.2436355
25855,0.003706323
25856,0.03579826
25857,-0.041864164
25858,-0.019036843
25859,0.37412092
25860,-0.116521336
25861,0.6063602
25862,-0.050136477
25863,0.58396935
25864,0.13915928
25865,0.096712336
25866,0.4974302
25867,1.5691266
25868,0.19512734
25869,1.4460804
25870,-0.05705426
25871,1.1587813
25872,0.41058362
25873,0.3645271
25874,0.37876725
25875,0.3851625
25876,-0.08540135
25877,-0.007106146
25878,0.29590887
25879,1.0543541
25880,0.019858882
25881,0.03174015
25882,0.013641579
25883,-0.0091241095
25884,0.46308416
25885,1.262328
25886,0.79891676
25887,1.0011175
25888,0.5099842
25889,0.43390015
25890,1.2985404
25891,0.81616795
25892,1.5559566
25893,-0.06254872
25894,0.049725607
25895,1.1312374
25896,1.088522
25897,0.06518529
25898,1.674893
25899,0.7354572
25900,1.1800327
25901,-0.15797535
25902,0.30095583
25903,0.46261165
25904,0.591955
25905,0.57042515
25906,-0.097473346
25907,0.3624568
25908,0.05707802
25909,1.2834791
25910,0.047369674
25911,0.00014360435
25912,0.2041917
25913,0.16846082
25914,-0.053907603
25915,1.4554933
25916,0.6076944
25917,0.60837394
25918,1.3844284
25919,1.2018371
25920,0.37240088
25921,0.40427437
25922,0.58105665
25923,0.68094116
25924,-0.23905253
25925,0.11232165
25926,0.026990658
25927,1.0689286
25928,0.05008298
25929,1.647624
25930,0.17351697
25931,0.20384373
25932,0.20112978
25933,-0.13547717
25934,1.5550736
25935,1.1328381
25936,0.81377095
25937,1.0997725
25938,0.27413043
25939,0.060136423
25940,0.8319449
25941,0.9494703
25942,-0.11061663
25943,0.8283929
25944,1.5455477
25945,0.9240271
25946,1.6266605
25947,1.3582051
25948,0.039237972
25949,-0.008701356
25950,0.6506728
25951,1.3530605
25952,1.5759835
25953,-0.1049627
25954,0.9089511
25955,-0.17932186
25956,-0.034829527
25957,-0.09541749
25958,0.92185766
25959,0.24860236
25960,-0.0074546095
25961,0.7334006
25962,0.25132173
25963,1.2597098
25964,0.1122528
25965,0.5235486
25966,0.45085514
25967,1.4833103
25968,0.15847272
25969,0.32903576
25970,0.7772871
25971,-0.0020589698
25972,0.8079756
25973,0.108374104
25974,0.056392226
25975,-0.17477901
25976,-0.14412728
25977,-0.040667936
25978,-0.12038065
25979,-0.11936409
25980,0.6051108
25981,0.56992304
25982,-0.05744859
25983,-0.039438955
25984,-0.12639406
25985,-0.025150022
25986,0.07766506
25987,-0.025042897
25988,0.32791778
25989,0.9988639
25990,-0.19555731
25991,-0.02035047
25992,0.7879778
25993,0.1862044
25994,0.17828093
25995,0.72913593
25996,-0.22030756
25997,0.2316386
25998,0.82365674
25999,0.0419278
