id,DecisionTree,proba_0,proba_1
20800,0,1.0,0.0
20801,0,1.0,0.0
20802,1,0.0,1.0
20803,0,1.0,0.0
20804,1,0.0,1.0
20805,1,0.0,1.0
20806,0,1.0,0.0
20807,1,0.0,1.0
20808,1,0.0,1.0
20809,1,0.0,1.0
20810,0,1.0,0.0
20811,1,0.0,1.0
20812,1,0.0,1.0
20813,1,0.0,1.0
20814,1,0.0,1.0
20815,0,1.0,0.0
20816,0,1.0,0.0
20817,0,1.0,0.0
20818,1,0.0,1.0
20819,1,0.0,1.0
20820,0,1.0,0.0
20821,1,0.0,1.0
20822,1,0.0,1.0
20823,1,0.0,1.0
20824,1,0.0,1.0
20825,1,0.0,1.0
20826,1,0.0,1.0
20827,0,1.0,0.0
20828,0,1.0,0.0
20829,1,0.0,1.0
20830,0,1.0,0.0
20831,1,0.0,1.0
20832,0,1.0,0.0
20833,0,1.0,0.0
20834,1,0.0,1.0
20835,0,1.0,0.0
20836,0,1.0,0.0
20837,1,0.0,1.0
20838,0,1.0,0.0
20839,0,1.0,0.0
20840,0,1.0,0.0
20841,0,1.0,0.0
20842,1,0.0,1.0
20843,0,1.0,0.0
20844,0,1.0,0.0
20845,1,0.0,1.0
20846,0,1.0,0.0
20847,0,1.0,0.0
20848,1,0.0,1.0
20849,1,0.0,1.0
20850,1,0.0,1.0
20851,1,0.0,1.0
20852,0,1.0,0.0
20853,1,0.0,1.0
20854,1,0.0,1.0
20855,0,1.0,0.0
20856,1,0.0,1.0
20857,0,1.0,0.0
20858,0,1.0,0.0
20859,0,1.0,0.0
20860,1,0.0,1.0
20861,1,0.0,1.0
20862,1,0.0,1.0
20863,0,1.0,0.0
20864,1,0.0,1.0
20865,1,0.0,1.0
20866,1,0.0,1.0
20867,1,0.0,1.0
20868,1,0.0,1.0
20869,1,0.0,1.0
20870,1,0.0,1.0
20871,1,0.0,1.0
20872,1,0.0,1.0
20873,0,1.0,0.0
20874,0,1.0,0.0
20875,0,1.0,0.0
20876,0,1.0,0.0
20877,0,1.0,0.0
20878,1,0.0,1.0
20879,0,1.0,0.0
20880,1,0.0,1.0
20881,1,0.0,1.0
20882,0,1.0,0.0
20883,1,0.0,1.0
20884,1,0.0,1.0
20885,1,0.0,1.0
20886,1,0.0,1.0
20887,0,1.0,0.0
20888,0,1.0,0.0
20889,0,1.0,0.0
20890,1,0.0,1.0
20891,0,1.0,0.0
20892,1,0.0,1.0
20893,1,0.0,1.0
20894,1,0.0,1.0
20895,0,1.0,0.0
20896,0,1.0,0.0
20897,0,1.0,0.0
20898,0,1.0,0.0
20899,0,1.0,0.0
20900,1,0.0,1.0
20901,1,0.0,1.0
20902,1,0.0,1.0
20903,0,1.0,0.0
20904,0,1.0,0.0
20905,0,1.0,0.0
20906,1,0.0,1.0
20907,0,1.0,0.0
20908,1,0.0,1.0
20909,1,0.0,1.0
20910,1,0.0,1.0
20911,1,0.0,1.0
20912,0,1.0,0.0
20913,0,1.0,0.0
20914,0,1.0,0.0
20915,1,0.0,1.0
20916,0,1.0,0.0
20917,1,0.0,1.0
20918,0,1.0,0.0
20919,1,0.0,1.0
20920,0,1.0,0.0
20921,0,1.0,0.0
20922,1,0.0,1.0
20923,0,1.0,0.0
20924,0,1.0,0.0
20925,1,0.0,1.0
20926,1,0.0,1.0
20927,1,0.0,1.0
20928,1,0.0,1.0
20929,1,0.0,1.0
20930,1,0.0,1.0
20931,0,1.0,0.0
20932,1,0.0,1.0
20933,0,1.0,0.0
20934,0,1.0,0.0
20935,0,1.0,0.0
20936,0,1.0,0.0
20937,1,0.0,1.0
20938,0,1.0,0.0
20939,1,0.0,1.0
20940,1,0.0,1.0
20941,0,1.0,0.0
20942,1,0.0,1.0
20943,1,0.0,1.0
20944,1,0.0,1.0
20945,0,1.0,0.0
20946,1,0.0,1.0
20947,0,1.0,0.0
20948,0,1.0,0.0
20949,0,1.0,0.0
20950,1,0.0,1.0
20951,1,0.0,1.0
20952,0,1.0,0.0
20953,0,1.0,0.0
20954,0,1.0,0.0
20955,0,1.0,0.0
20956,0,1.0,0.0
20957,1,0.0,1.0
20958,0,1.0,0.0
20959,1,0.0,1.0
20960,1,0.0,1.0
20961,1,0.0,1.0
20962,1,0.0,1.0
20963,1,0.0,1.0
20964,0,1.0,0.0
20965,1,0.0,1.0
20966,1,0.0,1.0
20967,0,1.0,0.0
20968,1,0.0,1.0
20969,0,1.0,0.0
20970,0,1.0,0.0
20971,0,1.0,0.0
20972,0,1.0,0.0
20973,1,0.0,1.0
20974,0,1.0,0.0
20975,0,1.0,0.0
20976,0,1.0,0.0
20977,0,1.0,0.0
20978,0,1.0,0.0
20979,0,1.0,0.0
20980,0,1.0,0.0
20981,0,1.0,0.0
20982,0,1.0,0.0
20983,1,0.0,1.0
20984,0,1.0,0.0
20985,1,0.0,1.0
20986,0,1.0,0.0
20987,0,1.0,0.0
20988,1,0.0,1.0
20989,0,1.0,0.0
20990,1,0.0,1.0
20991,0,1.0,0.0
20992,0,1.0,0.0
20993,0,1.0,0.0
20994,1,0.0,1.0
20995,1,0.0,1.0
20996,1,0.0,1.0
20997,0,1.0,0.0
20998,1,0.0,1.0
20999,0,1.0,0.0
21000,0,1.0,0.0
21001,1,0.0,1.0
21002,1,0.0,1.0
21003,1,0.0,1.0
21004,1,0.0,1.0
21005,1,0.0,1.0
21006,1,0.0,1.0
21007,1,0.0,1.0
21008,0,1.0,0.0
21009,0,1.0,0.0
21010,0,1.0,0.0
21011,1,0.0,1.0
21012,1,0.0,1.0
21013,0,1.0,0.0
21014,1,0.0,1.0
21015,1,0.0,1.0
21016,1,0.0,1.0
21017,0,1.0,0.0
21018,0,1.0,0.0
21019,1,0.0,1.0
21020,0,1.0,0.0
21021,1,0.0,1.0
21022,0,1.0,0.0
21023,0,1.0,0.0
21024,0,1.0,0.0
21025,1,0.0,1.0
21026,1,0.0,1.0
21027,1,0.0,1.0
21028,0,1.0,0.0
21029,0,1.0,0.0
21030,0,1.0,0.0
21031,0,1.0,0.0
21032,1,0.0,1.0
21033,1,0.0,1.0
21034,1,0.0,1.0
21035,1,0.0,1.0
21036,1,0.0,1.0
21037,1,0.0,1.0
21038,1,0.0,1.0
21039,0,1.0,0.0
21040,0,1.0,0.0
21041,0,1.0,0.0
21042,0,1.0,0.0
21043,1,0.0,1.0
21044,1,0.0,1.0
21045,1,0.0,1.0
21046,1,0.0,1.0
21047,1,0.0,1.0
21048,0,1.0,0.0
21049,1,0.0,1.0
21050,1,0.0,1.0
21051,1,0.0,1.0
21052,0,1.0,0.0
21053,0,1.0,0.0
21054,1,0.0,1.0
21055,0,1.0,0.0
21056,0,1.0,0.0
21057,0,1.0,0.0
21058,1,0.0,1.0
21059,1,0.0,1.0
21060,0,1.0,0.0
21061,0,1.0,0.0
21062,1,0.0,1.0
21063,0,1.0,0.0
21064,1,0.0,1.0
21065,1,0.0,1.0
21066,1,0.0,1.0
21067,1,0.0,1.0
21068,0,1.0,0.0
21069,1,0.0,1.0
21070,0,1.0,0.0
21071,0,1.0,0.0
21072,1,0.0,1.0
21073,1,0.0,1.0
21074,0,1.0,0.0
21075,0,1.0,0.0
21076,0,1.0,0.0
21077,0,1.0,0.0
21078,0,1.0,0.0
21079,1,0.0,1.0
21080,0,1.0,0.0
21081,1,0.0,1.0
21082,0,1.0,0.0
21083,1,0.0,1.0
21084,0,1.0,0.0
21085,0,1.0,0.0
21086,0,1.0,0.0
21087,0,1.0,0.0
21088,0,1.0,0.0
21089,0,1.0,0.0
21090,0,1.0,0.0
21091,1,0.0,1.0
21092,0,1.0,0.0
21093,1,0.0,1.0
21094,1,0.0,1.0
21095,1,0.0,1.0
21096,1,0.0,1.0
21097,1,0.0,1.0
21098,1,0.0,1.0
21099,0,1.0,0.0
21100,0,1.0,0.0
21101,0,1.0,0.0
21102,1,0.0,1.0
21103,1,0.0,1.0
21104,1,0.0,1.0
21105,0,1.0,0.0
21106,1,0.0,1.0
21107,1,0.0,1.0
21108,0,1.0,0.0
21109,0,1.0,0.0
21110,0,1.0,0.0
21111,1,0.0,1.0
21112,1,0.0,1.0
21113,0,1.0,0.0
21114,1,0.0,1.0
21115,1,0.0,1.0
21116,0,1.0,0.0
21117,0,1.0,0.0
21118,0,1.0,0.0
21119,1,0.0,1.0
21120,0,1.0,0.0
21121,0,1.0,0.0
21122,0,1.0,0.0
21123,1,0.0,1.0
21124,0,1.0,0.0
21125,1,0.0,1.0
21126,1,0.0,1.0
21127,0,1.0,0.0
21128,0,1.0,0.0
21129,1,0.0,1.0
21130,1,0.0,1.0
21131,0,1.0,0.0
21132,1,0.0,1.0
21133,1,0.0,1.0
21134,0,1.0,0.0
21135,1,0.0,1.0
21136,0,1.0,0.0
21137,1,0.0,1.0
21138,0,1.0,0.0
21139,0,1.0,0.0
21140,1,0.0,1.0
21141,0,1.0,0.0
21142,1,0.0,1.0
21143,0,1.0,0.0
21144,1,0.0,1.0
21145,0,1.0,0.0
21146,1,0.0,1.0
21147,0,1.0,0.0
21148,0,1.0,0.0
21149,1,0.0,1.0
21150,0,1.0,0.0
21151,1,0.0,1.0
21152,1,0.0,1.0
21153,0,1.0,0.0
21154,0,1.0,0.0
21155,1,0.0,1.0
21156,0,1.0,0.0
21157,1,0.0,1.0
21158,0,1.0,0.0
21159,0,1.0,0.0
21160,1,0.0,1.0
21161,0,1.0,0.0
21162,1,0.0,1.0
21163,1,0.0,1.0
21164,1,0.0,1.0
21165,0,1.0,0.0
21166,1,0.0,1.0
21167,0,1.0,0.0
21168,1,0.0,1.0
21169,0,1.0,0.0
21170,0,1.0,0.0
21171,1,0.0,1.0
21172,0,1.0,0.0
21173,1,0.0,1.0
21174,1,0.0,1.0
21175,0,1.0,0.0
21176,1,0.0,1.0
21177,1,0.0,1.0
21178,0,1.0,0.0
21179,0,1.0,0.0
21180,0,1.0,0.0
21181,1,0.0,1.0
21182,1,0.0,1.0
21183,0,1.0,0.0
21184,1,0.0,1.0
21185,0,1.0,0.0
21186,0,1.0,0.0
21187,1,0.0,1.0
21188,0,1.0,0.0
21189,0,1.0,0.0
21190,1,0.0,1.0
21191,1,0.0,1.0
21192,0,1.0,0.0
21193,0,1.0,0.0
21194,0,1.0,0.0
21195,1,0.0,1.0
21196,1,0.0,1.0
21197,0,1.0,0.0
21198,0,1.0,0.0
21199,0,1.0,0.0
21200,0,1.0,0.0
21201,0,1.0,0.0
21202,0,1.0,0.0
21203,0,1.0,0.0
21204,1,0.0,1.0
21205,0,1.0,0.0
21206,1,0.0,1.0
21207,1,0.0,1.0
21208,0,1.0,0.0
21209,0,1.0,0.0
21210,1,0.0,1.0
21211,0,1.0,0.0
21212,1,0.0,1.0
21213,1,0.0,1.0
21214,0,1.0,0.0
21215,0,1.0,0.0
21216,0,1.0,0.0
21217,0,1.0,0.0
21218,0,1.0,0.0
21219,0,1.0,0.0
21220,0,1.0,0.0
21221,0,1.0,0.0
21222,1,0.0,1.0
21223,0,1.0,0.0
21224,1,0.0,1.0
21225,1,0.0,1.0
21226,0,1.0,0.0
21227,1,0.0,1.0
21228,0,1.0,0.0
21229,0,1.0,0.0
21230,1,0.0,1.0
21231,1,0.0,1.0
21232,0,1.0,0.0
21233,1,0.0,1.0
21234,0,1.0,0.0
21235,0,1.0,0.0
21236,0,1.0,0.0
21237,1,0.0,1.0
21238,1,0.0,1.0
21239,0,1.0,0.0
21240,1,0.0,1.0
21241,0,1.0,0.0
21242,1,0.0,1.0
21243,0,1.0,0.0
21244,0,1.0,0.0
21245,0,1.0,0.0
21246,0,1.0,0.0
21247,0,1.0,0.0
21248,0,1.0,0.0
21249,0,1.0,0.0
21250,1,0.0,1.0
21251,0,1.0,0.0
21252,1,0.0,1.0
21253,1,0.0,1.0
21254,0,1.0,0.0
21255,1,0.0,1.0
21256,0,1.0,0.0
21257,0,1.0,0.0
21258,0,1.0,0.0
21259,0,1.0,0.0
21260,0,1.0,0.0
21261,0,1.0,0.0
21262,0,1.0,0.0
21263,1,0.0,1.0
21264,0,1.0,0.0
21265,0,1.0,0.0
21266,0,1.0,0.0
21267,0,1.0,0.0
21268,0,1.0,0.0
21269,0,1.0,0.0
21270,1,0.0,1.0
21271,0,1.0,0.0
21272,0,1.0,0.0
21273,1,0.0,1.0
21274,1,0.0,1.0
21275,0,1.0,0.0
21276,1,0.0,1.0
21277,1,0.0,1.0
21278,0,1.0,0.0
21279,1,0.0,1.0
21280,0,1.0,0.0
21281,1,0.0,1.0
21282,1,0.0,1.0
21283,1,0.0,1.0
21284,0,1.0,0.0
21285,0,1.0,0.0
21286,1,0.0,1.0
21287,1,0.0,1.0
21288,1,0.0,1.0
21289,0,1.0,0.0
21290,0,1.0,0.0
21291,0,1.0,0.0
21292,0,1.0,0.0
21293,1,0.0,1.0
21294,0,1.0,0.0
21295,0,1.0,0.0
21296,1,0.0,1.0
21297,1,0.0,1.0
21298,1,0.0,1.0
21299,1,0.0,1.0
21300,0,1.0,0.0
21301,0,1.0,0.0
21302,0,1.0,0.0
21303,1,0.0,1.0
21304,1,0.0,1.0
21305,1,0.0,1.0
21306,0,1.0,0.0
21307,0,1.0,0.0
21308,1,0.0,1.0
21309,0,1.0,0.0
21310,1,0.0,1.0
21311,1,0.0,1.0
21312,1,0.0,1.0
21313,0,1.0,0.0
21314,0,1.0,0.0
21315,1,0.0,1.0
21316,0,1.0,0.0
21317,0,1.0,0.0
21318,0,1.0,0.0
21319,0,1.0,0.0
21320,0,1.0,0.0
21321,0,1.0,0.0
21322,1,0.0,1.0
21323,0,1.0,0.0
21324,1,0.0,1.0
21325,1,0.0,1.0
21326,0,1.0,0.0
21327,0,1.0,0.0
21328,1,0.0,1.0
21329,0,1.0,0.0
21330,1,0.0,1.0
21331,1,0.0,1.0
21332,1,0.0,1.0
21333,1,0.0,1.0
21334,1,0.0,1.0
21335,0,1.0,0.0
21336,1,0.0,1.0
21337,1,0.0,1.0
21338,1,0.0,1.0
21339,1,0.0,1.0
21340,1,0.0,1.0
21341,1,0.0,1.0
21342,1,0.0,1.0
21343,0,1.0,0.0
21344,0,1.0,0.0
21345,1,0.0,1.0
21346,0,1.0,0.0
21347,0,1.0,0.0
21348,1,0.0,1.0
21349,0,1.0,0.0
21350,0,1.0,0.0
21351,1,0.0,1.0
21352,0,1.0,0.0
21353,1,0.0,1.0
21354,1,0.0,1.0
21355,0,1.0,0.0
21356,1,0.0,1.0
21357,0,1.0,0.0
21358,0,1.0,0.0
21359,1,0.0,1.0
21360,0,1.0,0.0
21361,1,0.0,1.0
21362,0,1.0,0.0
21363,0,1.0,0.0
21364,1,0.0,1.0
21365,1,0.0,1.0
21366,0,1.0,0.0
21367,1,0.0,1.0
21368,0,1.0,0.0
21369,0,1.0,0.0
21370,1,0.0,1.0
21371,0,1.0,0.0
21372,1,0.0,1.0
21373,0,1.0,0.0
21374,0,1.0,0.0
21375,0,1.0,0.0
21376,1,0.0,1.0
21377,0,1.0,0.0
21378,1,0.0,1.0
21379,1,0.0,1.0
21380,0,1.0,0.0
21381,0,1.0,0.0
21382,1,0.0,1.0
21383,1,0.0,1.0
21384,0,1.0,0.0
21385,1,0.0,1.0
21386,1,0.0,1.0
21387,1,0.0,1.0
21388,0,1.0,0.0
21389,1,0.0,1.0
21390,1,0.0,1.0
21391,1,0.0,1.0
21392,0,1.0,0.0
21393,1,0.0,1.0
21394,1,0.0,1.0
21395,0,1.0,0.0
21396,0,1.0,0.0
21397,0,1.0,0.0
21398,0,1.0,0.0
21399,0,1.0,0.0
21400,1,0.0,1.0
21401,0,1.0,0.0
21402,1,0.0,1.0
21403,1,0.0,1.0
21404,0,1.0,0.0
21405,0,1.0,0.0
21406,0,1.0,0.0
21407,1,0.0,1.0
21408,0,1.0,0.0
21409,0,1.0,0.0
21410,1,0.0,1.0
21411,1,0.0,1.0
21412,0,1.0,0.0
21413,0,1.0,0.0
21414,0,1.0,0.0
21415,1,0.0,1.0
21416,1,0.0,1.0
21417,0,1.0,0.0
21418,0,1.0,0.0
21419,1,0.0,1.0
21420,1,0.0,1.0
21421,0,1.0,0.0
21422,1,0.0,1.0
21423,0,1.0,0.0
21424,0,1.0,0.0
21425,0,1.0,0.0
21426,1,0.0,1.0
21427,0,1.0,0.0
21428,1,0.0,1.0
21429,0,1.0,0.0
21430,0,1.0,0.0
21431,1,0.0,1.0
21432,0,1.0,0.0
21433,0,1.0,0.0
21434,1,0.0,1.0
21435,0,1.0,0.0
21436,0,1.0,0.0
21437,1,0.0,1.0
21438,0,1.0,0.0
21439,1,0.0,1.0
21440,0,1.0,0.0
21441,1,0.0,1.0
21442,1,0.0,1.0
21443,1,0.0,1.0
21444,1,0.0,1.0
21445,1,0.0,1.0
21446,1,0.0,1.0
21447,0,1.0,0.0
21448,1,0.0,1.0
21449,1,0.0,1.0
21450,1,0.0,1.0
21451,1,0.0,1.0
21452,1,0.0,1.0
21453,1,0.0,1.0
21454,1,0.0,1.0
21455,0,1.0,0.0
21456,0,1.0,0.0
21457,0,1.0,0.0
21458,0,1.0,0.0
21459,0,1.0,0.0
21460,0,1.0,0.0
21461,1,0.0,1.0
21462,0,1.0,0.0
21463,1,0.0,1.0
21464,0,1.0,0.0
21465,0,1.0,0.0
21466,0,1.0,0.0
21467,0,1.0,0.0
21468,0,1.0,0.0
21469,0,1.0,0.0
21470,1,0.0,1.0
21471,1,0.0,1.0
21472,0,1.0,0.0
21473,0,1.0,0.0
21474,0,1.0,0.0
21475,0,1.0,0.0
21476,1,0.0,1.0
21477,1,0.0,1.0
21478,0,1.0,0.0
21479,1,0.0,1.0
21480,1,0.0,1.0
21481,0,1.0,0.0
21482,1,0.0,1.0
21483,0,1.0,0.0
21484,0,1.0,0.0
21485,0,1.0,0.0
21486,0,1.0,0.0
21487,1,0.0,1.0
21488,1,0.0,1.0
21489,1,0.0,1.0
21490,1,0.0,1.0
21491,0,1.0,0.0
21492,1,0.0,1.0
21493,0,1.0,0.0
21494,0,1.0,0.0
21495,0,1.0,0.0
21496,1,0.0,1.0
21497,0,1.0,0.0
21498,1,0.0,1.0
21499,0,1.0,0.0
21500,1,0.0,1.0
21501,0,1.0,0.0
21502,0,1.0,0.0
21503,1,0.0,1.0
21504,0,1.0,0.0
21505,1,0.0,1.0
21506,1,0.0,1.0
21507,0,1.0,0.0
21508,0,1.0,0.0
21509,0,1.0,0.0
21510,0,1.0,0.0
21511,1,0.0,1.0
21512,0,1.0,0.0
21513,1,0.0,1.0
21514,0,1.0,0.0
21515,0,1.0,0.0
21516,1,0.0,1.0
21517,1,0.0,1.0
21518,0,1.0,0.0
21519,1,0.0,1.0
21520,0,1.0,0.0
21521,0,1.0,0.0
21522,1,0.0,1.0
21523,0,1.0,0.0
21524,1,0.0,1.0
21525,0,1.0,0.0
21526,0,1.0,0.0
21527,0,1.0,0.0
21528,1,0.0,1.0
21529,0,1.0,0.0
21530,0,1.0,0.0
21531,0,1.0,0.0
21532,0,1.0,0.0
21533,0,1.0,0.0
21534,0,1.0,0.0
21535,1,0.0,1.0
21536,0,1.0,0.0
21537,1,0.0,1.0
21538,1,0.0,1.0
21539,0,1.0,0.0
21540,1,0.0,1.0
21541,0,1.0,0.0
21542,0,1.0,0.0
21543,0,1.0,0.0
21544,1,0.0,1.0
21545,0,1.0,0.0
21546,0,1.0,0.0
21547,0,1.0,0.0
21548,1,0.0,1.0
21549,0,1.0,0.0
21550,1,0.0,1.0
21551,1,0.0,1.0
21552,0,1.0,0.0
21553,1,0.0,1.0
21554,0,1.0,0.0
21555,1,0.0,1.0
21556,0,1.0,0.0
21557,0,1.0,0.0
21558,1,0.0,1.0
21559,1,0.0,1.0
21560,0,1.0,0.0
21561,0,1.0,0.0
21562,1,0.0,1.0
21563,0,1.0,0.0
21564,1,0.0,1.0
21565,1,0.0,1.0
21566,0,1.0,0.0
21567,1,0.0,1.0
21568,0,1.0,0.0
21569,1,0.0,1.0
21570,1,0.0,1.0
21571,0,1.0,0.0
21572,0,1.0,0.0
21573,0,1.0,0.0
21574,0,1.0,0.0
21575,0,1.0,0.0
21576,0,1.0,0.0
21577,1,0.0,1.0
21578,1,0.0,1.0
21579,1,0.0,1.0
21580,0,1.0,0.0
21581,1,0.0,1.0
21582,1,0.0,1.0
21583,1,0.0,1.0
21584,1,0.0,1.0
21585,1,0.0,1.0
21586,0,1.0,0.0
21587,0,1.0,0.0
21588,0,1.0,0.0
21589,0,1.0,0.0
21590,0,1.0,0.0
21591,1,0.0,1.0
21592,1,0.0,1.0
21593,1,0.0,1.0
21594,1,0.0,1.0
21595,0,1.0,0.0
21596,0,1.0,0.0
21597,1,0.0,1.0
21598,0,1.0,0.0
21599,0,1.0,0.0
21600,1,0.0,1.0
21601,0,1.0,0.0
21602,1,0.0,1.0
21603,1,0.0,1.0
21604,0,1.0,0.0
21605,0,1.0,0.0
21606,0,1.0,0.0
21607,1,0.0,1.0
21608,0,1.0,0.0
21609,1,0.0,1.0
21610,1,0.0,1.0
21611,1,0.0,1.0
21612,1,0.0,1.0
21613,0,1.0,0.0
21614,1,0.0,1.0
21615,0,1.0,0.0
21616,0,1.0,0.0
21617,0,1.0,0.0
21618,1,0.0,1.0
21619,0,1.0,0.0
21620,0,1.0,0.0
21621,1,0.0,1.0
21622,0,1.0,0.0
21623,1,0.0,1.0
21624,1,0.0,1.0
21625,0,1.0,0.0
21626,0,1.0,0.0
21627,1,0.0,1.0
21628,0,1.0,0.0
21629,1,0.0,1.0
21630,0,1.0,0.0
21631,0,1.0,0.0
21632,0,1.0,0.0
21633,1,0.0,1.0
21634,0,1.0,0.0
21635,1,0.0,1.0
21636,1,0.0,1.0
21637,1,0.0,1.0
21638,1,0.0,1.0
21639,1,0.0,1.0
21640,1,0.0,1.0
21641,1,0.0,1.0
21642,0,1.0,0.0
21643,0,1.0,0.0
21644,0,1.0,0.0
21645,0,1.0,0.0
21646,0,1.0,0.0
21647,0,1.0,0.0
21648,0,1.0,0.0
21649,1,0.0,1.0
21650,1,0.0,1.0
21651,1,0.0,1.0
21652,1,0.0,1.0
21653,0,1.0,0.0
21654,1,0.0,1.0
21655,0,1.0,0.0
21656,1,0.0,1.0
21657,1,0.0,1.0
21658,1,0.0,1.0
21659,0,1.0,0.0
21660,0,1.0,0.0
21661,1,0.0,1.0
21662,0,1.0,0.0
21663,1,0.0,1.0
21664,1,0.0,1.0
21665,1,0.0,1.0
21666,1,0.0,1.0
21667,1,0.0,1.0
21668,1,0.0,1.0
21669,0,1.0,0.0
21670,0,1.0,0.0
21671,0,1.0,0.0
21672,0,1.0,0.0
21673,0,1.0,0.0
21674,0,1.0,0.0
21675,0,1.0,0.0
21676,0,1.0,0.0
21677,0,1.0,0.0
21678,1,0.0,1.0
21679,0,1.0,0.0
21680,0,1.0,0.0
21681,1,0.0,1.0
21682,1,0.0,1.0
21683,1,0.0,1.0
21684,1,0.0,1.0
21685,1,0.0,1.0
21686,1,0.0,1.0
21687,1,0.0,1.0
21688,1,0.0,1.0
21689,1,0.0,1.0
21690,1,0.0,1.0
21691,0,1.0,0.0
21692,1,0.0,1.0
21693,0,1.0,0.0
21694,0,1.0,0.0
21695,0,1.0,0.0
21696,0,1.0,0.0
21697,0,1.0,0.0
21698,0,1.0,0.0
21699,1,0.0,1.0
21700,1,0.0,1.0
21701,1,0.0,1.0
21702,0,1.0,0.0
21703,1,0.0,1.0
21704,1,0.0,1.0
21705,1,0.0,1.0
21706,0,1.0,0.0
21707,1,0.0,1.0
21708,1,0.0,1.0
21709,1,0.0,1.0
21710,0,1.0,0.0
21711,1,0.0,1.0
21712,1,0.0,1.0
21713,1,0.0,1.0
21714,1,0.0,1.0
21715,0,1.0,0.0
21716,1,0.0,1.0
21717,0,1.0,0.0
21718,0,1.0,0.0
21719,0,1.0,0.0
21720,0,1.0,0.0
21721,1,0.0,1.0
21722,1,0.0,1.0
21723,1,0.0,1.0
21724,0,1.0,0.0
21725,1,0.0,1.0
21726,1,0.0,1.0
21727,0,1.0,0.0
21728,1,0.0,1.0
21729,1,0.0,1.0
21730,0,1.0,0.0
21731,0,1.0,0.0
21732,1,0.0,1.0
21733,1,0.0,1.0
21734,0,1.0,0.0
21735,1,0.0,1.0
21736,0,1.0,0.0
21737,0,1.0,0.0
21738,1,0.0,1.0
21739,0,1.0,0.0
21740,1,0.0,1.0
21741,1,0.0,1.0
21742,1,0.0,1.0
21743,0,1.0,0.0
21744,0,1.0,0.0
21745,0,1.0,0.0
21746,1,0.0,1.0
21747,0,1.0,0.0
21748,1,0.0,1.0
21749,1,0.0,1.0
21750,1,0.0,1.0
21751,0,1.0,0.0
21752,0,1.0,0.0
21753,0,1.0,0.0
21754,0,1.0,0.0
21755,0,1.0,0.0
21756,1,0.0,1.0
21757,0,1.0,0.0
21758,1,0.0,1.0
21759,0,1.0,0.0
21760,1,0.0,1.0
21761,0,1.0,0.0
21762,1,0.0,1.0
21763,0,1.0,0.0
21764,0,1.0,0.0
21765,1,0.0,1.0
21766,1,0.0,1.0
21767,0,1.0,0.0
21768,0,1.0,0.0
21769,1,0.0,1.0
21770,0,1.0,0.0
21771,0,1.0,0.0
21772,0,1.0,0.0
21773,0,1.0,0.0
21774,0,1.0,0.0
21775,1,0.0,1.0
21776,0,1.0,0.0
21777,0,1.0,0.0
21778,1,0.0,1.0
21779,0,1.0,0.0
21780,0,1.0,0.0
21781,0,1.0,0.0
21782,1,0.0,1.0
21783,1,0.0,1.0
21784,0,1.0,0.0
21785,0,1.0,0.0
21786,0,1.0,0.0
21787,1,0.0,1.0
21788,0,1.0,0.0
21789,1,0.0,1.0
21790,1,0.0,1.0
21791,0,1.0,0.0
21792,1,0.0,1.0
21793,1,0.0,1.0
21794,1,0.0,1.0
21795,0,1.0,0.0
21796,1,0.0,1.0
21797,0,1.0,0.0
21798,1,0.0,1.0
21799,0,1.0,0.0
21800,0,1.0,0.0
21801,0,1.0,0.0
21802,1,0.0,1.0
21803,1,0.0,1.0
21804,0,1.0,0.0
21805,0,1.0,0.0
21806,0,1.0,0.0
21807,1,0.0,1.0
21808,1,0.0,1.0
21809,1,0.0,1.0
21810,1,0.0,1.0
21811,1,0.0,1.0
21812,0,1.0,0.0
21813,0,1.0,0.0
21814,1,0.0,1.0
21815,0,1.0,0.0
21816,1,0.0,1.0
21817,0,1.0,0.0
21818,1,0.0,1.0
21819,1,0.0,1.0
21820,0,1.0,0.0
21821,1,0.0,1.0
21822,0,1.0,0.0
21823,0,1.0,0.0
21824,1,0.0,1.0
21825,0,1.0,0.0
21826,0,1.0,0.0
21827,0,1.0,0.0
21828,1,0.0,1.0
21829,1,0.0,1.0
21830,1,0.0,1.0
21831,1,0.0,1.0
21832,1,0.0,1.0
21833,1,0.0,1.0
21834,1,0.0,1.0
21835,1,0.0,1.0
21836,1,0.0,1.0
21837,1,0.0,1.0
21838,0,1.0,0.0
21839,1,0.0,1.0
21840,1,0.0,1.0
21841,1,0.0,1.0
21842,0,1.0,0.0
21843,0,1.0,0.0
21844,1,0.0,1.0
21845,0,1.0,0.0
21846,0,1.0,0.0
21847,1,0.0,1.0
21848,1,0.0,1.0
21849,0,1.0,0.0
21850,1,0.0,1.0
21851,0,1.0,0.0
21852,0,1.0,0.0
21853,1,0.0,1.0
21854,1,0.0,1.0
21855,1,0.0,1.0
21856,1,0.0,1.0
21857,1,0.0,1.0
21858,0,1.0,0.0
21859,1,0.0,1.0
21860,0,1.0,0.0
21861,0,1.0,0.0
21862,1,0.0,1.0
21863,1,0.0,1.0
21864,0,1.0,0.0
21865,1,0.0,1.0
21866,1,0.0,1.0
21867,0,1.0,0.0
21868,0,1.0,0.0
21869,1,0.0,1.0
21870,1,0.0,1.0
21871,0,1.0,0.0
21872,0,1.0,0.0
21873,0,1.0,0.0
21874,1,0.0,1.0
21875,1,0.0,1.0
21876,0,1.0,0.0
21877,0,1.0,0.0
21878,1,0.0,1.0
21879,0,1.0,0.0
21880,0,1.0,0.0
21881,1,0.0,1.0
21882,1,0.0,1.0
21883,0,1.0,0.0
21884,1,0.0,1.0
21885,0,1.0,0.0
21886,0,1.0,0.0
21887,0,1.0,0.0
21888,0,1.0,0.0
21889,0,1.0,0.0
21890,1,0.0,1.0
21891,0,1.0,0.0
21892,0,1.0,0.0
21893,0,1.0,0.0
21894,0,1.0,0.0
21895,0,1.0,0.0
21896,1,0.0,1.0
21897,0,1.0,0.0
21898,0,1.0,0.0
21899,0,1.0,0.0
21900,0,1.0,0.0
21901,1,0.0,1.0
21902,1,0.0,1.0
21903,1,0.0,1.0
21904,1,0.0,1.0
21905,1,0.0,1.0
21906,1,0.0,1.0
21907,1,0.0,1.0
21908,1,0.0,1.0
21909,0,1.0,0.0
21910,0,1.0,0.0
21911,0,1.0,0.0
21912,0,1.0,0.0
21913,0,1.0,0.0
21914,1,0.0,1.0
21915,1,0.0,1.0
21916,1,0.0,1.0
21917,0,1.0,0.0
21918,0,1.0,0.0
21919,0,1.0,0.0
21920,0,1.0,0.0
21921,1,0.0,1.0
21922,0,1.0,0.0
21923,1,0.0,1.0
21924,0,1.0,0.0
21925,0,1.0,0.0
21926,0,1.0,0.0
21927,1,0.0,1.0
21928,0,1.0,0.0
21929,1,0.0,1.0
21930,1,0.0,1.0
21931,1,0.0,1.0
21932,1,0.0,1.0
21933,0,1.0,0.0
21934,1,0.0,1.0
21935,0,1.0,0.0
21936,1,0.0,1.0
21937,1,0.0,1.0
21938,1,0.0,1.0
21939,1,0.0,1.0
21940,1,0.0,1.0
21941,0,1.0,0.0
21942,1,0.0,1.0
21943,1,0.0,1.0
21944,1,0.0,1.0
21945,1,0.0,1.0
21946,1,0.0,1.0
21947,1,0.0,1.0
21948,1,0.0,1.0
21949,0,1.0,0.0
21950,1,0.0,1.0
21951,1,0.0,1.0
21952,1,0.0,1.0
21953,0,1.0,0.0
21954,1,0.0,1.0
21955,1,0.0,1.0
21956,1,0.0,1.0
21957,1,0.0,1.0
21958,0,1.0,0.0
21959,1,0.0,1.0
21960,1,0.0,1.0
21961,0,1.0,0.0
21962,0,1.0,0.0
21963,1,0.0,1.0
21964,0,1.0,0.0
21965,0,1.0,0.0
21966,0,1.0,0.0
21967,0,1.0,0.0
21968,1,0.0,1.0
21969,1,0.0,1.0
21970,1,0.0,1.0
21971,1,0.0,1.0
21972,0,1.0,0.0
21973,0,1.0,0.0
21974,1,0.0,1.0
21975,1,0.0,1.0
21976,1,0.0,1.0
21977,0,1.0,0.0
21978,1,0.0,1.0
21979,0,1.0,0.0
21980,0,1.0,0.0
21981,0,1.0,0.0
21982,0,1.0,0.0
21983,0,1.0,0.0
21984,1,0.0,1.0
21985,0,1.0,0.0
21986,1,0.0,1.0
21987,1,0.0,1.0
21988,0,1.0,0.0
21989,0,1.0,0.0
21990,0,1.0,0.0
21991,0,1.0,0.0
21992,1,0.0,1.0
21993,1,0.0,1.0
21994,0,1.0,0.0
21995,1,0.0,1.0
21996,1,0.0,1.0
21997,1,0.0,1.0
21998,0,1.0,0.0
21999,0,1.0,0.0
22000,0,1.0,0.0
22001,0,1.0,0.0
22002,1,0.0,1.0
22003,1,0.0,1.0
22004,1,0.0,1.0
22005,0,1.0,0.0
22006,1,0.0,1.0
22007,0,1.0,0.0
22008,0,1.0,0.0
22009,0,1.0,0.0
22010,0,1.0,0.0
22011,1,0.0,1.0
22012,0,1.0,0.0
22013,0,1.0,0.0
22014,0,1.0,0.0
22015,0,1.0,0.0
22016,1,0.0,1.0
22017,0,1.0,0.0
22018,0,1.0,0.0
22019,1,0.0,1.0
22020,1,0.0,1.0
22021,1,0.0,1.0
22022,1,0.0,1.0
22023,1,0.0,1.0
22024,0,1.0,0.0
22025,0,1.0,0.0
22026,1,0.0,1.0
22027,1,0.0,1.0
22028,0,1.0,0.0
22029,0,1.0,0.0
22030,1,0.0,1.0
22031,0,1.0,0.0
22032,0,1.0,0.0
22033,1,0.0,1.0
22034,1,0.0,1.0
22035,1,0.0,1.0
22036,0,1.0,0.0
22037,0,1.0,0.0
22038,1,0.0,1.0
22039,0,1.0,0.0
22040,0,1.0,0.0
22041,1,0.0,1.0
22042,1,0.0,1.0
22043,1,0.0,1.0
22044,0,1.0,0.0
22045,1,0.0,1.0
22046,1,0.0,1.0
22047,0,1.0,0.0
22048,0,1.0,0.0
22049,1,0.0,1.0
22050,0,1.0,0.0
22051,0,1.0,0.0
22052,0,1.0,0.0
22053,1,0.0,1.0
22054,1,0.0,1.0
22055,0,1.0,0.0
22056,1,0.0,1.0
22057,1,0.0,1.0
22058,1,0.0,1.0
22059,1,0.0,1.0
22060,0,1.0,0.0
22061,1,0.0,1.0
22062,0,1.0,0.0
22063,0,1.0,0.0
22064,0,1.0,0.0
22065,1,0.0,1.0
22066,1,0.0,1.0
22067,1,0.0,1.0
22068,1,0.0,1.0
22069,1,0.0,1.0
22070,1,0.0,1.0
22071,1,0.0,1.0
22072,1,0.0,1.0
22073,0,1.0,0.0
22074,1,0.0,1.0
22075,0,1.0,0.0
22076,0,1.0,0.0
22077,0,1.0,0.0
22078,0,1.0,0.0
22079,0,1.0,0.0
22080,1,0.0,1.0
22081,1,0.0,1.0
22082,0,1.0,0.0
22083,0,1.0,0.0
22084,0,1.0,0.0
22085,1,0.0,1.0
22086,1,0.0,1.0
22087,1,0.0,1.0
22088,1,0.0,1.0
22089,1,0.0,1.0
22090,1,0.0,1.0
22091,0,1.0,0.0
22092,1,0.0,1.0
22093,1,0.0,1.0
22094,0,1.0,0.0
22095,1,0.0,1.0
22096,1,0.0,1.0
22097,0,1.0,0.0
22098,0,1.0,0.0
22099,0,1.0,0.0
22100,0,1.0,0.0
22101,0,1.0,0.0
22102,1,0.0,1.0
22103,0,1.0,0.0
22104,1,0.0,1.0
22105,1,0.0,1.0
22106,0,1.0,0.0
22107,0,1.0,0.0
22108,1,0.0,1.0
22109,0,1.0,0.0
22110,0,1.0,0.0
22111,1,0.0,1.0
22112,1,0.0,1.0
22113,1,0.0,1.0
22114,0,1.0,0.0
22115,1,0.0,1.0
22116,0,1.0,0.0
22117,0,1.0,0.0
22118,0,1.0,0.0
22119,0,1.0,0.0
22120,1,0.0,1.0
22121,1,0.0,1.0
22122,1,0.0,1.0
22123,0,1.0,0.0
22124,0,1.0,0.0
22125,0,1.0,0.0
22126,1,0.0,1.0
22127,1,0.0,1.0
22128,0,1.0,0.0
22129,0,1.0,0.0
22130,1,0.0,1.0
22131,1,0.0,1.0
22132,0,1.0,0.0
22133,0,1.0,0.0
22134,0,1.0,0.0
22135,0,1.0,0.0
22136,0,1.0,0.0
22137,1,0.0,1.0
22138,0,1.0,0.0
22139,0,1.0,0.0
22140,0,1.0,0.0
22141,1,0.0,1.0
22142,1,0.0,1.0
22143,0,1.0,0.0
22144,1,0.0,1.0
22145,0,1.0,0.0
22146,0,1.0,0.0
22147,1,0.0,1.0
22148,1,0.0,1.0
22149,0,1.0,0.0
22150,0,1.0,0.0
22151,0,1.0,0.0
22152,1,0.0,1.0
22153,0,1.0,0.0
22154,1,0.0,1.0
22155,1,0.0,1.0
22156,0,1.0,0.0
22157,1,0.0,1.0
22158,1,0.0,1.0
22159,1,0.0,1.0
22160,1,0.0,1.0
22161,0,1.0,0.0
22162,1,0.0,1.0
22163,0,1.0,0.0
22164,0,1.0,0.0
22165,1,0.0,1.0
22166,1,0.0,1.0
22167,0,1.0,0.0
22168,0,1.0,0.0
22169,1,0.0,1.0
22170,0,1.0,0.0
22171,0,1.0,0.0
22172,1,0.0,1.0
22173,0,1.0,0.0
22174,1,0.0,1.0
22175,0,1.0,0.0
22176,0,1.0,0.0
22177,0,1.0,0.0
22178,1,0.0,1.0
22179,0,1.0,0.0
22180,0,1.0,0.0
22181,1,0.0,1.0
22182,0,1.0,0.0
22183,0,1.0,0.0
22184,1,0.0,1.0
22185,1,0.0,1.0
22186,1,0.0,1.0
22187,0,1.0,0.0
22188,1,0.0,1.0
22189,0,1.0,0.0
22190,1,0.0,1.0
22191,0,1.0,0.0
22192,0,1.0,0.0
22193,1,0.0,1.0
22194,0,1.0,0.0
22195,1,0.0,1.0
22196,0,1.0,0.0
22197,1,0.0,1.0
22198,1,0.0,1.0
22199,0,1.0,0.0
22200,0,1.0,0.0
22201,0,1.0,0.0
22202,0,1.0,0.0
22203,1,0.0,1.0
22204,1,0.0,1.0
22205,0,1.0,0.0
22206,1,0.0,1.0
22207,0,1.0,0.0
22208,1,0.0,1.0
22209,0,1.0,0.0
22210,0,1.0,0.0
22211,1,0.0,1.0
22212,0,1.0,0.0
22213,0,1.0,0.0
22214,1,0.0,1.0
22215,0,1.0,0.0
22216,1,0.0,1.0
22217,1,0.0,1.0
22218,0,1.0,0.0
22219,1,0.0,1.0
22220,0,1.0,0.0
22221,0,1.0,0.0
22222,1,0.0,1.0
22223,1,0.0,1.0
22224,1,0.0,1.0
22225,1,0.0,1.0
22226,0,1.0,0.0
22227,0,1.0,0.0
22228,1,0.0,1.0
22229,1,0.0,1.0
22230,1,0.0,1.0
22231,1,0.0,1.0
22232,0,1.0,0.0
22233,0,1.0,0.0
22234,0,1.0,0.0
22235,0,1.0,0.0
22236,0,1.0,0.0
22237,1,0.0,1.0
22238,1,0.0,1.0
22239,0,1.0,0.0
22240,0,1.0,0.0
22241,0,1.0,0.0
22242,1,0.0,1.0
22243,0,1.0,0.0
22244,1,0.0,1.0
22245,0,1.0,0.0
22246,1,0.0,1.0
22247,0,1.0,0.0
22248,0,1.0,0.0
22249,0,1.0,0.0
22250,1,0.0,1.0
22251,0,1.0,0.0
22252,1,0.0,1.0
22253,0,1.0,0.0
22254,0,1.0,0.0
22255,0,1.0,0.0
22256,1,0.0,1.0
22257,0,1.0,0.0
22258,1,0.0,1.0
22259,1,0.0,1.0
22260,1,0.0,1.0
22261,0,1.0,0.0
22262,0,1.0,0.0
22263,0,1.0,0.0
22264,0,1.0,0.0
22265,1,0.0,1.0
22266,0,1.0,0.0
22267,0,1.0,0.0
22268,1,0.0,1.0
22269,1,0.0,1.0
22270,0,1.0,0.0
22271,0,1.0,0.0
22272,1,0.0,1.0
22273,1,0.0,1.0
22274,0,1.0,0.0
22275,0,1.0,0.0
22276,1,0.0,1.0
22277,0,1.0,0.0
22278,1,0.0,1.0
22279,1,0.0,1.0
22280,0,1.0,0.0
22281,0,1.0,0.0
22282,1,0.0,1.0
22283,1,0.0,1.0
22284,0,1.0,0.0
22285,1,0.0,1.0
22286,1,0.0,1.0
22287,0,1.0,0.0
22288,0,1.0,0.0
22289,1,0.0,1.0
22290,0,1.0,0.0
22291,0,1.0,0.0
22292,1,0.0,1.0
22293,0,1.0,0.0
22294,1,0.0,1.0
22295,1,0.0,1.0
22296,0,1.0,0.0
22297,1,0.0,1.0
22298,1,0.0,1.0
22299,1,0.0,1.0
22300,1,0.0,1.0
22301,1,0.0,1.0
22302,0,1.0,0.0
22303,0,1.0,0.0
22304,0,1.0,0.0
22305,1,0.0,1.0
22306,1,0.0,1.0
22307,0,1.0,0.0
22308,0,1.0,0.0
22309,0,1.0,0.0
22310,1,0.0,1.0
22311,1,0.0,1.0
22312,0,1.0,0.0
22313,1,0.0,1.0
22314,1,0.0,1.0
22315,1,0.0,1.0
22316,1,0.0,1.0
22317,0,1.0,0.0
22318,0,1.0,0.0
22319,1,0.0,1.0
22320,0,1.0,0.0
22321,1,0.0,1.0
22322,0,1.0,0.0
22323,1,0.0,1.0
22324,0,1.0,0.0
22325,0,1.0,0.0
22326,1,0.0,1.0
22327,0,1.0,0.0
22328,1,0.0,1.0
22329,1,0.0,1.0
22330,1,0.0,1.0
22331,0,1.0,0.0
22332,0,1.0,0.0
22333,1,0.0,1.0
22334,1,0.0,1.0
22335,0,1.0,0.0
22336,0,1.0,0.0
22337,0,1.0,0.0
22338,1,0.0,1.0
22339,1,0.0,1.0
22340,1,0.0,1.0
22341,0,1.0,0.0
22342,1,0.0,1.0
22343,0,1.0,0.0
22344,0,1.0,0.0
22345,0,1.0,0.0
22346,0,1.0,0.0
22347,1,0.0,1.0
22348,0,1.0,0.0
22349,0,1.0,0.0
22350,1,0.0,1.0
22351,0,1.0,0.0
22352,1,0.0,1.0
22353,1,0.0,1.0
22354,1,0.0,1.0
22355,0,1.0,0.0
22356,1,0.0,1.0
22357,1,0.0,1.0
22358,1,0.0,1.0
22359,1,0.0,1.0
22360,1,0.0,1.0
22361,0,1.0,0.0
22362,0,1.0,0.0
22363,0,1.0,0.0
22364,1,0.0,1.0
22365,1,0.0,1.0
22366,1,0.0,1.0
22367,0,1.0,0.0
22368,0,1.0,0.0
22369,0,1.0,0.0
22370,1,0.0,1.0
22371,1,0.0,1.0
22372,1,0.0,1.0
22373,0,1.0,0.0
22374,0,1.0,0.0
22375,0,1.0,0.0
22376,0,1.0,0.0
22377,1,0.0,1.0
22378,1,0.0,1.0
22379,1,0.0,1.0
22380,0,1.0,0.0
22381,1,0.0,1.0
22382,0,1.0,0.0
22383,1,0.0,1.0
22384,1,0.0,1.0
22385,1,0.0,1.0
22386,1,0.0,1.0
22387,1,0.0,1.0
22388,0,1.0,0.0
22389,1,0.0,1.0
22390,0,1.0,0.0
22391,1,0.0,1.0
22392,0,1.0,0.0
22393,1,0.0,1.0
22394,0,1.0,0.0
22395,1,0.0,1.0
22396,0,1.0,0.0
22397,1,0.0,1.0
22398,0,1.0,0.0
22399,1,0.0,1.0
22400,0,1.0,0.0
22401,0,1.0,0.0
22402,0,1.0,0.0
22403,1,0.0,1.0
22404,1,0.0,1.0
22405,1,0.0,1.0
22406,1,0.0,1.0
22407,1,0.0,1.0
22408,0,1.0,0.0
22409,1,0.0,1.0
22410,0,1.0,0.0
22411,0,1.0,0.0
22412,1,0.0,1.0
22413,0,1.0,0.0
22414,1,0.0,1.0
22415,1,0.0,1.0
22416,0,1.0,0.0
22417,1,0.0,1.0
22418,1,0.0,1.0
22419,1,0.0,1.0
22420,1,0.0,1.0
22421,0,1.0,0.0
22422,0,1.0,0.0
22423,0,1.0,0.0
22424,0,1.0,0.0
22425,0,1.0,0.0
22426,0,1.0,0.0
22427,1,0.0,1.0
22428,1,0.0,1.0
22429,0,1.0,0.0
22430,0,1.0,0.0
22431,1,0.0,1.0
22432,1,0.0,1.0
22433,1,0.0,1.0
22434,1,0.0,1.0
22435,1,0.0,1.0
22436,0,1.0,0.0
22437,1,0.0,1.0
22438,1,0.0,1.0
22439,1,0.0,1.0
22440,1,0.0,1.0
22441,1,0.0,1.0
22442,1,0.0,1.0
22443,0,1.0,0.0
22444,1,0.0,1.0
22445,0,1.0,0.0
22446,1,0.0,1.0
22447,1,0.0,1.0
22448,0,1.0,0.0
22449,1,0.0,1.0
22450,1,0.0,1.0
22451,1,0.0,1.0
22452,1,0.0,1.0
22453,0,1.0,0.0
22454,1,0.0,1.0
22455,1,0.0,1.0
22456,1,0.0,1.0
22457,0,1.0,0.0
22458,0,1.0,0.0
22459,1,0.0,1.0
22460,0,1.0,0.0
22461,0,1.0,0.0
22462,0,1.0,0.0
22463,0,1.0,0.0
22464,0,1.0,0.0
22465,1,0.0,1.0
22466,0,1.0,0.0
22467,0,1.0,0.0
22468,0,1.0,0.0
22469,0,1.0,0.0
22470,1,0.0,1.0
22471,1,0.0,1.0
22472,0,1.0,0.0
22473,1,0.0,1.0
22474,0,1.0,0.0
22475,0,1.0,0.0
22476,1,0.0,1.0
22477,0,1.0,0.0
22478,1,0.0,1.0
22479,0,1.0,0.0
22480,1,0.0,1.0
22481,1,0.0,1.0
22482,1,0.0,1.0
22483,0,1.0,0.0
22484,1,0.0,1.0
22485,0,1.0,0.0
22486,1,0.0,1.0
22487,0,1.0,0.0
22488,0,1.0,0.0
22489,1,0.0,1.0
22490,0,1.0,0.0
22491,1,0.0,1.0
22492,0,1.0,0.0
22493,0,1.0,0.0
22494,1,0.0,1.0
22495,0,1.0,0.0
22496,0,1.0,0.0
22497,1,0.0,1.0
22498,1,0.0,1.0
22499,1,0.0,1.0
22500,1,0.0,1.0
22501,0,1.0,0.0
22502,1,0.0,1.0
22503,0,1.0,0.0
22504,0,1.0,0.0
22505,0,1.0,0.0
22506,1,0.0,1.0
22507,1,0.0,1.0
22508,1,0.0,1.0
22509,1,0.0,1.0
22510,1,0.0,1.0
22511,0,1.0,0.0
22512,0,1.0,0.0
22513,1,0.0,1.0
22514,1,0.0,1.0
22515,1,0.0,1.0
22516,1,0.0,1.0
22517,1,0.0,1.0
22518,0,1.0,0.0
22519,1,0.0,1.0
22520,0,1.0,0.0
22521,1,0.0,1.0
22522,1,0.0,1.0
22523,0,1.0,0.0
22524,1,0.0,1.0
22525,0,1.0,0.0
22526,0,1.0,0.0
22527,1,0.0,1.0
22528,0,1.0,0.0
22529,1,0.0,1.0
22530,1,0.0,1.0
22531,1,0.0,1.0
22532,1,0.0,1.0
22533,1,0.0,1.0
22534,1,0.0,1.0
22535,0,1.0,0.0
22536,0,1.0,0.0
22537,1,0.0,1.0
22538,1,0.0,1.0
22539,0,1.0,0.0
22540,0,1.0,0.0
22541,0,1.0,0.0
22542,0,1.0,0.0
22543,0,1.0,0.0
22544,0,1.0,0.0
22545,0,1.0,0.0
22546,0,1.0,0.0
22547,1,0.0,1.0
22548,1,0.0,1.0
22549,1,0.0,1.0
22550,0,1.0,0.0
22551,0,1.0,0.0
22552,0,1.0,0.0
22553,1,0.0,1.0
22554,0,1.0,0.0
22555,0,1.0,0.0
22556,1,0.0,1.0
22557,1,0.0,1.0
22558,0,1.0,0.0
22559,1,0.0,1.0
22560,0,1.0,0.0
22561,0,1.0,0.0
22562,1,0.0,1.0
22563,1,0.0,1.0
22564,1,0.0,1.0
22565,0,1.0,0.0
22566,0,1.0,0.0
22567,1,0.0,1.0
22568,1,0.0,1.0
22569,0,1.0,0.0
22570,0,1.0,0.0
22571,1,0.0,1.0
22572,1,0.0,1.0
22573,1,0.0,1.0
22574,1,0.0,1.0
22575,1,0.0,1.0
22576,1,0.0,1.0
22577,0,1.0,0.0
22578,1,0.0,1.0
22579,1,0.0,1.0
22580,0,1.0,0.0
22581,0,1.0,0.0
22582,0,1.0,0.0
22583,0,1.0,0.0
22584,0,1.0,0.0
22585,1,0.0,1.0
22586,0,1.0,0.0
22587,1,0.0,1.0
22588,0,1.0,0.0
22589,0,1.0,0.0
22590,0,1.0,0.0
22591,1,0.0,1.0
22592,0,1.0,0.0
22593,0,1.0,0.0
22594,0,1.0,0.0
22595,0,1.0,0.0
22596,0,1.0,0.0
22597,1,0.0,1.0
22598,0,1.0,0.0
22599,1,0.0,1.0
22600,1,0.0,1.0
22601,1,0.0,1.0
22602,0,1.0,0.0
22603,1,0.0,1.0
22604,0,1.0,0.0
22605,0,1.0,0.0
22606,1,0.0,1.0
22607,0,1.0,0.0
22608,0,1.0,0.0
22609,0,1.0,0.0
22610,1,0.0,1.0
22611,0,1.0,0.0
22612,0,1.0,0.0
22613,1,0.0,1.0
22614,0,1.0,0.0
22615,1,0.0,1.0
22616,0,1.0,0.0
22617,1,0.0,1.0
22618,1,0.0,1.0
22619,0,1.0,0.0
22620,0,1.0,0.0
22621,0,1.0,0.0
22622,1,0.0,1.0
22623,0,1.0,0.0
22624,0,1.0,0.0
22625,1,0.0,1.0
22626,0,1.0,0.0
22627,0,1.0,0.0
22628,1,0.0,1.0
22629,1,0.0,1.0
22630,1,0.0,1.0
22631,0,1.0,0.0
22632,1,0.0,1.0
22633,1,0.0,1.0
22634,1,0.0,1.0
22635,0,1.0,0.0
22636,1,0.0,1.0
22637,1,0.0,1.0
22638,0,1.0,0.0
22639,0,1.0,0.0
22640,1,0.0,1.0
22641,0,1.0,0.0
22642,0,1.0,0.0
22643,0,1.0,0.0
22644,0,1.0,0.0
22645,1,0.0,1.0
22646,0,1.0,0.0
22647,1,0.0,1.0
22648,0,1.0,0.0
22649,1,0.0,1.0
22650,1,0.0,1.0
22651,1,0.0,1.0
22652,0,1.0,0.0
22653,1,0.0,1.0
22654,0,1.0,0.0
22655,1,0.0,1.0
22656,0,1.0,0.0
22657,1,0.0,1.0
22658,0,1.0,0.0
22659,0,1.0,0.0
22660,0,1.0,0.0
22661,1,0.0,1.0
22662,1,0.0,1.0
22663,0,1.0,0.0
22664,0,1.0,0.0
22665,1,0.0,1.0
22666,1,0.0,1.0
22667,1,0.0,1.0
22668,1,0.0,1.0
22669,1,0.0,1.0
22670,1,0.0,1.0
22671,1,0.0,1.0
22672,1,0.0,1.0
22673,1,0.0,1.0
22674,1,0.0,1.0
22675,1,0.0,1.0
22676,1,0.0,1.0
22677,0,1.0,0.0
22678,1,0.0,1.0
22679,1,0.0,1.0
22680,1,0.0,1.0
22681,0,1.0,0.0
22682,0,1.0,0.0
22683,0,1.0,0.0
22684,1,0.0,1.0
22685,0,1.0,0.0
22686,0,1.0,0.0
22687,0,1.0,0.0
22688,0,1.0,0.0
22689,0,1.0,0.0
22690,0,1.0,0.0
22691,0,1.0,0.0
22692,1,0.0,1.0
22693,1,0.0,1.0
22694,0,1.0,0.0
22695,1,0.0,1.0
22696,1,0.0,1.0
22697,1,0.0,1.0
22698,1,0.0,1.0
22699,1,0.0,1.0
22700,1,0.0,1.0
22701,1,0.0,1.0
22702,0,1.0,0.0
22703,1,0.0,1.0
22704,1,0.0,1.0
22705,1,0.0,1.0
22706,0,1.0,0.0
22707,1,0.0,1.0
22708,1,0.0,1.0
22709,1,0.0,1.0
22710,0,1.0,0.0
22711,1,0.0,1.0
22712,0,1.0,0.0
22713,0,1.0,0.0
22714,0,1.0,0.0
22715,0,1.0,0.0
22716,1,0.0,1.0
22717,0,1.0,0.0
22718,0,1.0,0.0
22719,1,0.0,1.0
22720,0,1.0,0.0
22721,0,1.0,0.0
22722,1,0.0,1.0
22723,0,1.0,0.0
22724,0,1.0,0.0
22725,0,1.0,0.0
22726,0,1.0,0.0
22727,0,1.0,0.0
22728,0,1.0,0.0
22729,1,0.0,1.0
22730,1,0.0,1.0
22731,1,0.0,1.0
22732,1,0.0,1.0
22733,0,1.0,0.0
22734,1,0.0,1.0
22735,0,1.0,0.0
22736,0,1.0,0.0
22737,1,0.0,1.0
22738,0,1.0,0.0
22739,1,0.0,1.0
22740,0,1.0,0.0
22741,1,0.0,1.0
22742,0,1.0,0.0
22743,0,1.0,0.0
22744,0,1.0,0.0
22745,1,0.0,1.0
22746,1,0.0,1.0
22747,1,0.0,1.0
22748,1,0.0,1.0
22749,1,0.0,1.0
22750,1,0.0,1.0
22751,0,1.0,0.0
22752,0,1.0,0.0
22753,1,0.0,1.0
22754,1,0.0,1.0
22755,1,0.0,1.0
22756,1,0.0,1.0
22757,0,1.0,0.0
22758,1,0.0,1.0
22759,1,0.0,1.0
22760,1,0.0,1.0
22761,1,0.0,1.0
22762,1,0.0,1.0
22763,0,1.0,0.0
22764,1,0.0,1.0
22765,0,1.0,0.0
22766,0,1.0,0.0
22767,0,1.0,0.0
22768,0,1.0,0.0
22769,1,0.0,1.0
22770,1,0.0,1.0
22771,0,1.0,0.0
22772,1,0.0,1.0
22773,0,1.0,0.0
22774,1,0.0,1.0
22775,0,1.0,0.0
22776,0,1.0,0.0
22777,1,0.0,1.0
22778,0,1.0,0.0
22779,1,0.0,1.0
22780,1,0.0,1.0
22781,0,1.0,0.0
22782,1,0.0,1.0
22783,1,0.0,1.0
22784,1,0.0,1.0
22785,0,1.0,0.0
22786,0,1.0,0.0
22787,0,1.0,0.0
22788,0,1.0,0.0
22789,1,0.0,1.0
22790,1,0.0,1.0
22791,0,1.0,0.0
22792,1,0.0,1.0
22793,1,0.0,1.0
22794,0,1.0,0.0
22795,1,0.0,1.0
22796,1,0.0,1.0
22797,0,1.0,0.0
22798,0,1.0,0.0
22799,1,0.0,1.0
22800,0,1.0,0.0
22801,1,0.0,1.0
22802,1,0.0,1.0
22803,1,0.0,1.0
22804,1,0.0,1.0
22805,1,0.0,1.0
22806,1,0.0,1.0
22807,1,0.0,1.0
22808,1,0.0,1.0
22809,1,0.0,1.0
22810,0,1.0,0.0
22811,1,0.0,1.0
22812,0,1.0,0.0
22813,1,0.0,1.0
22814,0,1.0,0.0
22815,0,1.0,0.0
22816,0,1.0,0.0
22817,0,1.0,0.0
22818,1,0.0,1.0
22819,1,0.0,1.0
22820,0,1.0,0.0
22821,1,0.0,1.0
22822,1,0.0,1.0
22823,0,1.0,0.0
22824,1,0.0,1.0
22825,0,1.0,0.0
22826,0,1.0,0.0
22827,1,0.0,1.0
22828,1,0.0,1.0
22829,1,0.0,1.0
22830,0,1.0,0.0
22831,1,0.0,1.0
22832,0,1.0,0.0
22833,1,0.0,1.0
22834,0,1.0,0.0
22835,1,0.0,1.0
22836,1,0.0,1.0
22837,1,0.0,1.0
22838,1,0.0,1.0
22839,1,0.0,1.0
22840,1,0.0,1.0
22841,0,1.0,0.0
22842,1,0.0,1.0
22843,0,1.0,0.0
22844,1,0.0,1.0
22845,0,1.0,0.0
22846,0,1.0,0.0
22847,1,0.0,1.0
22848,0,1.0,0.0
22849,0,1.0,0.0
22850,0,1.0,0.0
22851,0,1.0,0.0
22852,1,0.0,1.0
22853,0,1.0,0.0
22854,1,0.0,1.0
22855,1,0.0,1.0
22856,0,1.0,0.0
22857,0,1.0,0.0
22858,0,1.0,0.0
22859,0,1.0,0.0
22860,0,1.0,0.0
22861,1,0.0,1.0
22862,1,0.0,1.0
22863,0,1.0,0.0
22864,0,1.0,0.0
22865,0,1.0,0.0
22866,1,0.0,1.0
22867,0,1.0,0.0
22868,0,1.0,0.0
22869,0,1.0,0.0
22870,0,1.0,0.0
22871,1,0.0,1.0
22872,0,1.0,0.0
22873,0,1.0,0.0
22874,0,1.0,0.0
22875,1,0.0,1.0
22876,1,0.0,1.0
22877,0,1.0,0.0
22878,0,1.0,0.0
22879,1,0.0,1.0
22880,1,0.0,1.0
22881,0,1.0,0.0
22882,1,0.0,1.0
22883,0,1.0,0.0
22884,1,0.0,1.0
22885,0,1.0,0.0
22886,0,1.0,0.0
22887,1,0.0,1.0
22888,1,0.0,1.0
22889,0,1.0,0.0
22890,0,1.0,0.0
22891,1,0.0,1.0
22892,1,0.0,1.0
22893,0,1.0,0.0
22894,1,0.0,1.0
22895,1,0.0,1.0
22896,0,1.0,0.0
22897,1,0.0,1.0
22898,0,1.0,0.0
22899,1,0.0,1.0
22900,1,0.0,1.0
22901,0,1.0,0.0
22902,1,0.0,1.0
22903,1,0.0,1.0
22904,0,1.0,0.0
22905,1,0.0,1.0
22906,1,0.0,1.0
22907,1,0.0,1.0
22908,1,0.0,1.0
22909,0,1.0,0.0
22910,1,0.0,1.0
22911,0,1.0,0.0
22912,1,0.0,1.0
22913,1,0.0,1.0
22914,1,0.0,1.0
22915,0,1.0,0.0
22916,1,0.0,1.0
22917,1,0.0,1.0
22918,0,1.0,0.0
22919,1,0.0,1.0
22920,1,0.0,1.0
22921,0,1.0,0.0
22922,0,1.0,0.0
22923,1,0.0,1.0
22924,1,0.0,1.0
22925,1,0.0,1.0
22926,1,0.0,1.0
22927,0,1.0,0.0
22928,0,1.0,0.0
22929,0,1.0,0.0
22930,1,0.0,1.0
22931,0,1.0,0.0
22932,0,1.0,0.0
22933,0,1.0,0.0
22934,1,0.0,1.0
22935,1,0.0,1.0
22936,1,0.0,1.0
22937,1,0.0,1.0
22938,1,0.0,1.0
22939,0,1.0,0.0
22940,0,1.0,0.0
22941,0,1.0,0.0
22942,1,0.0,1.0
22943,1,0.0,1.0
22944,0,1.0,0.0
22945,1,0.0,1.0
22946,0,1.0,0.0
22947,0,1.0,0.0
22948,0,1.0,0.0
22949,1,0.0,1.0
22950,1,0.0,1.0
22951,0,1.0,0.0
22952,0,1.0,0.0
22953,0,1.0,0.0
22954,1,0.0,1.0
22955,0,1.0,0.0
22956,1,0.0,1.0
22957,0,1.0,0.0
22958,0,1.0,0.0
22959,0,1.0,0.0
22960,1,0.0,1.0
22961,1,0.0,1.0
22962,0,1.0,0.0
22963,0,1.0,0.0
22964,1,0.0,1.0
22965,1,0.0,1.0
22966,0,1.0,0.0
22967,0,1.0,0.0
22968,0,1.0,0.0
22969,0,1.0,0.0
22970,1,0.0,1.0
22971,0,1.0,0.0
22972,1,0.0,1.0
22973,1,0.0,1.0
22974,0,1.0,0.0
22975,0,1.0,0.0
22976,0,1.0,0.0
22977,0,1.0,0.0
22978,1,0.0,1.0
22979,0,1.0,0.0
22980,1,0.0,1.0
22981,0,1.0,0.0
22982,1,0.0,1.0
22983,1,0.0,1.0
22984,0,1.0,0.0
22985,0,1.0,0.0
22986,1,0.0,1.0
22987,1,0.0,1.0
22988,1,0.0,1.0
22989,1,0.0,1.0
22990,1,0.0,1.0
22991,1,0.0,1.0
22992,0,1.0,0.0
22993,0,1.0,0.0
22994,0,1.0,0.0
22995,1,0.0,1.0
22996,1,0.0,1.0
22997,1,0.0,1.0
22998,1,0.0,1.0
22999,1,0.0,1.0
23000,0,1.0,0.0
23001,0,1.0,0.0
23002,0,1.0,0.0
23003,1,0.0,1.0
23004,1,0.0,1.0
23005,0,1.0,0.0
23006,1,0.0,1.0
23007,1,0.0,1.0
23008,0,1.0,0.0
23009,0,1.0,0.0
23010,0,1.0,0.0
23011,1,0.0,1.0
23012,1,0.0,1.0
23013,0,1.0,0.0
23014,1,0.0,1.0
23015,1,0.0,1.0
23016,1,0.0,1.0
23017,0,1.0,0.0
23018,0,1.0,0.0
23019,0,1.0,0.0
23020,0,1.0,0.0
23021,0,1.0,0.0
23022,0,1.0,0.0
23023,0,1.0,0.0
23024,1,0.0,1.0
23025,0,1.0,0.0
23026,1,0.0,1.0
23027,1,0.0,1.0
23028,0,1.0,0.0
23029,0,1.0,0.0
23030,0,1.0,0.0
23031,0,1.0,0.0
23032,1,0.0,1.0
23033,0,1.0,0.0
23034,0,1.0,0.0
23035,0,1.0,0.0
23036,1,0.0,1.0
23037,0,1.0,0.0
23038,0,1.0,0.0
23039,0,1.0,0.0
23040,0,1.0,0.0
23041,1,0.0,1.0
23042,0,1.0,0.0
23043,0,1.0,0.0
23044,1,0.0,1.0
23045,0,1.0,0.0
23046,1,0.0,1.0
23047,0,1.0,0.0
23048,1,0.0,1.0
23049,0,1.0,0.0
23050,0,1.0,0.0
23051,1,0.0,1.0
23052,0,1.0,0.0
23053,0,1.0,0.0
23054,1,0.0,1.0
23055,1,0.0,1.0
23056,1,0.0,1.0
23057,1,0.0,1.0
23058,1,0.0,1.0
23059,0,1.0,0.0
23060,0,1.0,0.0
23061,0,1.0,0.0
23062,0,1.0,0.0
23063,0,1.0,0.0
23064,1,0.0,1.0
23065,1,0.0,1.0
23066,1,0.0,1.0
23067,0,1.0,0.0
23068,0,1.0,0.0
23069,0,1.0,0.0
23070,0,1.0,0.0
23071,1,0.0,1.0
23072,0,1.0,0.0
23073,0,1.0,0.0
23074,0,1.0,0.0
23075,1,0.0,1.0
23076,1,0.0,1.0
23077,0,1.0,0.0
23078,0,1.0,0.0
23079,0,1.0,0.0
23080,1,0.0,1.0
23081,1,0.0,1.0
23082,0,1.0,0.0
23083,0,1.0,0.0
23084,0,1.0,0.0
23085,0,1.0,0.0
23086,1,0.0,1.0
23087,1,0.0,1.0
23088,0,1.0,0.0
23089,1,0.0,1.0
23090,0,1.0,0.0
23091,1,0.0,1.0
23092,0,1.0,0.0
23093,1,0.0,1.0
23094,0,1.0,0.0
23095,0,1.0,0.0
23096,1,0.0,1.0
23097,0,1.0,0.0
23098,0,1.0,0.0
23099,0,1.0,0.0
23100,0,1.0,0.0
23101,0,1.0,0.0
23102,0,1.0,0.0
23103,0,1.0,0.0
23104,0,1.0,0.0
23105,0,1.0,0.0
23106,0,1.0,0.0
23107,1,0.0,1.0
23108,1,0.0,1.0
23109,1,0.0,1.0
23110,0,1.0,0.0
23111,0,1.0,0.0
23112,0,1.0,0.0
23113,1,0.0,1.0
23114,1,0.0,1.0
23115,1,0.0,1.0
23116,0,1.0,0.0
23117,0,1.0,0.0
23118,1,0.0,1.0
23119,1,0.0,1.0
23120,1,0.0,1.0
23121,0,1.0,0.0
23122,1,0.0,1.0
23123,1,0.0,1.0
23124,0,1.0,0.0
23125,0,1.0,0.0
23126,0,1.0,0.0
23127,0,1.0,0.0
23128,1,0.0,1.0
23129,1,0.0,1.0
23130,1,0.0,1.0
23131,1,0.0,1.0
23132,0,1.0,0.0
23133,0,1.0,0.0
23134,1,0.0,1.0
23135,1,0.0,1.0
23136,0,1.0,0.0
23137,1,0.0,1.0
23138,1,0.0,1.0
23139,0,1.0,0.0
23140,1,0.0,1.0
23141,0,1.0,0.0
23142,0,1.0,0.0
23143,1,0.0,1.0
23144,0,1.0,0.0
23145,1,0.0,1.0
23146,0,1.0,0.0
23147,0,1.0,0.0
23148,1,0.0,1.0
23149,0,1.0,0.0
23150,1,0.0,1.0
23151,1,0.0,1.0
23152,1,0.0,1.0
23153,0,1.0,0.0
23154,1,0.0,1.0
23155,0,1.0,0.0
23156,1,0.0,1.0
23157,1,0.0,1.0
23158,0,1.0,0.0
23159,0,1.0,0.0
23160,0,1.0,0.0
23161,0,1.0,0.0
23162,0,1.0,0.0
23163,1,0.0,1.0
23164,0,1.0,0.0
23165,1,0.0,1.0
23166,1,0.0,1.0
23167,1,0.0,1.0
23168,0,1.0,0.0
23169,0,1.0,0.0
23170,1,0.0,1.0
23171,1,0.0,1.0
23172,0,1.0,0.0
23173,0,1.0,0.0
23174,1,0.0,1.0
23175,0,1.0,0.0
23176,1,0.0,1.0
23177,0,1.0,0.0
23178,0,1.0,0.0
23179,1,0.0,1.0
23180,0,1.0,0.0
23181,0,1.0,0.0
23182,0,1.0,0.0
23183,1,0.0,1.0
23184,0,1.0,0.0
23185,0,1.0,0.0
23186,1,0.0,1.0
23187,1,0.0,1.0
23188,0,1.0,0.0
23189,1,0.0,1.0
23190,1,0.0,1.0
23191,0,1.0,0.0
23192,0,1.0,0.0
23193,0,1.0,0.0
23194,1,0.0,1.0
23195,0,1.0,0.0
23196,0,1.0,0.0
23197,0,1.0,0.0
23198,0,1.0,0.0
23199,0,1.0,0.0
23200,1,0.0,1.0
23201,0,1.0,0.0
23202,0,1.0,0.0
23203,1,0.0,1.0
23204,1,0.0,1.0
23205,0,1.0,0.0
23206,1,0.0,1.0
23207,0,1.0,0.0
23208,1,0.0,1.0
23209,1,0.0,1.0
23210,0,1.0,0.0
23211,1,0.0,1.0
23212,1,0.0,1.0
23213,1,0.0,1.0
23214,1,0.0,1.0
23215,0,1.0,0.0
23216,1,0.0,1.0
23217,1,0.0,1.0
23218,0,1.0,0.0
23219,0,1.0,0.0
23220,0,1.0,0.0
23221,1,0.0,1.0
23222,0,1.0,0.0
23223,1,0.0,1.0
23224,0,1.0,0.0
23225,1,0.0,1.0
23226,0,1.0,0.0
23227,0,1.0,0.0
23228,1,0.0,1.0
23229,1,0.0,1.0
23230,0,1.0,0.0
23231,0,1.0,0.0
23232,0,1.0,0.0
23233,0,1.0,0.0
23234,0,1.0,0.0
23235,0,1.0,0.0
23236,1,0.0,1.0
23237,0,1.0,0.0
23238,1,0.0,1.0
23239,0,1.0,0.0
23240,1,0.0,1.0
23241,1,0.0,1.0
23242,0,1.0,0.0
23243,1,0.0,1.0
23244,0,1.0,0.0
23245,1,0.0,1.0
23246,1,0.0,1.0
23247,1,0.0,1.0
23248,0,1.0,0.0
23249,1,0.0,1.0
23250,0,1.0,0.0
23251,0,1.0,0.0
23252,0,1.0,0.0
23253,1,0.0,1.0
23254,1,0.0,1.0
23255,1,0.0,1.0
23256,0,1.0,0.0
23257,0,1.0,0.0
23258,0,1.0,0.0
23259,0,1.0,0.0
23260,0,1.0,0.0
23261,0,1.0,0.0
23262,0,1.0,0.0
23263,0,1.0,0.0
23264,0,1.0,0.0
23265,1,0.0,1.0
23266,0,1.0,0.0
23267,1,0.0,1.0
23268,1,0.0,1.0
23269,1,0.0,1.0
23270,0,1.0,0.0
23271,0,1.0,0.0
23272,0,1.0,0.0
23273,1,0.0,1.0
23274,1,0.0,1.0
23275,0,1.0,0.0
23276,0,1.0,0.0
23277,1,0.0,1.0
23278,1,0.0,1.0
23279,0,1.0,0.0
23280,1,0.0,1.0
23281,1,0.0,1.0
23282,1,0.0,1.0
23283,1,0.0,1.0
23284,0,1.0,0.0
23285,0,1.0,0.0
23286,1,0.0,1.0
23287,0,1.0,0.0
23288,0,1.0,0.0
23289,1,0.0,1.0
23290,1,0.0,1.0
23291,0,1.0,0.0
23292,0,1.0,0.0
23293,0,1.0,0.0
23294,1,0.0,1.0
23295,1,0.0,1.0
23296,0,1.0,0.0
23297,0,1.0,0.0
23298,1,0.0,1.0
23299,1,0.0,1.0
23300,0,1.0,0.0
23301,1,0.0,1.0
23302,1,0.0,1.0
23303,0,1.0,0.0
23304,1,0.0,1.0
23305,1,0.0,1.0
23306,1,0.0,1.0
23307,0,1.0,0.0
23308,0,1.0,0.0
23309,0,1.0,0.0
23310,0,1.0,0.0
23311,0,1.0,0.0
23312,1,0.0,1.0
23313,1,0.0,1.0
23314,0,1.0,0.0
23315,0,1.0,0.0
23316,1,0.0,1.0
23317,0,1.0,0.0
23318,1,0.0,1.0
23319,0,1.0,0.0
23320,1,0.0,1.0
23321,0,1.0,0.0
23322,0,1.0,0.0
23323,1,0.0,1.0
23324,1,0.0,1.0
23325,1,0.0,1.0
23326,1,0.0,1.0
23327,1,0.0,1.0
23328,1,0.0,1.0
23329,1,0.0,1.0
23330,1,0.0,1.0
23331,1,0.0,1.0
23332,1,0.0,1.0
23333,0,1.0,0.0
23334,0,1.0,0.0
23335,1,0.0,1.0
23336,0,1.0,0.0
23337,0,1.0,0.0
23338,1,0.0,1.0
23339,1,0.0,1.0
23340,1,0.0,1.0
23341,1,0.0,1.0
23342,0,1.0,0.0
23343,0,1.0,0.0
23344,1,0.0,1.0
23345,1,0.0,1.0
23346,1,0.0,1.0
23347,1,0.0,1.0
23348,0,1.0,0.0
23349,0,1.0,0.0
23350,0,1.0,0.0
23351,1,0.0,1.0
23352,0,1.0,0.0
23353,1,0.0,1.0
23354,1,0.0,1.0
23355,1,0.0,1.0
23356,1,0.0,1.0
23357,1,0.0,1.0
23358,0,1.0,0.0
23359,0,1.0,0.0
23360,0,1.0,0.0
23361,1,0.0,1.0
23362,1,0.0,1.0
23363,0,1.0,0.0
23364,0,1.0,0.0
23365,0,1.0,0.0
23366,1,0.0,1.0
23367,1,0.0,1.0
23368,1,0.0,1.0
23369,1,0.0,1.0
23370,1,0.0,1.0
23371,0,1.0,0.0
23372,1,0.0,1.0
23373,1,0.0,1.0
23374,1,0.0,1.0
23375,1,0.0,1.0
23376,1,0.0,1.0
23377,0,1.0,0.0
23378,0,1.0,0.0
23379,1,0.0,1.0
23380,0,1.0,0.0
23381,0,1.0,0.0
23382,0,1.0,0.0
23383,1,0.0,1.0
23384,0,1.0,0.0
23385,1,0.0,1.0
23386,1,0.0,1.0
23387,0,1.0,0.0
23388,1,0.0,1.0
23389,1,0.0,1.0
23390,1,0.0,1.0
23391,1,0.0,1.0
23392,0,1.0,0.0
23393,1,0.0,1.0
23394,1,0.0,1.0
23395,0,1.0,0.0
23396,1,0.0,1.0
23397,1,0.0,1.0
23398,1,0.0,1.0
23399,0,1.0,0.0
23400,1,0.0,1.0
23401,0,1.0,0.0
23402,1,0.0,1.0
23403,1,0.0,1.0
23404,0,1.0,0.0
23405,0,1.0,0.0
23406,0,1.0,0.0
23407,1,0.0,1.0
23408,0,1.0,0.0
23409,1,0.0,1.0
23410,1,0.0,1.0
23411,1,0.0,1.0
23412,0,1.0,0.0
23413,0,1.0,0.0
23414,0,1.0,0.0
23415,1,0.0,1.0
23416,0,1.0,0.0
23417,0,1.0,0.0
23418,1,0.0,1.0
23419,0,1.0,0.0
23420,0,1.0,0.0
23421,0,1.0,0.0
23422,0,1.0,0.0
23423,1,0.0,1.0
23424,1,0.0,1.0
23425,0,1.0,0.0
23426,0,1.0,0.0
23427,0,1.0,0.0
23428,1,0.0,1.0
23429,1,0.0,1.0
23430,0,1.0,0.0
23431,1,0.0,1.0
23432,1,0.0,1.0
23433,0,1.0,0.0
23434,0,1.0,0.0
23435,0,1.0,0.0
23436,1,0.0,1.0
23437,1,0.0,1.0
23438,0,1.0,0.0
23439,0,1.0,0.0
23440,1,0.0,1.0
23441,0,1.0,0.0
23442,1,0.0,1.0
23443,1,0.0,1.0
23444,0,1.0,0.0
23445,1,0.0,1.0
23446,1,0.0,1.0
23447,1,0.0,1.0
23448,0,1.0,0.0
23449,1,0.0,1.0
23450,1,0.0,1.0
23451,0,1.0,0.0
23452,1,0.0,1.0
23453,0,1.0,0.0
23454,1,0.0,1.0
23455,1,0.0,1.0
23456,1,0.0,1.0
23457,1,0.0,1.0
23458,0,1.0,0.0
23459,1,0.0,1.0
23460,1,0.0,1.0
23461,0,1.0,0.0
23462,0,1.0,0.0
23463,1,0.0,1.0
23464,1,0.0,1.0
23465,1,0.0,1.0
23466,1,0.0,1.0
23467,1,0.0,1.0
23468,1,0.0,1.0
23469,0,1.0,0.0
23470,1,0.0,1.0
23471,1,0.0,1.0
23472,1,0.0,1.0
23473,1,0.0,1.0
23474,0,1.0,0.0
23475,1,0.0,1.0
23476,1,0.0,1.0
23477,1,0.0,1.0
23478,1,0.0,1.0
23479,0,1.0,0.0
23480,1,0.0,1.0
23481,1,0.0,1.0
23482,1,0.0,1.0
23483,0,1.0,0.0
23484,0,1.0,0.0
23485,0,1.0,0.0
23486,0,1.0,0.0
23487,1,0.0,1.0
23488,1,0.0,1.0
23489,0,1.0,0.0
23490,0,1.0,0.0
23491,0,1.0,0.0
23492,0,1.0,0.0
23493,0,1.0,0.0
23494,1,0.0,1.0
23495,1,0.0,1.0
23496,1,0.0,1.0
23497,0,1.0,0.0
23498,0,1.0,0.0
23499,1,0.0,1.0
23500,1,0.0,1.0
23501,1,0.0,1.0
23502,0,1.0,0.0
23503,0,1.0,0.0
23504,1,0.0,1.0
23505,1,0.0,1.0
23506,0,1.0,0.0
23507,1,0.0,1.0
23508,0,1.0,0.0
23509,1,0.0,1.0
23510,0,1.0,0.0
23511,1,0.0,1.0
23512,0,1.0,0.0
23513,1,0.0,1.0
23514,1,0.0,1.0
23515,0,1.0,0.0
23516,0,1.0,0.0
23517,1,0.0,1.0
23518,0,1.0,0.0
23519,0,1.0,0.0
23520,1,0.0,1.0
23521,1,0.0,1.0
23522,1,0.0,1.0
23523,1,0.0,1.0
23524,1,0.0,1.0
23525,1,0.0,1.0
23526,0,1.0,0.0
23527,0,1.0,0.0
23528,1,0.0,1.0
23529,1,0.0,1.0
23530,0,1.0,0.0
23531,0,1.0,0.0
23532,0,1.0,0.0
23533,0,1.0,0.0
23534,0,1.0,0.0
23535,0,1.0,0.0
23536,1,0.0,1.0
23537,1,0.0,1.0
23538,1,0.0,1.0
23539,0,1.0,0.0
23540,0,1.0,0.0
23541,1,0.0,1.0
23542,0,1.0,0.0
23543,0,1.0,0.0
23544,1,0.0,1.0
23545,1,0.0,1.0
23546,1,0.0,1.0
23547,0,1.0,0.0
23548,1,0.0,1.0
23549,1,0.0,1.0
23550,0,1.0,0.0
23551,1,0.0,1.0
23552,1,0.0,1.0
23553,1,0.0,1.0
23554,0,1.0,0.0
23555,1,0.0,1.0
23556,0,1.0,0.0
23557,0,1.0,0.0
23558,1,0.0,1.0
23559,1,0.0,1.0
23560,0,1.0,0.0
23561,0,1.0,0.0
23562,1,0.0,1.0
23563,0,1.0,0.0
23564,0,1.0,0.0
23565,0,1.0,0.0
23566,1,0.0,1.0
23567,0,1.0,0.0
23568,1,0.0,1.0
23569,0,1.0,0.0
23570,0,1.0,0.0
23571,0,1.0,0.0
23572,1,0.0,1.0
23573,0,1.0,0.0
23574,1,0.0,1.0
23575,1,0.0,1.0
23576,1,0.0,1.0
23577,0,1.0,0.0
23578,1,0.0,1.0
23579,0,1.0,0.0
23580,0,1.0,0.0
23581,0,1.0,0.0
23582,1,0.0,1.0
23583,1,0.0,1.0
23584,0,1.0,0.0
23585,0,1.0,0.0
23586,1,0.0,1.0
23587,1,0.0,1.0
23588,1,0.0,1.0
23589,0,1.0,0.0
23590,0,1.0,0.0
23591,1,0.0,1.0
23592,0,1.0,0.0
23593,1,0.0,1.0
23594,1,0.0,1.0
23595,1,0.0,1.0
23596,0,1.0,0.0
23597,0,1.0,0.0
23598,0,1.0,0.0
23599,0,1.0,0.0
23600,0,1.0,0.0
23601,1,0.0,1.0
23602,0,1.0,0.0
23603,0,1.0,0.0
23604,1,0.0,1.0
23605,0,1.0,0.0
23606,0,1.0,0.0
23607,0,1.0,0.0
23608,0,1.0,0.0
23609,1,0.0,1.0
23610,1,0.0,1.0
23611,0,1.0,0.0
23612,1,0.0,1.0
23613,1,0.0,1.0
23614,1,0.0,1.0
23615,1,0.0,1.0
23616,0,1.0,0.0
23617,1,0.0,1.0
23618,0,1.0,0.0
23619,1,0.0,1.0
23620,1,0.0,1.0
23621,1,0.0,1.0
23622,1,0.0,1.0
23623,0,1.0,0.0
23624,0,1.0,0.0
23625,0,1.0,0.0
23626,0,1.0,0.0
23627,0,1.0,0.0
23628,0,1.0,0.0
23629,1,0.0,1.0
23630,0,1.0,0.0
23631,1,0.0,1.0
23632,0,1.0,0.0
23633,0,1.0,0.0
23634,0,1.0,0.0
23635,1,0.0,1.0
23636,0,1.0,0.0
23637,0,1.0,0.0
23638,0,1.0,0.0
23639,0,1.0,0.0
23640,1,0.0,1.0
23641,0,1.0,0.0
23642,0,1.0,0.0
23643,1,0.0,1.0
23644,1,0.0,1.0
23645,1,0.0,1.0
23646,1,0.0,1.0
23647,0,1.0,0.0
23648,1,0.0,1.0
23649,1,0.0,1.0
23650,0,1.0,0.0
23651,1,0.0,1.0
23652,0,1.0,0.0
23653,1,0.0,1.0
23654,0,1.0,0.0
23655,0,1.0,0.0
23656,0,1.0,0.0
23657,1,0.0,1.0
23658,0,1.0,0.0
23659,0,1.0,0.0
23660,0,1.0,0.0
23661,1,0.0,1.0
23662,0,1.0,0.0
23663,0,1.0,0.0
23664,0,1.0,0.0
23665,0,1.0,0.0
23666,0,1.0,0.0
23667,1,0.0,1.0
23668,0,1.0,0.0
23669,0,1.0,0.0
23670,1,0.0,1.0
23671,1,0.0,1.0
23672,0,1.0,0.0
23673,0,1.0,0.0
23674,0,1.0,0.0
23675,1,0.0,1.0
23676,1,0.0,1.0
23677,1,0.0,1.0
23678,1,0.0,1.0
23679,1,0.0,1.0
23680,1,0.0,1.0
23681,0,1.0,0.0
23682,0,1.0,0.0
23683,0,1.0,0.0
23684,1,0.0,1.0
23685,0,1.0,0.0
23686,1,0.0,1.0
23687,0,1.0,0.0
23688,1,0.0,1.0
23689,1,0.0,1.0
23690,0,1.0,0.0
23691,0,1.0,0.0
23692,1,0.0,1.0
23693,0,1.0,0.0
23694,0,1.0,0.0
23695,0,1.0,0.0
23696,0,1.0,0.0
23697,0,1.0,0.0
23698,0,1.0,0.0
23699,0,1.0,0.0
23700,1,0.0,1.0
23701,1,0.0,1.0
23702,0,1.0,0.0
23703,0,1.0,0.0
23704,0,1.0,0.0
23705,1,0.0,1.0
23706,1,0.0,1.0
23707,0,1.0,0.0
23708,0,1.0,0.0
23709,1,0.0,1.0
23710,0,1.0,0.0
23711,1,0.0,1.0
23712,0,1.0,0.0
23713,1,0.0,1.0
23714,1,0.0,1.0
23715,0,1.0,0.0
23716,1,0.0,1.0
23717,1,0.0,1.0
23718,1,0.0,1.0
23719,1,0.0,1.0
23720,0,1.0,0.0
23721,1,0.0,1.0
23722,0,1.0,0.0
23723,1,0.0,1.0
23724,1,0.0,1.0
23725,0,1.0,0.0
23726,0,1.0,0.0
23727,1,0.0,1.0
23728,1,0.0,1.0
23729,1,0.0,1.0
23730,0,1.0,0.0
23731,0,1.0,0.0
23732,0,1.0,0.0
23733,1,0.0,1.0
23734,1,0.0,1.0
23735,1,0.0,1.0
23736,1,0.0,1.0
23737,0,1.0,0.0
23738,0,1.0,0.0
23739,1,0.0,1.0
23740,1,0.0,1.0
23741,1,0.0,1.0
23742,1,0.0,1.0
23743,0,1.0,0.0
23744,1,0.0,1.0
23745,1,0.0,1.0
23746,0,1.0,0.0
23747,1,0.0,1.0
23748,1,0.0,1.0
23749,0,1.0,0.0
23750,1,0.0,1.0
23751,1,0.0,1.0
23752,0,1.0,0.0
23753,0,1.0,0.0
23754,1,0.0,1.0
23755,0,1.0,0.0
23756,0,1.0,0.0
23757,1,0.0,1.0
23758,1,0.0,1.0
23759,0,1.0,0.0
23760,0,1.0,0.0
23761,1,0.0,1.0
23762,1,0.0,1.0
23763,0,1.0,0.0
23764,1,0.0,1.0
23765,1,0.0,1.0
23766,1,0.0,1.0
23767,1,0.0,1.0
23768,1,0.0,1.0
23769,1,0.0,1.0
23770,0,1.0,0.0
23771,0,1.0,0.0
23772,0,1.0,0.0
23773,0,1.0,0.0
23774,1,0.0,1.0
23775,1,0.0,1.0
23776,0,1.0,0.0
23777,0,1.0,0.0
23778,1,0.0,1.0
23779,0,1.0,0.0
23780,0,1.0,0.0
23781,0,1.0,0.0
23782,0,1.0,0.0
23783,1,0.0,1.0
23784,1,0.0,1.0
23785,1,0.0,1.0
23786,0,1.0,0.0
23787,1,0.0,1.0
23788,1,0.0,1.0
23789,1,0.0,1.0
23790,1,0.0,1.0
23791,1,0.0,1.0
23792,0,1.0,0.0
23793,0,1.0,0.0
23794,1,0.0,1.0
23795,1,0.0,1.0
23796,1,0.0,1.0
23797,0,1.0,0.0
23798,1,0.0,1.0
23799,0,1.0,0.0
