id,model
20800,0.32520437
20801,1.4178964
20802,1.1836272
20803,0.32159427
20804,1.8329262
20805,1.3029265
20806,0.18273422
20807,1.1226157
20808,1.2887496
20809,1.2373912
20810,1.1781224
20811,1.8444202
20812,1.0819664
20813,0.8931195
20814,1.2410208
20815,0.40613678
20816,0.24816966
20817,0.22197388
20818,0.7787825
20819,0.72595835
20820,0.5163179
20821,0.935907
20822,0.42034537
20823,1.7769392
20824,1.2490537
20825,0.26824236
20826,0.7279538
20827,0.48279545
20828,0.62560207
20829,1.0036786
20830,0.12056744
20831,1.0034578
20832,0.20664091
20833,0.20536321
20834,1.2475269
20835,0.5304848
20836,0.11990678
20837,1.0427437
20838,1.1624081
20839,0.16415729
20840,0.16012053
20841,0.16856574
20842,0.83455104
20843,0.27801257
20844,0.27036026
20845,0.86523426
20846,0.3233639
20847,0.09844078
20848,0.7316431
20849,1.4303087
20850,0.36330238
20851,0.7687594
20852,0.20121631
20853,1.0460126
20854,1.3492849
20855,0.3414263
20856,1.2742726
20857,0.29459274
20858,0.16967459
20859,0.45395252
20860,1.2661389
20861,1.3340263
20862,0.9233214
20863,0.56473505
20864,1.1277012
20865,1.1578891
20866,0.9236439
20867,1.6003976
20868,0.73385555
20869,0.31879804
20870,0.17408958
20871,0.8423156
20872,0.96224266
20873,0.31143165
20874,0.19644497
20875,0.93921316
20876,0.6469252
20877,0.16554472
20878,0.32621464
20879,0.14183822
20880,0.3509577
20881,1.1772832
20882,0.18206385
20883,1.3499949
20884,1.3072151
20885,1.537131
20886,0.6251695
20887,0.31885806
20888,0.4112734
20889,0.47036135
20890,0.76840067
20891,0.2227221
20892,0.435884
20893,0.7494781
20894,0.5179813
20895,0.09542109
20896,0.1839263
20897,0.44452417
20898,1.1738764
20899,1.0850005
20900,0.32226738
20901,0.9007467
20902,0.20929395
20903,0.8868028
20904,0.22545017
20905,0.36714932
20906,1.2244033
20907,0.44955006
20908,1.6864853
20909,1.2468115
20910,0.9367084
20911,0.74198073
20912,0.40657085
20913,0.38142788
20914,0.24430263
20915,0.16377234
20916,0.2119908
20917,1.1842818
20918,0.27673918
20919,0.72522795
20920,0.91617876
20921,0.43787888
20922,0.7949574
20923,0.20323911
20924,0.7248022
20925,0.34253746
20926,1.3602945
20927,0.48782492
20928,0.8632162
20929,0.46041626
20930,0.9561566
20931,0.17887172
20932,1.022677
20933,0.16165803
20934,0.70060724
20935,0.6430038
20936,0.091130346
20937,1.4642977
20938,1.1325579
20939,0.9086926
20940,0.78360707
20941,0.34281957
20942,1.5439584
20943,1.3998948
20944,0.57684284
20945,0.18808393
20946,1.4194039
20947,1.4637976
20948,0.18159588
20949,0.9666217
20950,1.5279428
20951,0.3994954
20952,0.25572917
20953,1.0113028
20954,0.1580105
20955,0.54638916
20956,0.25619102
20957,1.2905172
20958,0.61770076
20959,1.0005757
20960,0.80265766
20961,0.74841857
20962,1.3475763
20963,1.4661546
20964,0.10832952
20965,1.6056787
20966,0.39491707
20967,1.3493377
20968,1.0729051
20969,0.3844537
20970,0.12210007
20971,0.11242977
20972,0.07164202
20973,0.63132644
20974,0.2194132
20975,0.28325346
20976,0.26429516
20977,0.47167104
20978,0.5080328
20979,0.2120902
20980,0.095657185
20981,0.25857934
20982,0.41797137
20983,1.1765625
20984,0.24176113
20985,0.7146659
20986,0.5770025
20987,0.4981323
20988,1.1727858
20989,0.30187207
20990,0.8934988
20991,0.23600411
20992,0.13522084
20993,0.12940423
20994,1.4727006
20995,1.6526945
20996,0.85663813
20997,0.43970194
20998,1.842085
20999,0.5134827
21000,0.49311483
21001,1.04358
21002,0.14188431
21003,0.8168313
21004,0.82461256
21005,1.3601141
21006,0.42215186
21007,1.7261978
21008,0.38844764
21009,0.22863474
21010,0.08784359
21011,1.2003855
21012,1.1651028
21013,0.12580635
21014,0.98800343
21015,1.282067
21016,0.8893498
21017,0.080287814
21018,0.29047075
21019,1.5424846
21020,0.15812506
21021,0.96116906
21022,0.32056952
21023,0.086747386
21024,1.2507758
21025,1.7459588
21026,1.2035214
21027,1.6021237
21028,0.43724346
21029,0.2002943
21030,0.4696089
21031,0.6642047
21032,1.2359551
21033,0.4922665
21034,1.5501323
21035,0.36570597
21036,1.333771
21037,0.3415182
21038,0.67505103
21039,0.60768455
21040,0.7464509
21041,0.8577249
21042,0.36342978
21043,0.9021997
21044,1.8740143
21045,0.11731596
21046,0.5542063
21047,1.4472585
21048,0.35871717
21049,0.6141331
21050,1.0922003
21051,1.3386464
21052,1.0301644
21053,0.25082704
21054,1.3448857
21055,0.2207591
21056,0.30139548
21057,0.897435
21058,1.0446931
21059,0.8132211
21060,0.24747744
21061,1.29467
21062,1.5287222
21063,0.3553538
21064,1.2815366
21065,1.9870925
21066,0.9731207
21067,0.700534
21068,0.21848767
21069,0.67374736
21070,0.42536694
21071,0.69463
21072,0.80007154
21073,1.2950758
21074,0.2738453
21075,0.43481597
21076,0.09320898
21077,0.12795356
21078,0.364806
21079,0.6550187
21080,0.37698564
21081,1.8787471
21082,0.49064964
21083,1.179927
21084,0.9940534
21085,0.3074726
21086,0.19589028
21087,1.2131116
21088,0.291113
21089,0.29868975
21090,0.5433009
21091,0.8391882
21092,0.19756263
21093,1.0952276
21094,1.2769436
21095,1.0902283
21096,2.0285947
21097,0.2517668
21098,0.48424506
21099,0.20639971
21100,0.59838736
21101,0.102280006
21102,0.8119729
21103,1.533295
21104,0.6834256
21105,0.22354268
21106,0.9782018
21107,0.75707483
21108,0.41426608
21109,0.21670067
21110,0.085629925
21111,0.9094534
21112,0.84185916
21113,0.5278194
21114,0.3828232
21115,0.941988
21116,0.14267515
21117,0.3151416
21118,0.24284914
21119,0.30780196
21120,0.22035491
21121,0.6471119
21122,0.43346238
21123,0.64483404
21124,0.23097685
21125,0.59801924
21126,0.9293624
21127,0.5266233
21128,0.1517344
21129,1.3234056
21130,0.7812524
21131,0.099687815
21132,0.82293874
21133,0.9183056
21134,0.8378055
21135,1.6823895
21136,0.8032234
21137,0.2834471
21138,0.31991437
21139,0.19705778
21140,0.9954945
21141,0.19121085
21142,1.1997446
21143,0.19185506
21144,2.0161798
21145,0.17229523
21146,0.40268978
21147,1.3025898
21148,0.25389007
21149,1.2455143
21150,0.5524815
21151,0.34314913
21152,0.6638878
21153,0.8000744
21154,0.15665814
21155,0.8168946
21156,1.0905665
21157,0.92227155
21158,0.16359486
21159,0.34681088
21160,0.3753149
21161,0.5495692
21162,0.83997375
21163,1.2600867
21164,0.79627603
21165,0.581559
21166,1.5972341
21167,1.4888775
21168,0.2212981
21169,0.45230752
21170,0.11545393
21171,0.72552854
21172,0.2897528
21173,0.26871482
21174,0.8606
21175,0.14075315
21176,0.7129243
21177,1.1826859
21178,0.1679138
21179,0.4926368
21180,0.55791277
21181,1.1852776
21182,1.0214378
21183,0.35298243
21184,0.45138887
21185,0.80557346
21186,0.75347084
21187,1.257499
21188,0.40549302
21189,0.5972836
21190,1.164501
21191,0.72081286
21192,0.40461758
21193,0.5823172
21194,0.10709135
21195,0.49758548
21196,0.85484236
21197,0.3662746
21198,0.16302727
21199,0.59755963
21200,0.13145062
21201,0.20539504
21202,0.6754638
21203,0.19872051
21204,0.95052814
21205,0.4309613
21206,0.19170594
21207,0.9902213
21208,0.16801243
21209,0.25474656
21210,1.1683397
21211,0.4742096
21212,0.37071893
21213,0.45376137
21214,0.27648422
21215,0.28888145
21216,0.23596272
21217,0.1310243
21218,0.3870291
21219,0.25571156
21220,0.3022221
21221,0.060570873
21222,0.72281295
21223,0.45870107
21224,0.47874418
21225,1.4048944
21226,0.31361717
21227,1.2031847
21228,0.30458093
21229,0.08815239
21230,0.21132079
21231,0.341127
21232,0.29504818
21233,0.34413242
21234,0.12543303
21235,0.81636703
21236,0.5792151
21237,0.6589302
21238,0.37292978
21239,0.57454616
21240,1.0760437
21241,0.14557463
21242,1.5477097
21243,0.10456918
21244,0.28529617
21245,1.3872962
21246,0.22924599
21247,1.506741
21248,0.07989309
21249,0.1592599
21250,1.1389006
21251,0.39745012
21252,0.17446226
21253,1.2330049
21254,0.19603579
21255,0.39761811
21256,0.519334
21257,0.29179868
21258,0.970185
21259,0.38747898
21260,0.63196456
21261,0.08162336
21262,0.34759727
21263,0.29571122
21264,0.27258015
21265,0.48953825
21266,0.43368077
21267,0.14493075
21268,0.5111704
21269,0.23034476
21270,0.8556583
21271,0.25731015
21272,0.39128083
21273,0.84211296
21274,0.7324433
21275,0.39204583
21276,0.87517726
21277,1.7786064
21278,0.16865975
21279,0.28672382
21280,0.30553806
21281,0.5932288
21282,0.59515506
21283,0.24708618
21284,0.23779671
21285,0.105686456
21286,1.3151702
21287,0.44995353
21288,0.500514
21289,0.36514366
21290,0.07719863
21291,0.6969603
21292,0.19498503
21293,1.2923138
21294,0.18307178
21295,0.30320194
21296,0.38530108
21297,0.67850196
21298,0.9668911
21299,1.4187955
21300,1.538526
21301,0.90569735
21302,0.113022715
21303,0.51744854
21304,0.5271293
21305,1.059729
21306,0.060434565
21307,0.5677144
21308,0.15302916
21309,0.34096786
21310,1.4966401
21311,1.1389835
21312,0.86311865
21313,0.37488243
21314,0.15883362
21315,0.693509
21316,0.4143455
21317,0.11526008
21318,0.13619521
21319,0.62615544
21320,0.22985636
21321,0.37714282
21322,1.3265344
21323,0.7793494
21324,0.19931474
21325,1.0663356
21326,0.48329243
21327,0.63290393
21328,1.6617239
21329,0.37130255
21330,1.2618955
21331,1.0280327
21332,0.55877185
21333,1.0370166
21334,1.5671645
21335,0.10635011
21336,1.0815228
21337,0.15147233
21338,0.7969595
21339,0.21600364
21340,1.7616428
21341,1.3742977
21342,1.4487841
21343,0.5230651
21344,0.08346611
21345,1.6353391
21346,0.15933841
21347,0.27105233
21348,0.6866515
21349,0.30196342
21350,0.27703378
21351,0.82910687
21352,0.26808378
21353,0.5454032
21354,1.6575992
21355,0.57710254
21356,0.7629102
21357,0.39363188
21358,0.106950894
21359,0.865193
21360,0.4406518
21361,1.3526591
21362,0.19864856
21363,0.30145672
21364,1.9454414
21365,0.8656734
21366,0.46753994
21367,1.4129202
21368,1.5624418
21369,0.066893466
21370,1.2682248
21371,0.1038135
21372,0.7344656
21373,0.63702774
21374,0.36178705
21375,0.2035672
21376,0.1448912
21377,2.3613734
21378,0.32923806
21379,0.12123452
21380,0.59508336
21381,0.27023384
21382,0.692394
21383,1.5343734
21384,0.16010725
21385,1.1779352
21386,1.6051772
21387,0.8903488
21388,0.47815865
21389,1.2490537
21390,1.1669191
21391,1.0865417
21392,0.43410906
21393,0.33115986
21394,0.69562566
21395,0.45611843
21396,0.14703727
21397,0.46010774
21398,0.18880929
21399,0.2118153
21400,0.45214716
21401,0.2204941
21402,1.5154433
21403,1.7482898
21404,0.615249
21405,0.27908117
21406,0.19261819
21407,1.2811848
21408,0.16981903
21409,0.43541333
21410,1.0370843
21411,1.5103928
21412,0.52071166
21413,0.20883496
21414,0.3936272
21415,1.2490537
21416,1.0360346
21417,0.4019748
21418,0.17722397
21419,1.2742202
21420,1.363774
21421,0.61241126
21422,1.0072858
21423,0.118708745
21424,0.34303352
21425,0.3186099
21426,1.2490537
21427,0.14693066
21428,1.0424012
21429,0.14381051
21430,0.25143588
21431,1.917092
21432,0.3404569
21433,0.9275111
21434,0.49611086
21435,0.25650463
21436,0.4011458
21437,1.6844491
21438,0.5560499
21439,0.8163536
21440,0.67106193
21441,1.8289174
21442,0.9198242
21443,0.6451597
21444,0.095238015
21445,1.2841994
21446,1.3797001
21447,0.18312831
21448,1.4069841
21449,0.5000197
21450,0.5507501
21451,0.9156076
21452,0.25179806
21453,0.94719875
21454,0.12097405
21455,0.9739975
21456,0.60092854
21457,1.0634518
21458,0.19971463
21459,0.11630766
21460,0.96602875
21461,1.2645202
21462,0.64084136
21463,1.5365541
21464,0.45144594
21465,0.16104849
21466,0.5095593
21467,0.31056878
21468,1.3709906
21469,0.15657131
21470,0.54942405
21471,0.94145274
21472,0.15085511
21473,0.14024012
21474,0.14768338
21475,0.17329012
21476,0.97097594
21477,0.7906302
21478,0.28205323
21479,0.565486
21480,1.1048241
21481,0.30503008
21482,1.2554603
21483,0.57792294
21484,0.3086802
21485,1.0415341
21486,0.6185361
21487,1.4564823
21488,0.8937672
21489,0.20636323
21490,0.39907905
21491,0.17868534
21492,1.7010994
21493,1.1624337
21494,0.2779532
21495,0.21318159
21496,1.2490537
21497,0.59294736
21498,1.274925
21499,0.17313182
21500,0.5410635
21501,0.47145826
21502,0.415571
21503,1.2313601
21504,0.5128982
21505,1.2105725
21506,1.744548
21507,0.19524097
21508,0.36934263
21509,0.21283521
21510,0.3263431
21511,0.8073368
21512,0.036895495
21513,0.5288718
21514,0.106970966
21515,0.31608653
21516,1.6523165
21517,1.2490537
21518,0.2072431
21519,0.32433432
21520,1.3605703
21521,0.003942361
21522,0.9062933
21523,1.3089083
21524,0.5219656
21525,0.21757598
21526,0.18331875
21527,0.21891
21528,0.5999284
21529,0.67398196
21530,0.25098723
21531,0.37698022
21532,0.20716733
21533,0.27838874
21534,0.5095228
21535,0.25837526
21536,0.17249279
21537,0.6534387
21538,1.2460058
21539,0.52384585
21540,1.5323533
21541,0.9169469
21542,0.25044277
21543,0.1896518
21544,0.9440492
21545,0.15416688
21546,0.38939732
21547,0.25570604
21548,0.24211091
21549,0.09972532
21550,1.6406426
21551,0.8479147
21552,1.3911412
21553,1.3388132
21554,0.1938014
21555,0.9321075
21556,0.21663795
21557,0.1255077
21558,1.2370485
21559,2.0294688
21560,0.9671003
21561,0.34086415
21562,0.41782448
21563,0.123868555
21564,2.206362
21565,1.575167
21566,0.2642895
21567,1.3184406
21568,0.34949815
21569,0.23722747
21570,0.6446349
21571,1.2930036
21572,0.064449444
21573,0.39946696
21574,0.2888874
21575,0.59455645
21576,0.38750294
21577,1.278724
21578,1.2490537
21579,0.61929244
21580,0.8575412
21581,0.7038443
21582,0.95120144
21583,1.3149976
21584,1.2468115
21585,1.3134228
21586,0.37102336
21587,0.08988091
21588,0.6731398
21589,0.16461942
21590,0.2205457
21591,0.41720518
21592,0.24921216
21593,1.2617038
21594,1.4206085
21595,0.13945603
21596,0.4580342
21597,1.33687
21598,0.07962094
21599,1.2075912
21600,0.38108075
21601,0.2765327
21602,0.29844642
21603,0.5419467
21604,0.5290144
21605,0.12687276
21606,0.34831735
21607,0.6149186
21608,0.8773896
21609,1.2552308
21610,1.677685
21611,1.1994016
21612,0.9792722
21613,0.261117
21614,1.3715785
21615,0.56209123
21616,0.17503886
21617,0.19951324
21618,0.8813367
21619,0.16800407
21620,0.061204843
21621,1.2975341
21622,0.2094631
21623,0.9747589
21624,1.2225453
21625,0.42579457
21626,0.2646735
21627,1.3584874
21628,0.95854485
21629,1.5780562
21630,0.45081082
21631,0.8015607
21632,0.192255
21633,1.3092637
21634,0.15486716
21635,1.2490537
21636,0.13019535
21637,0.7827626
21638,0.6174305
21639,2.1947289
21640,1.3488892
21641,1.6090875
21642,0.17999189
21643,0.15795618
21644,0.24146788
21645,1.2133266
21646,0.3479893
21647,0.609405
21648,0.21006003
21649,0.9944843
21650,2.1176453
21651,0.8841254
21652,1.3436325
21653,0.16311894
21654,0.73481274
21655,0.13522376
21656,0.3609281
21657,0.49354348
21658,0.7316135
21659,0.18023188
21660,0.10380393
21661,1.6780246
21662,0.17371032
21663,0.25758666
21664,0.38344133
21665,0.4028434
21666,0.12947673
21667,1.3819522
21668,1.464302
21669,0.62505555
21670,1.362152
21671,0.39388844
21672,0.25490743
21673,1.7036883
21674,0.13179974
21675,0.3550123
21676,0.9761738
21677,1.1659982
21678,1.4824606
21679,0.1934278
21680,0.37482467
21681,1.0059677
21682,1.0369865
21683,1.8787471
21684,2.0927093
21685,0.40642944
21686,2.1807666
21687,1.7291548
21688,1.6197703
21689,0.869564
21690,1.1058707
21691,0.19684182
21692,1.433599
21693,0.7270666
21694,0.59553736
21695,0.82506704
21696,0.3872805
21697,0.10353643
21698,0.33169347
21699,0.87543774
21700,1.1627799
21701,0.281791
21702,0.30188158
21703,0.5191779
21704,0.26963505
21705,1.2875084
21706,0.58254707
21707,1.5501734
21708,0.6619594
21709,0.7384905
21710,0.31736666
21711,0.25337544
21712,0.4401764
21713,0.88394845
21714,1.8980961
21715,0.36669746
21716,0.6088959
21717,0.09407051
21718,1.0813559
21719,0.063593484
21720,0.61393356
21721,1.4688048
21722,1.1501938
21723,0.5365415
21724,0.31260127
21725,0.5677476
21726,1.094162
21727,0.5948806
21728,0.33247805
21729,1.0885477
21730,0.7381418
21731,0.05513646
21732,1.7579193
21733,1.1254718
21734,0.31010827
21735,0.68254256
21736,0.047557592
21737,0.48760334
21738,1.2470145
21739,0.25445196
21740,0.9622183
21741,1.3355336
21742,1.236844
21743,0.6495253
21744,0.74883395
21745,0.15735532
21746,1.1767467
21747,0.97242755
21748,1.2471069
21749,1.0086943
21750,1.7058944
21751,0.9226244
21752,0.102892354
21753,0.8753278
21754,0.65071005
21755,0.2907239
21756,1.1764462
21757,1.3095992
21758,0.2118975
21759,0.45064634
21760,1.4325075
21761,0.28644294
21762,1.2676697
21763,0.87230855
21764,0.3400079
21765,1.0895566
21766,1.0001307
21767,0.14766961
21768,0.16243042
21769,0.7568947
21770,0.16952519
21771,0.14954475
21772,0.7866138
21773,0.1480558
21774,0.8698379
21775,0.34365302
21776,0.33534136
21777,0.19798967
21778,1.2490537
21779,0.17214209
21780,0.36116546
21781,0.6382297
21782,0.84471416
21783,0.9426218
21784,0.6811704
21785,0.8777426
21786,0.40714973
21787,0.2669686
21788,0.055507682
21789,1.1627403
21790,1.4895629
21791,0.44463044
21792,0.36755875
21793,0.32926843
21794,0.87562853
21795,0.31392574
21796,0.66210014
21797,0.28572005
21798,0.9154287
21799,0.28557765
21800,0.29583943
21801,0.3930546
21802,1.3570602
21803,1.3927177
21804,0.7801978
21805,0.19885308
21806,0.78437555
21807,1.2826078
21808,1.162307
21809,0.97337836
21810,1.355231
21811,0.69849247
21812,0.2755755
21813,0.53358066
21814,1.3153566
21815,0.14781123
21816,1.2356931
21817,0.48661196
21818,1.0073278
21819,0.36162436
21820,0.27292258
21821,2.2122157
21822,0.22836114
21823,0.13350904
21824,0.77883905
21825,0.3288601
21826,1.1935693
21827,1.651405
21828,1.6998194
21829,0.8984151
21830,1.7965491
21831,1.3840402
21832,1.1976148
21833,1.4689927
21834,1.1102301
21835,1.8008693
21836,0.22147115
21837,1.8326832
21838,0.13105454
21839,1.4194039
21840,1.8237301
21841,1.096734
21842,0.3721265
21843,0.11809614
21844,0.96971583
21845,0.23307374
21846,0.46901658
21847,1.7142137
21848,1.5502806
21849,1.41897
21850,1.431002
21851,0.4539716
21852,0.6522391
21853,1.6372817
21854,1.115785
21855,1.1426328
21856,0.29488978
21857,1.3161322
21858,0.126139
21859,0.3463757
21860,0.22142519
21861,1.0365354
21862,1.1793065
21863,1.3786398
21864,0.45276168
21865,0.39827207
21866,0.79011995
21867,0.34806558
21868,0.7206442
21869,1.4076568
21870,0.56053644
21871,0.1921734
21872,0.21757786
21873,1.0301588
21874,1.5339605
21875,1.0374217
21876,0.122810066
21877,0.10820031
21878,0.583573
21879,1.0595269
21880,0.100183606
21881,0.9758403
21882,0.75650847
21883,0.12599456
21884,0.97662497
21885,0.18949588
21886,0.3643951
21887,0.16127712
21888,1.1394428
21889,0.48584104
21890,0.8799144
21891,0.21193735
21892,0.14013399
21893,0.7341978
21894,0.1878811
21895,1.7657048
21896,1.050277
21897,0.24764402
21898,0.43751088
21899,1.249576
21900,0.31237704
21901,1.015012
21902,1.5027676
21903,1.2196409
21904,1.3626884
21905,0.6394424
21906,1.1850929
21907,0.9178143
21908,0.40858153
21909,0.1611299
21910,1.116382
21911,0.28596464
21912,0.11624423
21913,0.38367644
21914,0.51992476
21915,1.0397199
21916,0.4586592
21917,0.090533316
21918,0.1414826
21919,0.18255238
21920,0.13971494
21921,0.2394989
21922,0.20425668
21923,0.53983885
21924,0.9432058
21925,0.32215077
21926,0.13897187
21927,2.2515044
21928,1.1355971
21929,0.7327064
21930,1.0330343
21931,1.3476529
21932,1.6323382
21933,1.4338349
21934,1.2490537
21935,0.3264718
21936,1.5037817
21937,0.51578474
21938,0.7411538
21939,1.2912937
21940,0.99254787
21941,0.24478005
21942,0.18077931
21943,1.4175286
21944,1.2534724
21945,1.4831574
21946,0.9473932
21947,0.8997192
21948,0.17865534
21949,0.28142154
21950,1.0476172
21951,0.54090506
21952,0.36873093
21953,0.17291644
21954,1.2961954
21955,1.4733906
21956,0.2979776
21957,1.3931746
21958,0.17354047
21959,0.044845965
21960,0.712821
21961,0.26442692
21962,0.23260649
21963,0.3827926
21964,0.20097981
21965,1.7310605
21966,0.92122227
21967,0.14154163
21968,1.3314842
21969,0.49411973
21970,0.15890324
21971,0.986665
21972,0.4418391
21973,0.11681706
21974,0.6424424
21975,0.53689134
21976,1.0712786
21977,0.27630398
21978,1.1451812
21979,0.30125543
21980,0.21294695
21981,1.6153549
21982,0.3466899
21983,0.27601293
21984,1.8240302
21985,0.6600371
21986,0.13607965
21987,0.80770034
21988,0.27187523
21989,0.24453504
21990,1.6674653
21991,0.11444421
21992,1.4132717
21993,0.9887014
21994,1.2034303
21995,0.45105258
21996,0.3008751
21997,0.52772206
21998,0.65373725
21999,0.48206526
22000,1.4445596
22001,1.561941
22002,0.8272599
22003,0.8344419
22004,0.95394886
22005,1.3888278
22006,0.43672928
22007,0.4497589
22008,0.4491785
22009,0.5056623
22010,0.29641452
22011,0.6618346
22012,0.45617834
22013,0.0746679
22014,0.12709321
22015,0.33761305
22016,0.43098256
22017,0.54887456
22018,0.27804375
22019,1.5969542
22020,1.3006563
22021,0.79811406
22022,0.18177657
22023,0.45821658
22024,0.45588613
22025,0.23284212
22026,0.9326295
22027,1.3205216
22028,0.044292018
22029,0.43819144
22030,0.9753777
22031,0.5288391
22032,0.2616561
22033,1.3344705
22034,0.7683345
22035,0.26165888
22036,0.2181462
22037,0.12987432
22038,1.357489
22039,0.20835303
22040,0.19408062
22041,1.3707267
22042,1.3030457
22043,0.22508211
22044,0.22170748
22045,1.3662618
22046,1.1677868
22047,0.13760543
22048,0.44788957
22049,1.2856046
22050,0.3113607
22051,0.082103156
22052,0.14134155
22053,0.4476275
22054,0.6847841
22055,1.3209674
22056,1.3710475
22057,1.5817994
22058,1.3040615
22059,1.1152078
22060,0.62461174
22061,0.842938
22062,0.4972112
22063,0.24150947
22064,0.197231
22065,1.5685126
22066,1.209839
22067,0.41994137
22068,0.27405843
22069,1.041455
22070,0.7934099
22071,1.4194039
22072,0.17142753
22073,0.10246791
22074,1.4652874
22075,0.14132881
22076,0.35886556
22077,0.34195513
22078,0.52732354
22079,0.19261736
22080,0.7858909
22081,1.3647376
22082,0.43822116
22083,0.6145765
22084,0.76839644
22085,1.0273877
22086,2.0246348
22087,1.0149735
22088,0.14933485
22089,1.5843327
22090,1.2421535
22091,0.35851538
22092,1.7581252
22093,1.2564187
22094,1.0264086
22095,0.8295855
22096,0.59139985
22097,0.35496148
22098,0.6979234
22099,0.18373159
22100,0.38731435
22101,0.25086287
22102,0.7140456
22103,0.15658954
22104,1.3775009
22105,0.232577
22106,0.14164147
22107,0.4718924
22108,0.87627304
22109,0.15800436
22110,1.8088924
22111,1.5172558
22112,1.622709
22113,1.2157415
22114,0.5383271
22115,1.0902202
22116,0.11640711
22117,0.20478779
22118,0.33249193
22119,0.21373914
22120,1.2297307
22121,0.98297197
22122,2.269658
22123,1.8983257
22124,0.5304867
22125,0.059340797
22126,0.5357662
22127,1.4263198
22128,0.36883628
22129,0.17081363
22130,1.7173756
22131,0.93165505
22132,1.1552324
22133,1.4880431
22134,0.18028426
22135,0.18275356
22136,0.05969645
22137,0.19380541
22138,0.24003558
22139,0.120842546
22140,0.036038984
22141,0.4050086
22142,0.6275897
22143,0.36855137
22144,0.9398939
22145,0.81029963
22146,0.56836796
22147,1.1795938
22148,0.39098838
22149,0.47493386
22150,0.68902755
22151,0.2901871
22152,1.3132077
22153,0.19882438
22154,0.09844038
22155,1.0990043
22156,0.3398404
22157,0.9599311
22158,0.8805438
22159,0.98087204
22160,0.5235588
22161,0.6458052
22162,0.15578885
22163,0.2818526
22164,0.24311186
22165,1.7918034
22166,0.9123127
22167,0.116958424
22168,1.1115134
22169,1.8153473
22170,0.733341
22171,0.085685976
22172,1.0926018
22173,0.1344945
22174,1.274802
22175,0.1650375
22176,0.12759888
22177,0.26296046
22178,2.0056076
22179,0.16033633
22180,0.35312963
22181,0.68009835
22182,0.45962462
22183,0.42667633
22184,1.2827055
22185,0.7315342
22186,0.6328338
22187,0.23446068
22188,0.31273493
22189,0.76692283
22190,0.46146944
22191,0.15918612
22192,1.1031392
22193,1.0680592
22194,0.112206385
22195,0.72915375
22196,0.27931643
22197,1.2487181
22198,1.1468979
22199,0.22641528
22200,0.113982186
22201,0.34634098
22202,0.29348978
22203,1.2287703
22204,1.3570632
22205,0.17544043
22206,0.77101064
22207,0.19759259
22208,0.4345438
22209,1.2595052
22210,0.7471205
22211,0.8730903
22212,1.7672534
22213,1.694174
22214,0.9021252
22215,0.17390272
22216,0.14119726
22217,1.0005535
22218,0.18352526
22219,1.7031466
22220,0.656009
22221,0.8648899
22222,0.96971166
22223,0.11035806
22224,0.8598604
22225,1.6345798
22226,0.19315797
22227,0.30992702
22228,1.3622175
22229,1.1330441
22230,0.88273454
22231,1.5474774
22232,0.41171327
22233,0.46743464
22234,0.37740213
22235,0.124985665
22236,1.3467852
22237,1.5189377
22238,1.6965742
22239,0.9621594
22240,0.09306148
22241,0.13554321
22242,1.4203072
22243,0.17467746
22244,0.89603704
22245,1.0810513
22246,0.5808062
22247,0.5172924
22248,1.1316358
22249,0.14076915
22250,1.238983
22251,0.21522044
22252,0.39878094
22253,0.25588793
22254,0.35859224
22255,0.29925883
22256,0.40322953
22257,0.3103734
22258,0.39603633
22259,1.5492444
22260,0.7700936
22261,0.10789436
22262,0.8776694
22263,0.5445464
22264,0.91258377
22265,0.66262823
22266,0.737961
22267,0.3545411
22268,0.9753254
22269,0.8523811
22270,0.11284669
22271,0.05637198
22272,0.7226491
22273,1.7778076
22274,0.14483872
22275,0.48871434
22276,0.86098933
22277,0.41248202
22278,0.87332904
22279,1.1578825
22280,0.057116836
22281,0.41655216
22282,0.7387747
22283,1.1652559
22284,0.3205472
22285,1.1401987
22286,1.5833266
22287,0.28373656
22288,0.3025358
22289,1.3122159
22290,0.39724457
22291,0.32836336
22292,0.26076928
22293,0.4118497
22294,0.22490329
22295,1.5180442
22296,0.62750506
22297,0.26739612
22298,0.82500786
22299,1.7705215
22300,1.4543911
22301,1.5292147
22302,0.12156935
22303,0.37680677
22304,0.844388
22305,1.4559102
22306,0.70421684
22307,1.2455934
22308,0.12324759
22309,0.39129436
22310,0.43854874
22311,0.38493228
22312,0.61389077
22313,0.42120683
22314,0.83777106
22315,1.2982057
22316,0.7069634
22317,0.2143194
22318,0.5956884
22319,1.1795962
22320,0.5595829
22321,1.6420829
22322,0.4630133
22323,0.7165561
22324,0.4387787
22325,1.2149303
22326,1.2260776
22327,0.10354324
22328,1.1670867
22329,1.8491331
22330,1.1665457
22331,0.65353453
22332,0.15205139
22333,1.162458
22334,1.421276
22335,0.4670939
22336,0.41631338
22337,0.22819607
22338,1.3580946
22339,0.2841016
22340,0.568536
22341,0.22799802
22342,1.6254756
22343,0.3367572
22344,0.4674421
22345,0.55429566
22346,0.7570504
22347,1.601512
22348,0.79663426
22349,0.070932664
22350,1.5213892
22351,0.03977178
22352,1.2204182
22353,1.4194039
22354,1.3456628
22355,0.1574056
22356,0.8345363
22357,2.111365
22358,0.5287195
22359,1.420106
22360,1.2727873
22361,0.15811507
22362,0.46225482
22363,0.46401575
22364,1.0652092
22365,0.61042726
22366,0.5498172
22367,0.21499531
22368,0.27615455
22369,0.15275547
22370,1.2770771
22371,1.6866894
22372,1.6119502
22373,0.5636032
22374,0.11512332
22375,0.13493517
22376,0.5788646
22377,0.72483593
22378,0.7178029
22379,0.9619794
22380,0.71810704
22381,1.1605386
22382,1.3896335
22383,0.9338134
22384,0.39137343
22385,0.6615138
22386,1.1898352
22387,1.8304487
22388,0.0745409
22389,1.7019792
22390,0.26133963
22391,0.42962888
22392,0.08059262
22393,1.5269375
22394,0.30029747
22395,1.1193048
22396,0.42969784
22397,1.2278556
22398,0.29938343
22399,1.6954594
22400,0.65900546
22401,0.9068053
22402,0.13722518
22403,0.9349869
22404,0.7826001
22405,0.80320865
22406,1.3789898
22407,0.92739695
22408,0.10984367
22409,0.41408196
22410,0.33827454
22411,0.47369993
22412,0.5169061
22413,0.16563877
22414,1.6287584
22415,1.2356797
22416,0.18071075
22417,0.99232596
22418,1.2648178
22419,1.1833171
22420,0.19061933
22421,0.12951505
22422,0.27394238
22423,0.13274804
22424,0.3878945
22425,1.1122082
22426,0.21899176
22427,1.0497257
22428,0.9497445
22429,0.35237572
22430,0.56066436
22431,0.9027442
22432,0.55743015
22433,0.5875601
22434,1.581982
22435,1.3192656
22436,0.35199004
22437,0.3821571
22438,0.9949812
22439,0.30963627
22440,0.9535939
22441,1.9023006
22442,1.2907416
22443,0.35668853
22444,1.0651525
22445,0.56618536
22446,0.5443472
22447,1.1955719
22448,0.914621
22449,1.1688265
22450,1.2451692
22451,1.2125622
22452,0.43897146
22453,0.29533154
22454,0.65645444
22455,1.0613036
22456,1.0338019
22457,0.2089623
22458,1.2045838
22459,0.8773929
22460,0.46365446
22461,0.845765
22462,0.20660175
22463,0.33026174
22464,0.33747724
22465,1.2420256
22466,0.89821726
22467,1.384974
22468,0.4789047
22469,0.117952034
22470,0.74678355
22471,1.4318589
22472,0.8124407
22473,0.7247418
22474,0.26876587
22475,1.5100938
22476,1.1896584
22477,1.4373903
22478,1.3283001
22479,0.35432076
22480,1.2020684
22481,0.90932095
22482,0.96207446
22483,0.2750364
22484,0.6708617
22485,0.27269793
22486,1.4180588
22487,0.18757609
22488,0.16932337
22489,0.46702817
22490,0.18834963
22491,2.0898914
22492,0.39155096
22493,0.20510942
22494,0.6493743
22495,0.31379586
22496,0.27291295
22497,0.3966436
22498,1.3821425
22499,0.15896614
22500,0.08634435
22501,0.24169599
22502,0.37449852
22503,0.5493727
22504,0.111312345
22505,0.6209204
22506,0.9986127
22507,0.6782511
22508,1.4729593
22509,0.6398482
22510,2.0262034
22511,0.15811943
22512,0.55417365
22513,0.24221326
22514,1.3278146
22515,0.20057602
22516,1.4805593
22517,0.6724607
22518,0.24748708
22519,1.2490537
22520,0.13747348
22521,1.2434185
22522,1.3502835
22523,0.5017774
22524,0.69923353
22525,0.15368986
22526,0.059202034
22527,1.0506104
22528,0.4947167
22529,0.74987733
22530,0.9803787
22531,0.71842337
22532,0.9058246
22533,1.3761129
22534,0.6367845
22535,0.123382896
22536,0.2617447
22537,0.53948146
22538,0.76298386
22539,0.72254837
22540,0.16186123
22541,1.4826666
22542,0.47904122
22543,0.7610789
22544,1.8116844
22545,0.083176814
22546,0.29149535
22547,1.8920044
22548,0.28955686
22549,1.1383088
22550,0.17255753
22551,0.1969233
22552,0.25016648
22553,0.15653275
22554,1.5737734
22555,0.12778185
22556,0.18302868
22557,0.9189549
22558,0.45572093
22559,0.8903488
22560,0.1645143
22561,0.23420595
22562,1.236512
22563,1.6522124
22564,1.2391354
22565,0.12009831
22566,0.11286296
22567,0.2587613
22568,0.85215724
22569,0.59524626
22570,0.48331556
22571,1.0925885
22572,1.0652831
22573,1.2646081
22574,1.2578527
22575,1.2643178
22576,1.3565183
22577,0.33311895
22578,0.9022996
22579,1.2490537
22580,0.8877553
22581,0.43653506
22582,1.6786971
22583,0.4644528
22584,0.048334625
22585,1.0878283
22586,0.49590236
22587,1.3346884
22588,0.15858164
22589,0.19333924
22590,0.44840345
22591,1.7080431
22592,0.26317754
22593,0.5229581
22594,0.3188789
22595,0.40773627
22596,0.31087625
22597,1.1187134
22598,0.24589235
22599,0.33564454
22600,0.3106531
22601,1.3967687
22602,0.32717735
22603,0.11563572
22604,0.45066956
22605,0.19783415
22606,0.9932435
22607,0.25109598
22608,0.39281097
22609,0.18280618
22610,1.4044898
22611,1.7013937
22612,0.33302924
22613,1.4131817
22614,1.3313006
22615,1.6517539
22616,0.47654516
22617,0.7023327
22618,0.25407284
22619,1.3137348
22620,0.19550478
22621,1.1942987
22622,1.0031952
22623,0.34900078
22624,0.17334531
22625,1.2291843
22626,0.95901763
22627,0.23317313
22628,1.5570866
22629,0.18084472
22630,0.791175
22631,0.25177786
22632,1.1406473
22633,0.12602569
22634,0.4643965
22635,0.09839815
22636,0.77993727
22637,0.7394375
22638,0.34045532
22639,0.33556372
22640,0.38785556
22641,0.2653652
22642,1.181195
22643,0.15582559
22644,0.13375138
22645,1.8033029
22646,0.54987836
22647,1.2490537
22648,0.6933773
22649,1.133875
22650,0.98068386
22651,0.7422403
22652,0.32556364
22653,1.2171996
22654,1.4511273
22655,1.5933714
22656,0.32563967
22657,1.0718107
22658,0.26337907
22659,0.11397803
22660,0.31467855
22661,1.5752714
22662,2.1580386
22663,0.95264137
22664,0.3866841
22665,0.9328744
22666,0.93199253
22667,0.19322936
22668,0.5197657
22669,1.3911748
22670,0.1740444
22671,1.6419874
22672,0.5118456
22673,0.9780466
22674,0.507024
22675,0.7292965
22676,1.7778939
22677,1.0603057
22678,0.28879064
22679,0.7442399
22680,0.17522426
22681,0.47545972
22682,0.16152303
22683,0.13376771
22684,0.7227265
22685,0.25205028
22686,0.22087692
22687,0.8632914
22688,0.51955694
22689,0.60324323
22690,0.21024019
22691,0.24045825
22692,0.9509472
22693,0.2650181
22694,0.40597752
22695,0.14123583
22696,1.2810444
22697,0.70806414
22698,0.81924504
22699,1.2016267
22700,0.4286657
22701,1.3165367
22702,0.22618648
22703,0.23600748
22704,0.21923736
22705,0.72881
22706,0.24849227
22707,0.48632956
22708,0.96443385
22709,1.0336571
22710,0.58335894
22711,0.50682217
22712,0.34633484
22713,1.2646793
22714,0.92744875
22715,0.2593017
22716,0.89429086
22717,0.24072927
22718,0.48501235
22719,0.6414714
22720,0.35900044
22721,0.046644926
22722,1.2393208
22723,0.36393747
22724,0.19421193
22725,0.1204813
22726,0.31105676
22727,0.14878865
22728,0.062828034
22729,1.0402495
22730,0.40074894
22731,0.22285008
22732,1.3019166
22733,1.4863042
22734,1.3106943
22735,0.1964908
22736,1.5996133
22737,0.6615804
22738,0.32682687
22739,0.4855471
22740,0.35947484
22741,1.8787471
22742,0.24360138
22743,0.8552157
22744,0.38412166
22745,1.3850807
22746,0.9971523
22747,1.1094991
22748,0.20916814
22749,1.2012311
22750,0.7846521
22751,0.44216633
22752,0.56747943
22753,1.2566026
22754,0.7854384
22755,1.3859
22756,0.9403937
22757,0.13954708
22758,0.772147
22759,0.9435565
22760,0.18639995
22761,1.5285074
22762,1.0074683
22763,0.3680337
22764,0.10856378
22765,0.61459464
22766,0.5680785
22767,0.17346928
22768,0.32288888
22769,0.87072986
22770,0.35452592
22771,0.39664233
22772,0.9395674
22773,0.34240225
22774,0.7851573
22775,0.17952907
22776,0.19122706
22777,1.1828046
22778,0.19595282
22779,1.2322558
22780,1.3934865
22781,0.13750304
22782,0.9857261
22783,0.42870608
22784,0.8478543
22785,0.30665866
22786,0.4276975
22787,0.15275568
22788,0.48833573
22789,1.5934919
22790,1.209897
22791,0.38340396
22792,1.4095461
22793,0.49285242
22794,0.2008181
22795,1.4667506
22796,1.7541069
22797,0.3024729
22798,0.16099459
22799,1.4556191
22800,0.9241755
22801,0.7585363
22802,0.9483958
22803,1.0340133
22804,0.46571591
22805,0.5498763
22806,1.4683545
22807,0.1365019
22808,0.4411384
22809,1.0518583
22810,0.16817103
22811,1.0079689
22812,0.12298852
22813,1.5316485
22814,0.15334083
22815,0.6245586
22816,0.16021717
22817,0.40421167
22818,1.2490537
22819,0.3147844
22820,0.57528234
22821,1.2947102
22822,0.5759658
22823,0.36992133
22824,0.9057587
22825,0.35177904
22826,0.21370977
22827,0.84520066
22828,0.63093185
22829,0.7017628
22830,0.32276896
22831,1.2665287
22832,0.23558521
22833,0.5081726
22834,0.14262198
22835,0.34382248
22836,0.44525525
22837,1.1921995
22838,0.7206065
22839,1.4403063
22840,1.0503039
22841,0.9509846
22842,0.8879069
22843,0.715453
22844,0.7684607
22845,0.35396957
22846,1.5689255
22847,1.0342073
22848,0.15390725
22849,0.6464176
22850,0.6433148
22851,0.15154216
22852,1.6246681
22853,0.6198266
22854,1.5386889
22855,0.37868744
22856,0.37030086
22857,0.31168628
22858,0.5434117
22859,0.5081358
22860,0.3145182
22861,0.95120144
22862,0.29345775
22863,1.5335783
22864,0.41506872
22865,0.37809747
22866,0.72520304
22867,1.0240412
22868,1.2739286
22869,0.18239698
22870,0.47396907
22871,1.0005535
22872,0.21421456
22873,0.064522155
22874,0.13625689
22875,0.57306933
22876,0.9719668
22877,0.32876965
22878,0.15408596
22879,1.6849897
22880,1.5642143
22881,0.23179296
22882,0.7237355
22883,0.11360082
22884,1.540575
22885,0.2498335
22886,0.2004701
22887,0.4590056
22888,0.49876842
22889,0.22334933
22890,1.4046469
22891,1.4806583
22892,0.7920897
22893,0.39450696
22894,1.1317984
22895,1.0322356
22896,0.2731592
22897,1.0695722
22898,0.15420884
22899,0.47940516
22900,1.4170345
22901,0.40608013
22902,1.1342129
22903,0.5965626
22904,0.5441923
22905,0.4416318
22906,0.69776654
22907,1.6452467
22908,1.3606246
22909,0.26123184
22910,0.9540417
22911,0.6973037
22912,0.42022628
22913,1.1362634
22914,1.6003816
22915,0.35689992
22916,0.5144082
22917,1.7740989
22918,0.1459741
22919,1.8017894
22920,1.2813286
22921,1.0184011
22922,0.799015
22923,1.2058448
22924,0.24525422
22925,1.1443764
22926,1.3861576
22927,1.0160744
22928,0.2439691
22929,0.692894
22930,1.3925695
22931,0.39774835
22932,1.3990287
22933,0.35968748
22934,1.3723708
22935,1.065623
22936,1.3499174
22937,0.37121645
22938,1.2888669
22939,0.2958537
22940,0.76796347
22941,0.44812274
22942,0.8677061
22943,0.8294309
22944,0.20367515
22945,1.8787471
22946,0.7415766
22947,0.15997732
22948,1.9812604
22949,1.2490537
22950,1.4172918
22951,1.4271051
22952,0.41811827
22953,0.15380564
22954,1.5566694
22955,0.28328487
22956,1.9220687
22957,0.07357916
22958,0.28467634
22959,1.6938802
22960,1.4442939
22961,1.0511962
22962,0.17938295
22963,0.552737
22964,0.1592976
22965,1.2715505
22966,1.5433451
22967,0.14672025
22968,0.39461824
22969,0.21698672
22970,1.2085195
22971,0.3762624
22972,0.34069273
22973,1.4614381
22974,0.86869586
22975,0.399667
22976,0.22952545
22977,0.2649869
22978,0.7312285
22979,0.27757317
22980,0.90570694
22981,0.18908492
22982,0.78154117
22983,1.2386576
22984,0.119947225
22985,0.23645449
22986,1.5218542
22987,0.596906
22988,0.30135408
22989,1.4511713
22990,1.5470223
22991,0.5462893
22992,0.35780975
22993,0.20089363
22994,0.9875781
22995,1.462789
22996,1.1695522
22997,1.2219832
22998,1.6178936
22999,1.393373
23000,0.30296662
23001,0.5591116
23002,0.34170514
23003,1.1123625
23004,1.0078355
23005,0.5491041
23006,1.1710725
23007,0.83197063
23008,0.06786408
23009,0.64958346
23010,0.24842796
23011,1.5692375
23012,2.4127421
23013,0.20628987
23014,1.3298482
23015,1.372532
23016,1.1232553
23017,0.16733086
23018,0.42326948
23019,0.5213091
23020,0.40642452
23021,1.3910102
23022,0.20295577
23023,0.056508742
23024,0.77507025
23025,0.23730285
23026,1.285482
23027,0.8362073
23028,0.3331896
23029,0.18561743
23030,0.3037204
23031,0.42515382
23032,0.63612777
23033,0.36457044
23034,0.29057798
23035,0.7105712
23036,0.43728223
23037,1.4246598
23038,0.4262871
23039,0.45479664
23040,0.75090665
23041,0.457212
23042,1.5382104
23043,0.25368938
23044,1.0150255
23045,0.22733992
23046,1.1119939
23047,0.5707436
23048,1.9123682
23049,0.2439473
23050,0.11323005
23051,1.119501
23052,0.38815117
23053,0.39424548
23054,0.32640687
23055,1.1750276
23056,1.0469838
23057,1.2490537
23058,1.6776755
23059,0.17207113
23060,0.24589063
23061,0.17044099
23062,0.27874544
23063,0.2728757
23064,1.322384
23065,1.035507
23066,0.9755207
23067,0.15274371
23068,0.37868193
23069,0.18162166
23070,1.027873
23071,0.12169145
23072,0.8832392
23073,1.88791
23074,0.23557813
23075,0.26270923
23076,1.0361341
23077,0.057265334
23078,0.43574134
23079,0.58103555
23080,0.43555373
23081,1.399253
23082,0.13587426
23083,0.16795544
23084,0.14103276
23085,0.43312353
23086,1.1714518
23087,0.6298388
23088,0.22353372
23089,0.15589438
23090,0.22090553
23091,1.3328848
23092,0.21865648
23093,0.6388153
23094,0.18717843
23095,0.9284427
23096,0.18142301
23097,0.25193244
23098,1.8160474
23099,0.1564162
23100,0.39240822
23101,1.6001871
23102,0.34925997
23103,0.0924882
23104,0.1660196
23105,0.69016874
23106,0.40991712
23107,0.30301684
23108,1.6388181
23109,1.2121975
23110,0.1675952
23111,0.1813672
23112,0.60109663
23113,0.4126936
23114,0.5811254
23115,0.7500708
23116,0.21216902
23117,0.6369113
23118,0.67935187
23119,1.1712652
23120,0.25739452
23121,1.7012291
23122,0.6232285
23123,0.77953744
23124,0.4851975
23125,0.11585356
23126,0.21782185
23127,0.2235877
23128,2.2558823
23129,1.194803
23130,0.9520379
23131,1.0204637
23132,0.25772452
23133,0.3221325
23134,1.4450678
23135,0.74674225
23136,0.24320053
23137,1.5513691
23138,1.4253159
23139,0.49609366
23140,1.2328534
23141,0.42737496
23142,0.4394354
23143,0.88013417
23144,0.2770519
23145,0.26397482
23146,0.19373919
23147,0.4798428
23148,1.8516138
23149,0.6243015
23150,0.28825966
23151,1.1991336
23152,1.2278509
23153,1.4091532
23154,0.92879844
23155,0.088407785
23156,0.58091486
23157,1.5072215
23158,0.1868343
23159,0.27326438
23160,0.16514376
23161,0.24714579
23162,0.34004962
23163,1.4610871
23164,0.15744163
23165,1.171732
23166,0.5193789
23167,0.589495
23168,1.2680501
23169,0.12477416
23170,1.6565238
23171,0.5513426
23172,0.41029555
23173,0.17850219
23174,0.45051533
23175,0.4992654
23176,0.6430298
23177,1.0149812
23178,0.42358777
23179,1.0499591
23180,0.118024945
23181,0.1682424
23182,0.20991442
23183,1.0740302
23184,0.378124
23185,0.25996223
23186,0.84355843
23187,1.0508888
23188,0.9622297
23189,1.627046
23190,1.1023889
23191,0.25973734
23192,0.9888468
23193,0.455768
23194,1.6476063
23195,0.33779973
23196,0.25538012
23197,0.5039455
23198,0.2956164
23199,0.3545421
23200,0.4898016
23201,0.47977838
23202,0.1875814
23203,0.60623544
23204,0.7531298
23205,0.18087597
23206,0.86105657
23207,0.09064712
23208,0.23705319
23209,1.2377961
23210,0.27084106
23211,0.09934375
23212,0.42958647
23213,1.0205503
23214,0.2823636
23215,0.3129759
23216,1.1224825
23217,0.81372225
23218,0.21074031
23219,0.33108094
23220,0.25119695
23221,1.6764317
23222,0.41073665
23223,0.96498007
23224,0.42548984
23225,0.8903488
23226,0.49741888
23227,0.1768653
23228,1.4239893
23229,1.9812169
23230,1.7672534
23231,0.44329104
23232,0.9228623
23233,0.5680446
23234,0.47863796
23235,0.9530662
23236,0.1017603
23237,0.9053246
23238,1.2479864
23239,0.5098219
23240,1.4154648
23241,1.4037167
23242,0.40376496
23243,0.675197
23244,0.15418345
23245,0.41523895
23246,0.66885644
23247,0.34173447
23248,1.0712006
23249,2.2548568
23250,0.13461867
23251,0.4242881
23252,0.12369762
23253,0.3669801
23254,0.86836606
23255,0.991844
23256,0.16240688
23257,0.441279
23258,0.5117921
23259,0.38352484
23260,0.20665362
23261,0.61656773
23262,0.98622924
23263,0.42898768
23264,1.6114964
23265,0.95210266
23266,0.22699046
23267,1.1107529
23268,1.2490537
23269,0.2274423
23270,0.39664492
23271,0.46925065
23272,0.88545996
23273,1.2524724
23274,0.6841331
23275,0.23787133
23276,0.2407522
23277,1.9087951
23278,0.7825806
23279,0.16433099
23280,1.7263278
23281,0.3506721
23282,0.4201116
23283,0.91380984
23284,0.6789134
23285,0.101416335
23286,1.3635445
23287,0.1877548
23288,0.43588883
23289,1.409893
23290,0.8786154
23291,0.4705742
23292,0.33526212
23293,0.7372283
23294,0.17118655
23295,1.1127756
23296,0.7685833
23297,0.2850958
23298,0.3948697
23299,1.0095736
23300,0.3297151
23301,0.4916426
23302,1.2165133
23303,0.1349886
23304,1.3183517
23305,1.7920451
23306,1.2677654
23307,1.1926728
23308,0.28075778
23309,0.36965176
23310,0.295645
23311,0.27603865
23312,0.68970513
23313,1.1067868
23314,1.1535623
23315,0.50060505
23316,0.77808654
23317,0.15235789
23318,0.85488576
23319,0.28267616
23320,0.49579534
23321,0.14782809
23322,0.16745724
23323,0.33102307
23324,1.406319
23325,1.1341492
23326,1.1491326
23327,0.58578104
23328,1.1748273
23329,0.8613788
23330,0.48112348
23331,1.0286763
23332,1.3715087
23333,0.2880509
23334,0.15329188
23335,0.35658464
23336,0.32777154
23337,0.16061722
23338,1.033987
23339,0.20770194
23340,0.13531137
23341,0.25315788
23342,0.853206
23343,1.2625068
23344,0.93213844
23345,1.2490537
23346,0.25980112
23347,0.93680394
23348,0.5496972
23349,0.5481484
23350,0.20541207
23351,1.5580634
23352,0.59038526
23353,1.1599902
23354,0.76551026
23355,0.42759132
23356,0.45906085
23357,2.042857
23358,0.4362844
23359,1.0810513
23360,0.5177724
23361,1.6123896
23362,0.74987143
23363,0.51291054
23364,0.46950486
23365,0.59891266
23366,0.5567705
23367,1.0882372
23368,1.0437672
23369,1.535322
23370,0.60898656
23371,0.27819172
23372,0.94530123
23373,0.65031016
23374,0.9131705
23375,1.3337103
23376,1.3588737
23377,0.19282277
23378,0.39846823
23379,0.89603996
23380,1.457194
23381,1.0309644
23382,0.6877824
23383,1.2490537
23384,0.18735282
23385,1.2490537
23386,0.41127962
23387,0.36277553
23388,1.5917802
23389,0.14070055
23390,1.240369
23391,1.4181911
23392,0.1811085
23393,1.7012178
23394,0.8753994
23395,0.17510828
23396,0.13341549
23397,1.0886593
23398,1.4530369
23399,1.4547306
23400,1.4994941
23401,0.23728698
23402,1.0977436
23403,1.0484946
23404,0.46257415
23405,0.31064084
23406,0.38790914
23407,0.4232242
23408,1.0782931
23409,0.557415
23410,1.7037977
23411,1.9894975
23412,0.057689838
23413,0.30334753
23414,0.75695884
23415,1.3079778
23416,0.33744588
23417,0.19908407
23418,0.9748859
23419,0.61165595
23420,0.0732646
23421,0.20951205
23422,1.0981661
23423,0.90822595
23424,1.1648015
23425,1.2580092
23426,1.5102832
23427,0.30773327
23428,0.99169743
23429,1.4537758
23430,0.11874181
23431,1.8184153
23432,1.1838824
23433,1.1755645
23434,1.4441029
23435,0.5230061
23436,2.01417
23437,0.7556291
23438,0.44636738
23439,0.5487698
23440,1.8264203
23441,0.29657325
23442,0.85623896
23443,0.96402013
23444,0.1901487
23445,1.8692414
23446,1.1549366
23447,0.16677321
23448,0.15963566
23449,0.25760254
23450,1.3020977
23451,0.3074259
23452,0.43515992
23453,0.3709327
23454,1.6072105
23455,0.25539955
23456,1.1441574
23457,0.7288492
23458,0.30585405
23459,1.3862017
23460,1.9266719
23461,0.23351382
23462,0.15702657
23463,0.8025064
23464,0.17344898
23465,0.51918733
23466,0.2941936
23467,1.0761247
23468,1.2682681
23469,0.040486313
23470,0.14061534
23471,1.233043
23472,1.1141983
23473,1.1818454
23474,0.32112077
23475,0.5011295
23476,1.3181663
23477,0.96751386
23478,0.9406241
23479,0.43130046
23480,1.3572296
23481,1.7895279
23482,1.3728392
23483,0.29945487
23484,0.45607206
23485,1.5338029
23486,0.2555585
23487,0.17005664
23488,1.2124174
23489,0.71213233
23490,0.9373612
23491,0.3829832
23492,0.14568377
23493,0.4192648
23494,0.97829556
23495,1.2856046
23496,0.6179992
23497,0.20105568
23498,0.42983016
23499,0.65718096
23500,1.7520798
23501,0.1748739
23502,0.3140628
23503,0.094916135
23504,1.3196867
23505,0.94175136
23506,0.7274312
23507,0.41540405
23508,0.16697548
23509,0.87305456
23510,0.15236527
23511,1.3657963
23512,0.18726513
23513,1.3930007
23514,0.2301728
23515,0.17283271
23516,0.147559
23517,0.6146093
23518,0.11286971
23519,0.10427475
23520,0.9785579
23521,1.1729984
23522,0.880766
23523,1.7445493
23524,0.4596643
23525,0.80813366
23526,0.23627931
23527,0.13432886
23528,1.154161
23529,1.9296914
23530,0.42259175
23531,1.5982764
23532,0.7500755
23533,0.9483528
23534,1.6314372
23535,0.30413824
23536,1.5608249
23537,0.8318283
23538,0.2624925
23539,0.07098303
23540,0.3028632
23541,0.35842487
23542,0.3839951
23543,0.29309946
23544,0.3507581
23545,1.0768534
23546,0.26326737
23547,0.47076875
23548,1.4248871
23549,1.7115417
23550,0.2362788
23551,1.6608269
23552,1.5775331
23553,1.1372801
23554,0.5086623
23555,0.7474125
23556,0.15895836
23557,1.0647401
23558,1.8613336
23559,0.82011604
23560,0.06300433
23561,0.111962095
23562,0.19871424
23563,0.085669264
23564,0.19049655
23565,1.6058209
23566,0.19028595
23567,0.5454313
23568,0.88370764
23569,0.8622418
23570,0.4162147
23571,0.44593492
23572,0.7377639
23573,0.8712428
23574,1.4529542
23575,1.4439328
23576,1.0245394
23577,0.10292274
23578,0.4498826
23579,1.921169
23580,0.16690667
23581,0.20702337
23582,0.8423156
23583,0.38033512
23584,1.1670582
23585,0.6440814
23586,0.30600628
23587,0.5092789
23588,1.2266005
23589,0.61376077
23590,0.20069061
23591,0.25832897
23592,0.096600965
23593,0.49962062
23594,1.305581
23595,0.43534145
23596,0.54487014
23597,0.10833298
23598,0.4046732
23599,0.9113581
23600,0.45537734
23601,1.2344974
23602,0.37742338
23603,0.19950907
23604,1.8902087
23605,0.3119502
23606,0.19048788
23607,0.10825558
23608,0.14892794
23609,0.12284051
23610,1.3568398
23611,0.2270577
23612,0.15880719
23613,0.47290632
23614,0.3037875
23615,0.361819
23616,0.24962163
23617,0.7243872
23618,0.22215931
23619,1.7024399
23620,1.1563445
23621,1.2594839
23622,1.0059694
23623,0.117952436
23624,0.20207828
23625,0.38501787
23626,0.35739532
23627,1.3773372
23628,0.21455462
23629,0.20328708
23630,0.22212768
23631,1.012908
23632,0.5478984
23633,0.33381557
23634,0.32097918
23635,1.2890995
23636,0.29754034
23637,0.64632726
23638,0.82109165
23639,0.060181085
23640,1.1857071
23641,0.13260798
23642,0.5253312
23643,0.6299766
23644,0.09008509
23645,1.4461684
23646,1.302945
23647,0.44645336
23648,1.4158801
23649,1.2490537
23650,0.28291255
23651,0.48837653
23652,0.3245971
23653,1.2351947
23654,0.23656191
23655,0.8539515
23656,0.07465738
23657,0.8795034
23658,0.34120232
23659,0.19053154
23660,0.7205688
23661,1.3078108
23662,0.50380147
23663,0.1567707
23664,0.321957
23665,0.5901895
23666,0.20249309
23667,1.0348499
23668,0.46935284
23669,0.3048917
23670,0.8955745
23671,0.6660756
23672,0.29988378
23673,0.3822967
23674,0.33545566
23675,0.88521636
23676,1.7533965
23677,0.7867986
23678,1.2490537
23679,0.7413551
23680,1.4389166
23681,0.14950235
23682,0.79425085
23683,0.57693636
23684,1.3134086
23685,0.18155482
23686,0.69686246
23687,0.39323786
23688,1.4219747
23689,0.6874465
23690,0.41942322
23691,0.09604874
23692,1.2490537
23693,0.40510994
23694,0.103518486
23695,0.3160859
23696,0.084558666
23697,0.09890388
23698,0.2207153
23699,0.49601254
23700,1.2490537
23701,0.23519775
23702,1.5072176
23703,0.68876576
23704,0.99393964
23705,1.4170805
23706,1.2906055
23707,0.3949947
23708,0.7710433
23709,0.5350236
23710,0.18759447
23711,0.8995728
23712,0.32092062
23713,1.0284712
23714,0.66235393
23715,0.76430815
23716,0.3665885
23717,0.15813632
23718,1.2902031
23719,1.2083732
23720,0.55282646
23721,1.3435174
23722,1.0930122
23723,0.674263
23724,0.782423
23725,0.2900785
23726,0.7349451
23727,1.9799725
23728,1.5278634
23729,0.24800985
23730,0.22780252
23731,0.2647075
23732,0.1854322
23733,0.75504
23734,0.1415522
23735,1.1597911
23736,1.2711447
23737,0.57026744
23738,0.22579499
23739,0.11846574
23740,0.32958597
23741,1.8001454
23742,1.2995238
23743,1.2659531
23744,0.49592376
23745,0.5516414
23746,0.6840736
23747,0.98338413
23748,0.95891905
23749,0.14312133
23750,1.3331882
23751,1.4853253
23752,0.17427215
23753,0.15013996
23754,1.3705381
23755,0.722045
23756,0.1318333
23757,0.9900153
23758,0.994228
23759,0.17990974
23760,0.4235645
23761,1.286154
23762,0.3305124
23763,0.19539557
23764,1.6546608
23765,0.8255048
23766,0.95350957
23767,0.4291965
23768,0.32659855
23769,1.4701711
23770,0.27444068
23771,0.50221556
23772,0.17314574
23773,0.16505215
23774,1.3722209
23775,1.0185236
23776,0.35568556
23777,0.08466302
23778,1.2678338
23779,0.46743053
23780,0.16210139
23781,0.17367846
23782,0.86714077
23783,1.3198577
23784,1.1731577
23785,0.9838293
23786,0.0627974
23787,1.2110884
23788,0.66500884
23789,0.19563477
23790,0.49127266
23791,0.8182891
23792,0.29314843
23793,0.63458127
23794,0.43749645
23795,1.4542453
23796,0.3556247
23797,0.1741674
23798,1.2490537
23799,0.62489736
23800,0.43738994
23801,0.34180585
23802,0.8049279
23803,0.18676192
23804,0.3601199
23805,0.13622448
23806,1.1511295
23807,0.19354151
23808,0.20628613
23809,0.22735564
23810,0.14882085
23811,0.19350263
23812,0.38950637
23813,1.1445818
23814,0.10276312
23815,1.4435183
23816,0.99563545
23817,0.4937189
23818,1.1358968
23819,0.6006103
23820,0.9604865
23821,1.071827
23822,1.3169092
23823,1.2346845
23824,0.7341287
23825,0.96705216
23826,0.21377623
23827,0.8088639
23828,0.68490916
23829,1.9097914
23830,0.6900905
23831,1.130744
23832,0.024391737
23833,0.16424948
23834,1.3201188
23835,0.73680806
23836,1.5258588
23837,1.4122401
23838,0.07787809
23839,0.3836962
23840,1.547515
23841,1.2625839
23842,1.0540167
23843,1.3923697
23844,0.8983836
23845,0.5132947
23846,0.25061834
23847,1.4211438
23848,0.2668638
23849,1.4329916
23850,0.070382595
23851,0.84151083
23852,0.16328016
23853,0.104613334
23854,0.3406452
23855,0.7574928
23856,0.2819925
23857,0.56801236
23858,0.10616128
23859,1.2573597
23860,0.16144131
23861,0.19928996
23862,1.8181249
23863,1.5412071
23864,0.27030534
23865,0.098501876
23866,1.6801219
23867,0.4458289
23868,0.82849807
23869,0.35967514
23870,0.8616066
23871,0.29334944
23872,1.6821492
23873,1.1999874
23874,0.7724038
23875,0.13954447
23876,0.28714284
23877,0.8277114
23878,1.0520549
23879,0.73129815
23880,0.19174445
23881,0.6089296
23882,0.34604403
23883,0.40556693
23884,0.40384528
23885,1.5410689
23886,0.61654323
23887,0.17056824
23888,0.36584392
23889,1.6047271
23890,1.6056787
23891,0.19543956
23892,0.6462734
23893,0.66047996
23894,1.2422742
23895,0.21043813
23896,1.4002923
23897,1.8915992
23898,0.32269856
23899,0.627418
23900,0.19996056
23901,0.36441776
23902,0.57649285
23903,0.8710874
23904,0.1452029
23905,0.103855416
23906,1.1614704
23907,1.8106295
23908,1.2541386
23909,1.0562503
23910,0.33744606
23911,0.18361816
23912,1.0221381
23913,0.8826043
23914,0.8456443
23915,0.3478509
23916,0.6814308
23917,0.7082936
23918,0.5170101
23919,1.0726392
23920,0.24495478
23921,0.98219854
23922,0.20525827
23923,1.9109559
23924,0.5342439
23925,0.8776906
23926,0.60661304
23927,1.5145698
23928,1.6055238
23929,1.0765806
23930,1.3010032
23931,0.31669763
23932,0.31941548
23933,1.1021596
23934,0.22831732
23935,0.51344293
23936,1.1069885
23937,0.46779153
23938,0.71395034
23939,1.4512179
23940,0.7641405
23941,0.052503593
23942,0.61519843
23943,0.16656505
23944,0.1796093
23945,0.56720084
23946,0.7847313
23947,1.3685251
23948,1.4969933
23949,0.20835754
23950,0.14026476
23951,0.2781051
23952,1.2147868
23953,0.6544511
23954,1.1036193
23955,0.15149672
23956,0.28118697
23957,0.23836957
23958,0.58418125
23959,0.7689107
23960,0.3512981
23961,0.78512746
23962,1.0405908
23963,0.28180638
23964,0.1265754
23965,0.510802
23966,0.29466093
23967,0.99975294
23968,1.001721
23969,0.13779972
23970,1.5102092
23971,1.5418888
23972,0.6369351
23973,0.14467016
23974,1.5092386
23975,0.19273497
23976,0.2734903
23977,0.48886117
23978,0.78622574
23979,0.4316417
23980,0.19613905
23981,0.40758383
23982,1.0565329
23983,0.253377
23984,0.3128019
23985,0.94977593
23986,0.6607469
23987,1.1226707
23988,1.5314265
23989,0.48627996
23990,0.53763473
23991,0.49056888
23992,0.1307719
23993,0.9094488
23994,0.0781111
23995,1.8323944
23996,1.0268651
23997,0.8207172
23998,0.75955707
23999,0.087625995
24000,0.21796645
24001,0.2720152
24002,0.10300742
24003,0.25029638
24004,0.64368767
24005,0.24135672
24006,0.33374226
24007,1.0548526
24008,1.8470296
24009,0.4883867
24010,0.30717072
24011,1.1939414
24012,0.53083307
24013,0.74760526
24014,0.09565456
24015,0.7700161
24016,0.17952223
24017,0.872991
24018,0.46958238
24019,0.3272435
24020,0.26420912
24021,1.4086244
24022,1.5683321
24023,1.2490537
24024,0.31823802
24025,0.52488416
24026,0.49618423
24027,0.99248016
24028,0.88706285
24029,0.11538288
24030,0.6801179
24031,0.46312508
24032,0.32117575
24033,0.40443453
24034,0.4450302
24035,0.2927829
24036,1.5644974
24037,0.3381153
24038,0.24112466
24039,0.828869
24040,0.1966677
24041,1.2502494
24042,1.6155978
24043,1.3593113
24044,0.18788293
24045,0.4880218
24046,0.17307392
24047,0.39184502
24048,0.20251809
24049,0.9231745
24050,0.3705645
24051,0.7067307
24052,0.8637191
24053,0.3551968
24054,0.13349381
24055,1.1912725
24056,0.5080415
24057,0.6842152
24058,0.72974396
24059,0.26716164
24060,0.9234241
24061,1.0518852
24062,1.1950729
24063,0.30571795
24064,0.6272467
24065,0.9229897
24066,0.2456327
24067,0.21365884
24068,0.17309405
24069,1.4455695
24070,1.5983701
24071,0.27363703
24072,0.25699824
24073,0.92554003
24074,0.07760444
24075,0.48235664
24076,0.16585876
24077,1.262157
24078,0.16066
24079,0.4265148
24080,1.4242119
24081,0.27912924
24082,0.2657456
24083,1.2856046
24084,0.06028978
24085,0.3918283
24086,1.0098261
24087,0.34938896
24088,0.9809436
24089,0.10432407
24090,1.8015443
24091,1.6056787
24092,0.15993708
24093,0.26298752
24094,2.051554
24095,0.38653058
24096,1.3161947
24097,0.5091748
24098,0.6219338
24099,0.33146515
24100,0.17156646
24101,0.9231558
24102,0.4871162
24103,0.35270795
24104,0.4302276
24105,0.4639061
24106,1.27511
24107,0.4577662
24108,0.44750893
24109,1.0850824
24110,0.57148176
24111,1.921169
24112,1.2426167
24113,0.097179726
24114,0.42842096
24115,0.18047896
24116,0.09568854
24117,0.42218727
24118,0.5905067
24119,0.75775623
24120,0.20923045
24121,0.20247394
24122,1.5624944
24123,0.8889099
24124,1.1117057
24125,0.49028975
24126,1.7553568
24127,0.3002611
24128,1.1496553
24129,1.2555089
24130,1.1247401
24131,0.57990783
24132,0.28406277
24133,0.382498
24134,0.3907452
24135,0.97303075
24136,0.23647611
24137,1.1050057
24138,1.1940368
24139,0.23577839
24140,0.53707373
24141,0.16837451
24142,0.13305506
24143,0.9173352
24144,0.14429328
24145,0.20790899
24146,1.0419335
24147,0.31305894
24148,0.09624432
24149,1.1426774
24150,1.2510313
24151,0.9633764
24152,0.08149086
24153,0.17656416
24154,1.9146607
24155,0.36475813
24156,0.44381517
24157,1.2370809
24158,0.78513044
24159,0.93816453
24160,1.6776755
24161,1.3336056
24162,0.112746716
24163,0.22705899
24164,1.0123124
24165,0.24044754
24166,0.51862836
24167,1.2939827
24168,0.92118156
24169,0.26573917
24170,1.1305342
24171,1.2749326
24172,0.33001783
24173,0.4872063
24174,0.4071513
24175,1.3981298
24176,0.462488
24177,1.342778
24178,0.56299305
24179,0.2746043
24180,0.96613896
24181,0.43726993
24182,1.1367949
24183,0.6738871
24184,0.15852901
24185,0.9309594
24186,1.6451753
24187,1.1046884
24188,0.6725956
24189,0.90757227
24190,1.2490537
24191,0.9339243
24192,0.22073658
24193,0.25559163
24194,0.42762753
24195,0.28487977
24196,0.99947125
24197,0.35593256
24198,0.23419738
24199,0.1626709
24200,1.8393115
24201,1.0711272
24202,0.1627098
24203,0.30284223
24204,0.18515599
24205,0.41782638
24206,0.95021063
24207,0.2763235
24208,0.15929377
24209,1.74017
24210,1.0162997
24211,0.6542092
24212,1.0092646
24213,0.2578083
24214,1.0951463
24215,0.54033625
24216,1.5033901
24217,0.25149816
24218,1.703177
24219,0.1319807
24220,1.7929056
24221,1.1682519
24222,0.14490487
24223,0.18955447
24224,0.6781431
24225,0.121266365
24226,0.3203085
24227,0.3275999
24228,0.16440701
24229,0.52101964
24230,0.50585973
24231,1.4194039
24232,1.2467749
24233,0.23765005
24234,0.8540896
24235,0.13685931
24236,1.1056803
24237,0.17582943
24238,0.13339396
24239,0.1599823
24240,1.2468115
24241,0.16696343
24242,0.99395853
24243,1.2042506
24244,1.7799042
24245,0.20382814
24246,0.15698107
24247,0.2569223
24248,0.81863165
24249,1.0142059
24250,0.45226607
24251,0.964663
24252,0.58832616
24253,1.4194039
24254,0.36066458
24255,0.040434793
24256,0.3658508
24257,0.7479815
24258,0.7698768
24259,0.6110163
24260,0.7088303
24261,1.0516075
24262,1.2490537
24263,1.4627277
24264,1.306301
24265,0.20502369
24266,0.5109199
24267,1.005571
24268,0.63931304
24269,0.19015998
24270,0.6675888
24271,1.1756773
24272,1.546788
24273,0.30540395
24274,0.29854196
24275,1.4920677
24276,0.83697593
24277,0.8761603
24278,1.5816268
24279,0.1912564
24280,0.19100696
24281,0.5809453
24282,0.15377754
24283,0.5306855
24284,0.3781324
24285,0.18185534
24286,1.339436
24287,0.3428621
24288,0.32240012
24289,1.3286282
24290,0.61838436
24291,0.15553306
24292,0.19251078
24293,0.51489
24294,0.17765433
24295,1.6119454
24296,1.1256428
24297,0.40154618
24298,1.4044012
24299,0.37792456
24300,0.2802478
24301,0.7249701
24302,0.25301942
24303,0.400927
24304,0.49466443
24305,0.22816801
24306,0.51286083
24307,0.9942562
24308,0.51368773
24309,0.09810904
24310,0.21425878
24311,0.44067097
24312,0.9143685
24313,1.748318
24314,-0.0010326691
24315,1.1201265
24316,0.113303155
24317,0.47934613
24318,1.2177272
24319,0.47507766
24320,0.9783022
24321,1.4867088
24322,1.3906989
24323,0.24710433
24324,0.12268898
24325,0.97233176
24326,1.418508
24327,0.12251943
24328,0.22849077
24329,1.2682961
24330,1.5324316
24331,1.2296059
24332,1.3259168
24333,0.90377027
24334,0.50844234
24335,0.6454229
24336,0.33562306
24337,0.31159693
24338,1.3226211
24339,0.73941815
24340,0.08974931
24341,0.7642128
24342,0.27296692
24343,0.3005089
24344,1.8751405
24345,2.053143
24346,0.19406499
24347,0.0616434
24348,0.29486412
24349,0.33304337
24350,0.7695546
24351,0.12218273
24352,1.2165873
24353,0.22596222
24354,0.1078099
24355,1.0219345
24356,0.86456656
24357,0.42653522
24358,0.16177946
24359,0.4411924
24360,0.5139888
24361,1.4640316
24362,1.7333496
24363,1.3143505
24364,1.508554
24365,1.0742434
24366,1.1073278
24367,0.21053319
24368,1.9741781
24369,1.1871117
24370,1.2792578
24371,0.30354613
24372,1.5563568
24373,1.1046884
24374,0.1121739
24375,0.41675505
24376,0.507132
24377,0.5716855
24378,0.9402376
24379,0.3128113
24380,0.4729256
24381,1.4456584
24382,0.1675642
24383,0.036443934
24384,0.73442155
24385,0.42128277
24386,0.22412229
24387,0.110227
24388,0.17364354
24389,0.32680142
24390,0.5815159
24391,1.17062
24392,0.16626278
24393,0.1634242
24394,0.2843105
24395,0.51076746
24396,1.677685
24397,0.56472504
24398,0.32212612
24399,0.16675095
24400,0.27518442
24401,0.16525733
24402,0.3525627
24403,0.22291763
24404,1.2047083
24405,0.47048408
24406,0.1000517
24407,1.5183761
24408,1.6726431
24409,0.6910996
24410,0.071336485
24411,0.16769724
24412,0.55290276
24413,1.2186145
24414,1.270702
24415,0.8087295
24416,0.032921188
24417,0.64407665
24418,0.89443463
24419,1.2578251
24420,0.45516807
24421,0.8283641
24422,0.098341525
24423,0.80608827
24424,0.09951095
24425,1.1778355
24426,0.9757738
24427,0.9473541
24428,1.6612413
24429,1.2517567
24430,0.14464214
24431,0.580333
24432,0.3180175
24433,0.1437428
24434,1.0090026
24435,1.1168063
24436,0.5003348
24437,0.12617254
24438,0.9451296
24439,0.26962143
24440,0.13121118
24441,0.5101278
24442,0.305142
24443,1.1164933
24444,1.7530215
24445,1.4417653
24446,0.6544774
24447,0.17475769
24448,0.2832158
24449,1.4726299
24450,0.1288767
24451,1.9049454
24452,0.51960653
24453,0.9129098
24454,0.39699018
24455,0.21531287
24456,0.3171795
24457,0.76143795
24458,0.32322815
24459,0.37272668
24460,1.2022598
24461,0.8203045
24462,1.1520339
24463,1.5083172
24464,0.3824211
24465,0.74962294
24466,1.3125958
24467,0.3087242
24468,0.45185187
24469,0.118521154
24470,0.25659904
24471,0.34600142
24472,0.30084136
24473,0.55401105
24474,0.40458253
24475,0.29837346
24476,0.41084224
24477,1.7351725
24478,0.7553169
24479,0.5627995
24480,0.36067972
24481,0.33756265
24482,0.3432273
24483,1.161324
24484,0.9526199
24485,1.1227045
24486,0.7538597
24487,1.6502384
24488,0.14743403
24489,0.08513558
24490,1.128468
24491,0.8718022
24492,0.27208912
24493,0.047954798
24494,0.15867475
24495,0.95645607
24496,0.7556237
24497,0.16813518
24498,0.16803908
24499,0.25629196
24500,0.41189104
24501,1.4030337
24502,0.14752144
24503,0.54572594
24504,0.8690619
24505,1.1887289
24506,1.1195256
24507,0.37754983
24508,0.17782882
24509,0.15624419
24510,1.1809436
24511,1.0768002
24512,0.6697686
24513,0.47787717
24514,0.8765756
24515,0.51642275
24516,1.2904886
24517,0.13223615
24518,0.6082243
24519,0.9053768
24520,1.7516001
24521,1.3518735
24522,0.4339057
24523,1.0377775
24524,1.343439
24525,0.19213687
24526,0.3134474
24527,1.8372729
24528,0.03390761
24529,0.286261
24530,0.16353793
24531,0.69668204
24532,1.2839628
24533,0.14169976
24534,1.3619615
24535,1.3521515
24536,1.4839792
24537,0.251501
24538,0.9993591
24539,0.32796702
24540,0.14893723
24541,0.17486094
24542,1.5687405
24543,0.13454674
24544,0.16115981
24545,0.8920679
24546,1.8634224
24547,0.21180569
24548,0.09639904
24549,0.8641481
24550,0.15750736
24551,0.76794606
24552,1.2411183
24553,0.69827676
24554,0.44691363
24555,0.32246202
24556,1.2126632
24557,1.1114606
24558,0.61365557
24559,0.94549793
24560,1.7284255
24561,0.40424588
24562,0.79335135
24563,1.1781224
24564,1.281985
24565,0.16965128
24566,1.210698
24567,1.7807854
24568,0.36446983
24569,0.20423609
24570,0.4554269
24571,0.7154907
24572,0.3256544
24573,0.8422541
24574,0.43634498
24575,0.44695058
24576,1.279012
24577,0.19994639
24578,0.5497113
24579,0.9748859
24580,0.3485835
24581,1.8685073
24582,0.7267539
24583,0.62464947
24584,1.2490537
24585,0.6873147
24586,1.5233008
24587,0.16637233
24588,0.4102532
24589,0.39838588
24590,0.12515548
24591,0.683752
24592,0.15770844
24593,0.32378104
24594,0.15499647
24595,1.6089007
24596,0.8902247
24597,0.091882885
24598,1.2856046
24599,0.17838746
24600,0.14262053
24601,0.47936308
24602,1.1822641
24603,0.72186875
24604,0.65796435
24605,0.23544501
24606,0.76217175
24607,1.2071395
24608,0.21264745
24609,1.166318
24610,1.4111222
24611,1.814009
24612,1.2799555
24613,1.3594844
24614,1.403228
24615,1.0249876
24616,0.20542572
24617,0.17052947
24618,0.56485164
24619,0.97585285
24620,0.14578006
24621,0.29682714
24622,0.35829625
24623,1.3215406
24624,0.14812404
24625,0.6481621
24626,1.3161793
24627,0.2260558
24628,0.14042431
24629,0.6505203
24630,1.5097016
24631,0.18424731
24632,0.29157817
24633,1.4734986
24634,0.14139494
24635,1.4101323
24636,1.0296832
24637,0.6135308
24638,0.398521
24639,1.5605421
24640,0.60346603
24641,1.2534761
24642,1.2978997
24643,0.8694664
24644,1.8016053
24645,0.6587478
24646,0.3355863
24647,0.8772481
24648,1.1513451
24649,0.11304529
24650,0.35493442
24651,0.3869038
24652,1.2411861
24653,0.5125876
24654,1.4434148
24655,1.1235815
24656,0.75206697
24657,0.6133139
24658,1.4904364
24659,0.18252805
24660,0.12644798
24661,0.09322666
24662,0.50402254
24663,1.148071
24664,0.121824086
24665,1.4088025
24666,0.9768751
24667,0.05727475
24668,0.7567898
24669,0.041811578
24670,1.1820605
24671,0.12736183
24672,1.0512698
24673,1.2358549
24674,0.48160014
24675,0.18868461
24676,0.81734794
24677,0.6995718
24678,0.38278648
24679,0.41254354
24680,0.16807179
24681,0.8282207
24682,1.5410537
24683,0.11918956
24684,1.1383736
24685,0.16917455
24686,0.7846741
24687,0.43031433
24688,1.4424592
24689,0.38988146
24690,0.18910295
24691,1.4947376
24692,0.40368915
24693,1.4590516
24694,0.87537766
24695,1.2888384
24696,1.33593
24697,0.4469234
24698,0.584071
24699,0.81769633
24700,1.1987014
24701,0.13467975
24702,0.54102886
24703,0.918476
24704,0.1631053
24705,0.26597396
24706,0.37205428
24707,0.33644184
24708,0.43164688
24709,0.19325319
24710,1.5103465
24711,0.6155381
24712,0.24889675
24713,0.25865102
24714,1.2333226
24715,0.79512656
24716,0.13921466
24717,0.7666732
24718,0.79504627
24719,1.1608692
24720,0.17849465
24721,0.59579134
24722,0.29767293
24723,0.1880215
24724,0.5932915
24725,0.32694197
24726,1.2781556
24727,0.29654804
24728,1.4797996
24729,1.0405096
24730,1.0720361
24731,0.21674068
24732,0.3252168
24733,0.3462373
24734,0.7564556
24735,1.1980178
24736,1.2241057
24737,0.65852344
24738,0.9636177
24739,0.37371048
24740,0.17375757
24741,0.17993578
24742,0.61182666
24743,1.0713964
24744,0.24249895
24745,1.2490537
24746,1.2142786
24747,0.3662543
24748,1.6445568
24749,0.100745216
24750,0.30980024
24751,0.22559577
24752,0.11531618
24753,0.14683317
24754,1.1724312
24755,0.46523684
24756,0.23489979
24757,1.1922553
24758,1.8088727
24759,1.2805159
24760,0.10219163
24761,1.9394869
24762,0.46216953
24763,1.1139058
24764,0.17854281
24765,0.4540999
24766,0.15239656
24767,0.36279857
24768,0.55587536
24769,0.33794466
24770,0.10438812
24771,0.1745578
24772,0.29617074
24773,0.6756392
24774,1.6056787
24775,0.13606167
24776,0.44029337
24777,0.29103628
24778,0.32843575
24779,0.3406461
24780,0.25188872
24781,0.8873882
24782,0.15294458
24783,0.14494397
24784,0.22241902
24785,1.3817945
24786,0.55977434
24787,1.1707126
24788,1.1337857
24789,0.19284466
24790,0.26567414
24791,0.69743294
24792,0.7142336
24793,0.44131652
24794,0.9606173
24795,1.1387833
24796,0.40789026
24797,0.48538822
24798,0.21411465
24799,0.45747122
24800,0.27707258
24801,1.0780178
24802,0.30236807
24803,1.4401047
24804,0.84855807
24805,0.19662623
24806,1.3587246
24807,0.4361444
24808,0.47910422
24809,0.18717709
24810,1.6479673
24811,0.37740973
24812,1.0612391
24813,1.2730931
24814,0.10143818
24815,1.3538805
24816,0.22496691
24817,0.7240305
24818,0.88220257
24819,0.45899382
24820,1.5251677
24821,0.37859967
24822,1.9610807
24823,1.2490537
24824,1.4484277
24825,0.4458589
24826,0.26739818
24827,0.23435396
24828,0.6300771
24829,0.11365791
24830,1.0771024
24831,0.13630606
24832,0.43103123
24833,0.6931491
24834,0.1631135
24835,0.92810905
24836,0.93973184
24837,0.28104043
24838,1.5005704
24839,0.65382487
24840,1.3769007
24841,1.390471
24842,1.0818162
24843,1.3739415
24844,1.7303625
24845,0.17339753
24846,0.12243739
24847,0.8879069
24848,0.26231372
24849,1.7855185
24850,0.27220458
24851,0.37512735
24852,1.0384284
24853,0.7181998
24854,0.23726065
24855,0.8630193
24856,0.8393532
24857,0.23175073
24858,0.17142232
24859,0.14784434
24860,0.39384365
24861,0.36575
24862,0.24867076
24863,1.315283
24864,1.0348505
24865,0.19859365
24866,0.22072095
24867,0.5798792
24868,0.7957353
24869,0.5027111
24870,0.6743923
24871,1.0747217
24872,0.22395265
24873,1.1432436
24874,1.5785683
24875,0.15731157
24876,0.66427135
24877,1.259056
24878,1.1217074
24879,0.30778018
24880,1.2468115
24881,1.0628853
24882,0.07724411
24883,1.4080617
24884,1.046954
24885,0.05597358
24886,0.16048613
24887,1.7198044
24888,1.0543715
24889,0.33314332
24890,0.15468326
24891,0.90185136
24892,0.4176544
24893,0.555186
24894,0.34536558
24895,0.701269
24896,0.3217913
24897,1.1537422
24898,0.3645742
24899,0.4503464
24900,0.30304083
24901,0.2283902
24902,0.610889
24903,1.4682857
24904,1.5328099
24905,0.41569293
24906,1.2250378
24907,0.6079977
24908,0.56520605
24909,0.37428698
24910,1.6776354
24911,1.3769736
24912,1.1502429
24913,0.08575949
24914,1.3480333
24915,0.6951391
24916,0.29012004
24917,0.2386437
24918,0.64943975
24919,0.7772322
24920,0.17061135
24921,0.13527857
24922,0.20076855
24923,2.073539
24924,0.42713764
24925,1.4067279
24926,1.0743635
24927,0.13242872
24928,1.3119501
24929,1.5458684
24930,1.2899518
24931,0.2613858
24932,0.7841846
24933,0.70798725
24934,0.5127256
24935,0.11814603
24936,1.0628835
24937,1.0162296
24938,0.99466527
24939,0.4803499
24940,0.21181735
24941,0.34249613
24942,0.4910903
24943,1.6949323
24944,1.2490537
24945,1.9405144
24946,1.7850806
24947,0.3050683
24948,1.8646808
24949,0.40860775
24950,1.2533861
24951,0.30903536
24952,0.15647683
24953,0.073687874
24954,0.18237935
24955,0.20001751
24956,0.9889126
24957,0.91437
24958,0.16391072
24959,0.59315944
24960,1.2914697
24961,0.40458387
24962,0.59829354
24963,0.7047902
24964,0.69195974
24965,0.24651448
24966,1.238983
24967,1.0310252
24968,1.0376407
24969,0.6187762
24970,0.3855479
24971,0.32785642
24972,1.053612
24973,1.6520672
24974,0.09556924
24975,0.4032164
24976,0.92913795
24977,0.3295356
24978,1.4199317
24979,0.1514373
24980,0.08952466
24981,0.11211467
24982,0.3449751
24983,0.9481973
24984,1.5977426
24985,1.3822777
24986,0.8627579
24987,0.023747765
24988,0.18271221
24989,1.2810806
24990,1.4626014
24991,0.49874064
24992,0.18401666
24993,1.151198
24994,0.30883548
24995,0.90312594
24996,0.16432822
24997,0.25949794
24998,0.44916105
24999,1.4920629
25000,0.27732316
25001,0.1824537
25002,1.7543858
25003,0.62610286
25004,1.207083
25005,0.32433993
25006,0.2627234
25007,0.54192007
25008,1.2746007
25009,1.2480751
25010,1.670042
25011,1.4516685
25012,0.29702443
25013,0.39256018
25014,0.9803485
25015,0.8163213
25016,0.24708809
25017,1.5110195
25018,1.098149
25019,0.37955
25020,1.0871081
25021,1.3127654
25022,1.7354939
25023,0.2306534
25024,0.68169695
25025,0.6905961
25026,0.36200505
25027,1.9542581
25028,1.4506001
25029,0.3256367
25030,0.25096512
25031,1.4851949
25032,0.16813727
25033,0.20256847
25034,0.18466748
25035,1.1827657
25036,0.17590958
25037,0.15170851
25038,1.4499295
25039,0.7987173
25040,0.65831906
25041,0.28287184
25042,1.45207
25043,0.22198409
25044,0.39712223
25045,1.1379988
25046,1.3701677
25047,1.0342072
25048,0.37170407
25049,1.2845963
25050,1.4709705
25051,0.9040679
25052,0.020097535
25053,0.61906964
25054,1.0789119
25055,1.3844671
25056,1.4003562
25057,1.4675217
25058,0.28136444
25059,0.85460895
25060,0.15567799
25061,1.104058
25062,1.1877447
25063,0.24124163
25064,1.9204257
25065,1.9681424
25066,0.7707991
25067,1.6135653
25068,1.0141052
25069,1.5201752
25070,0.24299921
25071,1.6370528
25072,0.30195156
25073,0.08749479
25074,1.5665097
25075,0.46414453
25076,0.5712728
25077,1.2915608
25078,0.7174957
25079,0.42923442
25080,0.17294006
25081,2.0342681
25082,0.35791373
25083,0.3068886
25084,1.3484701
25085,0.2159742
25086,1.2444458
25087,0.40851563
25088,1.2054672
25089,0.13310635
25090,0.6323794
25091,0.3172897
25092,0.58107716
25093,1.0278317
25094,0.7760399
25095,1.1881257
25096,1.3573184
25097,1.2856046
25098,0.684086
25099,0.4736854
25100,1.1059028
25101,0.37272725
25102,0.80568326
25103,0.14410208
25104,1.2490537
25105,0.7987898
25106,0.19883437
25107,0.22826718
25108,1.1159377
25109,1.2468115
25110,0.29313028
25111,0.44883573
25112,0.08420871
25113,0.34950975
25114,1.0305034
25115,0.26253405
25116,0.4200517
25117,1.4966944
25118,1.2008709
25119,0.12950777
25120,1.0774463
25121,1.3046526
25122,0.225208
25123,1.1441885
25124,1.0880249
25125,1.084335
25126,0.24446365
25127,1.0324867
25128,0.36830655
25129,0.1522156
25130,1.1369201
25131,1.2490537
25132,0.16177413
25133,0.15043211
25134,1.7967652
25135,0.098270014
25136,0.17130092
25137,2.0472636
25138,1.3260964
25139,1.0490104
25140,1.2632722
25141,0.20005885
25142,0.3957747
25143,1.0300113
25144,0.842999
25145,0.68261546
25146,0.4704766
25147,0.47214422
25148,0.1885159
25149,0.22525188
25150,0.5732238
25151,0.97630966
25152,2.0048249
25153,0.12956476
25154,0.7901304
25155,0.20549466
25156,0.11802572
25157,0.23433137
25158,1.6208271
25159,0.16913
25160,0.14430733
25161,0.21856771
25162,0.93011045
25163,0.30383772
25164,0.9936484
25165,0.102039665
25166,0.1739759
25167,0.37475356
25168,0.31147966
25169,1.1451073
25170,1.1707006
25171,0.19068825
25172,1.1307329
25173,0.38082924
25174,1.4537412
25175,0.20230916
25176,0.9869687
25177,1.2358972
25178,1.1945153
25179,0.5132316
25180,0.24642234
25181,1.5801654
25182,1.2648317
25183,0.5220786
25184,1.1816448
25185,1.0847614
25186,0.7650441
25187,0.15536602
25188,0.7546946
25189,0.7135831
25190,0.22434025
25191,0.7933826
25192,1.1549898
25193,0.36489868
25194,1.1496553
25195,0.72212756
25196,0.23512843
25197,1.0851443
25198,1.1987592
25199,1.0518093
25200,0.88936144
25201,1.2554038
25202,1.2926825
25203,0.3059315
25204,1.9619063
25205,1.0081019
25206,0.17070639
25207,0.61791193
25208,0.98761815
25209,0.2402734
25210,0.7126518
25211,0.09444757
25212,1.0858494
25213,0.3679099
25214,0.8428057
25215,0.44513857
25216,0.083271176
25217,0.43910065
25218,1.0943065
25219,0.39814997
25220,0.72191983
25221,0.16591033
25222,0.5702465
25223,0.8089419
25224,1.3645256
25225,0.5935222
25226,1.4803959
25227,0.12876444
25228,0.35109353
25229,0.97549593
25230,0.32377157
25231,0.10441126
25232,0.10642168
25233,0.381744
25234,0.51148117
25235,0.6650445
25236,1.5536486
25237,0.6425545
25238,1.5896546
25239,0.9840311
25240,1.3312176
25241,0.15661608
25242,0.24767937
25243,1.8132256
25244,0.34027693
25245,0.52874666
25246,1.1033574
25247,0.1493599
25248,1.7878293
25249,0.15595967
25250,0.69889295
25251,1.42389
25252,1.4196472
25253,0.5554113
25254,0.26543847
25255,0.9209543
25256,1.6056787
25257,1.6470248
25258,1.0015845
25259,0.6743349
25260,0.123058304
25261,0.33418098
25262,0.2119538
25263,0.54767627
25264,0.16933158
25265,1.3407739
25266,0.7173494
25267,1.717098
25268,0.09966335
25269,0.7325148
25270,0.16087918
25271,0.13203678
25272,1.5888271
25273,1.3928108
25274,0.464018
25275,1.4278171
25276,0.27409753
25277,1.3663653
25278,0.62600714
25279,0.14310555
25280,0.8957659
25281,1.8323944
25282,1.6331463
25283,1.1538506
25284,1.0007045
25285,0.11296612
25286,0.9624158
25287,0.39016533
25288,1.0585941
25289,0.40929002
25290,0.8659292
25291,1.2989221
25292,0.01420186
25293,0.14659515
25294,0.12258579
25295,0.18062621
25296,1.8856542
25297,1.209897
25298,1.5437211
25299,1.0654125
25300,0.79789567
25301,0.17083466
25302,0.84921986
25303,0.20966798
25304,0.6158394
25305,0.30221814
25306,0.34108365
25307,1.6510011
25308,0.36944947
25309,0.36197248
25310,0.30503577
25311,0.22365478
25312,0.14875285
25313,0.9232243
25314,1.783883
25315,0.79983205
25316,0.33583876
25317,0.6720154
25318,1.0423422
25319,0.29452774
25320,0.31005907
25321,1.9412657
25322,0.23605464
25323,1.1591316
25324,0.39654312
25325,0.4534431
25326,0.46866557
25327,0.21748498
25328,0.09678981
25329,0.19845474
25330,0.5311616
25331,0.33616716
25332,0.6802648
25333,0.5024655
25334,0.39562494
25335,1.1275367
25336,0.42222834
25337,0.70851976
25338,0.17122711
25339,1.44211
25340,0.14143
25341,1.4415874
25342,0.1450984
25343,0.14640293
25344,0.9673563
25345,1.6555226
25346,0.86234325
25347,1.1744872
25348,0.42411166
25349,1.2655519
25350,1.4461253
25351,0.36624193
25352,0.046788193
25353,0.7855665
25354,0.35427764
25355,0.8137263
25356,0.29579777
25357,0.1470107
25358,0.9389244
25359,0.5813719
25360,1.6666174
25361,1.385042
25362,0.39410138
25363,1.4588115
25364,0.76318926
25365,0.52483284
25366,0.14718847
25367,1.0000293
25368,0.21720205
25369,0.32317814
25370,0.29659116
25371,0.36682925
25372,0.49497458
25373,1.477664
25374,0.07299459
25375,1.305925
25376,0.88929766
25377,1.3170648
25378,0.44767317
25379,0.5283252
25380,1.187798
25381,0.26559916
25382,0.8419805
25383,2.009434
25384,1.3662766
25385,0.14992951
25386,1.455411
25387,1.7514206
25388,0.24842797
25389,0.4233514
25390,0.18546611
25391,0.17649426
25392,0.66336864
25393,1.2904885
25394,0.3644754
25395,1.0279202
25396,1.0083474
25397,1.0586034
25398,0.10789128
25399,1.0517733
25400,0.6806031
25401,1.4405274
25402,0.89562356
25403,1.0133318
25404,0.36716986
25405,2.0849907
25406,0.7117043
25407,0.23155634
25408,0.23877576
25409,0.47586495
25410,1.4084398
25411,0.43494967
25412,0.8083496
25413,1.5474529
25414,0.31834015
25415,1.3152978
25416,0.31393698
25417,0.29760236
25418,0.1635256
25419,1.0024887
25420,1.041465
25421,1.168811
25422,0.41529036
25423,0.07689048
25424,1.6476063
25425,0.84005696
25426,1.2891426
25427,1.5665132
25428,1.6850134
25429,1.3503733
25430,1.8376483
25431,0.76117736
25432,0.18504344
25433,0.3502147
25434,0.79004407
25435,1.1228713
25436,0.9401497
25437,1.2506922
25438,0.56994706
25439,0.50262076
25440,0.87765175
25441,0.113335535
25442,0.37871146
25443,0.48131487
25444,0.16898751
25445,1.6762174
25446,0.209196
25447,0.8195599
25448,0.6429424
25449,0.2647082
25450,0.5954207
25451,1.4823768
25452,0.15825687
25453,1.3279943
25454,0.0724345
25455,0.32144514
25456,0.35231474
25457,1.4692056
25458,0.39858767
25459,0.42047614
25460,0.19584696
25461,1.123391
25462,0.15431662
25463,0.6709945
25464,0.857735
25465,0.28995964
25466,1.1653404
25467,0.3019418
25468,1.7328562
25469,0.38097334
25470,0.5048443
25471,1.5700939
25472,0.21397242
25473,0.3136165
25474,0.23313214
25475,1.3662407
25476,0.14961173
25477,1.3843886
25478,0.17921035
25479,0.18853672
25480,1.5533195
25481,0.58435696
25482,0.6615083
25483,1.9162806
25484,0.107314855
25485,1.5605226
25486,1.3750963
25487,1.5078151
25488,0.4133892
25489,0.55985546
25490,0.25450724
25491,0.85440433
25492,1.3684099
25493,0.18667832
25494,0.33425218
25495,0.66543615
25496,0.8741202
25497,1.4207085
25498,0.59966964
25499,0.47918013
25500,0.16653755
25501,0.2075943
25502,1.455037
25503,1.6056787
25504,0.49462822
25505,1.2493562
25506,1.3444235
25507,1.3558123
25508,0.28824893
25509,0.41412273
25510,0.97396964
25511,1.2490537
25512,0.98049283
25513,1.050277
25514,0.70823604
25515,0.43069524
25516,0.7530766
25517,0.37283245
25518,0.34671026
25519,1.2600307
25520,0.84572184
25521,0.15420537
25522,0.82887703
25523,0.5174274
25524,1.8139973
25525,0.29518852
25526,0.66354877
25527,0.17091013
25528,0.1568973
25529,0.22953102
25530,0.14443193
25531,0.23639554
25532,1.0669928
25533,0.31517896
25534,0.79683465
25535,0.9136679
25536,1.2490537
25537,0.20173419
25538,1.0020732
25539,0.370129
25540,0.15982732
25541,1.1937058
25542,0.22770773
25543,1.2290466
25544,0.8860035
25545,0.18869852
25546,0.74856067
25547,1.1410495
25548,0.49720567
25549,1.4831783
25550,0.33328202
25551,1.8383439
25552,0.2957058
25553,0.055595413
25554,0.15569322
25555,0.5619961
25556,1.8690034
25557,0.7927901
25558,0.62746143
25559,0.60682726
25560,0.15997419
25561,1.556925
25562,1.1093909
25563,0.21862622
25564,0.3088711
25565,0.6610058
25566,1.46095
25567,0.15451361
25568,2.0245566
25569,1.9256244
25570,1.4303839
25571,0.47604555
25572,1.4060053
25573,1.3475486
25574,0.35194415
25575,0.62307644
25576,0.8987071
25577,0.75908065
25578,0.15441148
25579,0.78836346
25580,0.34931442
25581,1.4775715
25582,0.1189457
25583,0.7276086
25584,1.2305115
25585,0.4066996
25586,0.3152868
25587,1.4194039
25588,0.19325982
25589,0.17696744
25590,0.379693
25591,1.2489918
25592,0.42589945
25593,0.15729481
25594,0.14537458
25595,1.050277
25596,0.07629572
25597,1.0473871
25598,0.73144823
25599,0.31563443
25600,0.77852327
25601,0.68749785
25602,0.13288818
25603,1.1597334
25604,0.3365455
25605,0.31635997
25606,0.09889415
25607,0.15484206
25608,1.004537
25609,1.5521289
25610,0.2575481
25611,1.2659247
25612,0.5796975
25613,0.81379706
25614,1.1736103
25615,0.61161405
25616,0.5468074
25617,0.6499762
25618,0.8810183
25619,0.25849128
25620,1.5567452
25621,0.59925795
25622,0.87214977
25623,1.293934
25624,0.6949403
25625,1.1639555
25626,1.4674273
25627,1.6945317
25628,0.53393435
25629,0.46212655
25630,1.4277692
25631,0.78717965
25632,1.5691338
25633,1.860234
25634,0.7784069
25635,1.2879453
25636,0.20688769
25637,0.44759515
25638,0.7070457
25639,1.1995379
25640,0.8262782
25641,0.4325354
25642,0.20792188
25643,0.31396362
25644,0.34778142
25645,0.4283501
25646,0.23147222
25647,0.20256601
25648,0.2030141
25649,0.78194207
25650,0.56354916
25651,0.5617316
25652,0.31112832
25653,1.2451108
25654,0.37660897
25655,1.04845
25656,1.5748919
25657,0.1685187
25658,1.2126478
25659,0.077319026
25660,0.31675902
25661,0.069249585
25662,2.3085742
25663,0.7942825
25664,0.17359522
25665,0.23369144
25666,1.1118379
25667,0.19036435
25668,0.17960617
25669,0.27162254
25670,0.13953091
25671,0.6700865
25672,1.1222194
25673,0.6284517
25674,0.16859132
25675,0.11919907
25676,0.300495
25677,0.65223986
25678,1.5817422
25679,0.43551615
25680,0.38539892
25681,1.3987912
25682,1.2979212
25683,0.21448104
25684,0.62719315
25685,1.4416482
25686,1.4798536
25687,0.6404341
25688,1.7138089
25689,0.09127322
25690,0.2811441
25691,0.4294417
25692,0.43625382
25693,0.54102325
25694,1.5801145
25695,1.4139786
25696,0.18527474
25697,1.8408747
25698,0.100058496
25699,1.7484696
25700,1.5360404
25701,0.3743316
25702,1.2999426
25703,0.23413825
25704,0.12015402
25705,0.8197388
25706,1.9253651
25707,0.31045142
25708,1.1572803
25709,1.058029
25710,0.5961984
25711,1.129267
25712,1.824979
25713,0.49037975
25714,1.6776354
25715,0.79574835
25716,0.45567176
25717,0.68707854
25718,1.3766716
25719,0.2971872
25720,0.72807074
25721,0.24003544
25722,0.30460402
25723,0.3229685
25724,1.1104075
25725,0.9299159
25726,1.1338034
25727,0.15320021
25728,0.31096283
25729,0.35666624
25730,0.42691666
25731,0.45126116
25732,1.1551073
25733,0.15130073
25734,1.0523164
25735,0.2858682
25736,0.026342858
25737,0.6752562
25738,0.22105886
25739,0.3708094
25740,1.2561681
25741,0.30007342
25742,0.29420546
25743,1.8125997
25744,0.3328677
25745,0.55582756
25746,0.1541799
25747,1.2633101
25748,0.2921736
25749,0.39054677
25750,0.7357918
25751,1.4528039
25752,0.42731702
25753,1.7094786
25754,0.21962121
25755,0.77149206
25756,1.5452263
25757,0.3297214
25758,0.13487554
25759,0.53202134
25760,0.115798816
25761,1.4273101
25762,2.0117579
25763,1.3732316
25764,1.1097931
25765,0.19495812
25766,0.42410144
25767,1.351074
25768,1.6144061
25769,0.9897493
25770,0.34279406
25771,0.44847482
25772,0.6259726
25773,0.328599
25774,0.28667328
25775,0.16227926
25776,0.33313146
25777,0.40852177
25778,0.15826589
25779,0.092287436
25780,0.61679304
25781,0.17594945
25782,1.4835348
25783,1.0821711
25784,0.2284381
25785,0.32840645
25786,0.28136894
25787,1.5624586
25788,1.2940906
25789,1.2688048
25790,0.4109786
25791,1.243802
25792,0.0736952
25793,0.7427046
25794,0.24463518
25795,0.4057727
25796,0.13034645
25797,1.2357441
25798,0.15846342
25799,1.4089172
25800,0.75604373
25801,0.2403034
25802,0.7445799
25803,0.83985543
25804,0.1573675
25805,0.20637594
25806,0.7287022
25807,1.3218553
25808,0.9289211
25809,0.14763448
25810,1.0713152
25811,0.84028333
25812,0.3493535
25813,0.2004438
25814,1.4940732
25815,1.2490537
25816,0.29225242
25817,1.1577927
25818,1.460105
25819,0.6891819
25820,1.2761384
25821,0.32437775
25822,1.56271
25823,0.18924206
25824,1.138461
25825,1.002326
25826,0.8840572
25827,0.38345492
25828,0.4072385
25829,0.099062175
25830,0.54989
25831,0.94153273
25832,0.31703338
25833,0.25914213
25834,0.29201207
25835,0.27586505
25836,0.8192526
25837,0.4138178
25838,0.13968892
25839,0.13887002
25840,0.060047705
25841,0.34700903
25842,0.87917775
25843,0.95551294
25844,1.6071444
25845,0.56494105
25846,1.32592
25847,0.104844004
25848,0.19868335
25849,1.8656327
25850,0.8168049
25851,0.13946952
25852,0.1547222
25853,1.3046888
25854,0.64977276
25855,0.54368865
25856,0.4466186
25857,0.38953468
25858,0.4710467
25859,0.5218412
25860,0.17706181
25861,0.94226193
25862,0.20998417
25863,1.2625743
25864,0.34588575
25865,0.39220154
25866,0.50509256
25867,1.5040237
25868,0.36794102
25869,1.4067161
25870,0.24341513
25871,1.7036806
25872,0.33141175
25873,0.29349592
25874,0.40382376
25875,0.679651
25876,0.12602684
25877,0.17094457
25878,0.33038798
25879,0.9298303
25880,0.39409462
25881,0.16231881
25882,0.20728968
25883,0.2580777
25884,0.53348964
25885,1.4334328
25886,0.38278553
25887,0.52462757
25888,1.0927652
25889,0.74591565
25890,1.2768923
25891,1.1411916
25892,1.2490537
25893,0.24967785
25894,0.45246905
25895,1.4302908
25896,1.2127746
25897,0.45139447
25898,2.279959
25899,0.8064467
25900,0.7535054
25901,0.16204879
25902,0.34344465
25903,0.95806557
25904,0.9680807
25905,0.8442225
25906,0.575233
25907,0.6059146
25908,0.7463334
25909,1.3744158
25910,0.25027534
25911,0.18710026
25912,0.7939739
25913,0.45163795
25914,0.16582583
25915,1.4472879
25916,1.4103379
25917,0.85444665
25918,0.90803564
25919,1.1761389
25920,0.8926884
25921,1.3417542
25922,0.60226434
25923,1.4671894
25924,0.074432835
25925,0.3318856
25926,0.25204128
25927,1.0485398
25928,0.26201442
25929,1.8787471
25930,0.5070644
25931,0.4765353
25932,0.47042426
25933,0.220303
25934,1.6776755
25935,1.3698763
25936,0.77545714
25937,1.569149
25938,0.4412023
25939,0.4804793
25940,0.5289928
25941,1.6366451
25942,0.42243773
25943,1.074548
25944,0.96962225
25945,0.93034303
25946,1.3720849
25947,1.5664086
25948,0.11477794
25949,0.2057883
25950,1.1103151
25951,1.7070881
25952,1.7561845
25953,0.09571299
25954,0.9904521
25955,0.075618744
25956,0.35534576
25957,0.21104567
25958,0.7769368
25959,0.156707
25960,0.19586818
25961,0.9777106
25962,0.8267565
25963,0.63880557
25964,0.4489647
25965,0.39947084
25966,0.3379571
25967,1.8532591
25968,0.42617965
25969,0.5374313
25970,1.4677929
25971,0.13521835
25972,0.64876634
25973,0.45038128
25974,0.5222874
25975,0.12100698
25976,0.08526245
25977,0.110008165
25978,0.13587174
25979,0.14061965
25980,0.7047716
25981,0.7629333
25982,0.16280471
25983,0.19710895
25984,0.055138074
25985,0.20957306
25986,0.3216261
25987,0.4617089
25988,0.78529286
25989,1.4702139
25990,0.104383975
25991,0.45991352
25992,0.9374055
25993,0.6647879
25994,0.7398578
25995,0.5334187
25996,0.17589247
25997,0.42765743
25998,1.3430012
25999,0.6560797
